序号,回测期号,回测方法,回测期数,回测结果排名,回测结果值,下期期号,下期前区开奖号,是否正确,正确的球,正确率
1,26055,最新一期两球组合,50,第1名,12,26056,,否,,0%
2,26055,最新一期两球组合,50,最后1名,26 16,26056,,否,,0%
3,26055,倒数2期两球组合,50,第1名,9,26056,,否,,0%
4,26055,倒数2期两球组合,50,最后1名,24,26056,,否,,0%
5,26055,倒数3期两球组合,50,第1名,20,26056,,否,,0%
6,26055,倒数3期两球组合,50,最后1名,15,26056,,否,,0%
7,26055,倒数4期两球组合,50,第1名,6,26056,,否,,0%
8,26055,倒数4期两球组合,50,最后1名,28 17,26056,,否,,0%
9,26055,倒数5期两球组合,50,第1名,19,26056,,否,,0%
10,26055,倒数5期两球组合,50,最后1名,31,26056,,否,,0%
11,26055,最新一期两球组合,30,第1名,12,26056,,否,,0%
12,26055,最新一期两球组合,30,最后1名,15 16,26056,,否,,0%
13,26055,倒数2期两球组合,30,第1名,28,26056,,否,,0%
14,26055,倒数2期两球组合,30,最后1名,30 18,26056,,否,,0%
15,26055,倒数3期两球组合,30,第1名,33,26056,,否,,0%
16,26055,倒数3期两球组合,30,最后1名,15,26056,,否,,0%
17,26055,倒数4期两球组合,30,第1名,35,26056,,否,,0%
18,26055,倒数4期两球组合,30,最后1名,13 17,26056,,否,,0%
19,26055,倒数5期两球组合,30,第1名,33,26056,,否,,0%
20,26055,倒数5期两球组合,30,最后1名,31,26056,,否,,0%
21,26055,最新一期两球组合,20,第1名,24,26056,,否,,0%
22,26055,最新一期两球组合,20,最后1名,21 5,26056,,否,,0%
23,26055,倒数2期两球组合,20,第1名,33,26056,,否,,0%
24,26055,倒数2期两球组合,20,最后1名,27,26056,,否,,0%
25,26055,倒数3期两球组合,20,第1名,10,26056,,否,,0%
26,26055,倒数3期两球组合,20,最后1名,15,26056,,否,,0%
27,26055,倒数4期两球组合,20,第1名,35,26056,,否,,0%
28,26055,倒数4期两球组合,20,最后1名,17,26056,,否,,0%
29,26055,倒数5期两球组合,20,第1名,15,26056,,否,,0%
30,26055,倒数5期两球组合,20,最后1名,26 31,26056,,否,,0%
31,26055,最新一期两球组合,10,第1名,24,26056,,否,,0%
32,26055,最新一期两球组合,10,最后1名,1,26056,,否,,0%
33,26055,倒数2期两球组合,10,第1名,9,26056,,否,,0%
34,26055,倒数2期两球组合,10,最后1名,28 24 18 13,26056,,否,,0%
35,26055,倒数3期两球组合,10,第1名,35,26056,,否,,0%
36,26055,倒数3期两球组合,10,最后1名,32 15,26056,,否,,0%
37,26055,倒数4期两球组合,10,第1名,10,26056,,否,,0%
38,26055,倒数4期两球组合,10,最后1名,34,26056,,否,,0%
39,26055,倒数5期两球组合,10,第1名,11,26056,,否,,0%
40,26055,倒数5期两球组合,10,最后1名,1,26056,,否,,0%
41,26054,最新一期两球组合,50,第1名,16,26055,9 35 20 33 10,否,,0%
42,26054,最新一期两球组合,50,最后1名,34,26055,9 35 20 33 10,否,,0%
43,26054,倒数2期两球组合,50,第1名,2,26055,9 35 20 33 10,否,,0%
44,26054,倒数2期两球组合,50,最后1名,20,26055,9 35 20 33 10,是,20,100.0%
45,26054,倒数3期两球组合,50,第1名,2,26055,9 35 20 33 10,否,,0%
46,26054,倒数3期两球组合,50,最后1名,3,26055,9 35 20 33 10,否,,0%
47,26054,倒数4期两球组合,50,第1名,2,26055,9 35 20 33 10,否,,0%
48,26054,倒数4期两球组合,50,最后1名,18 21,26055,9 35 20 33 10,否,,0%
49,26054,倒数5期两球组合,50,第1名,24,26055,9 35 20 33 10,否,,0%
50,26054,倒数5期两球组合,50,最后1名,3,26055,9 35 20 33 10,否,,0%
51,26054,最新一期两球组合,30,第1名,35,26055,9 35 20 33 10,是,35,100.0%
52,26054,最新一期两球组合,30,最后1名,10 4,26055,9 35 20 33 10,是,10,50.0%
53,26054,倒数2期两球组合,30,第1名,24,26055,9 35 20 33 10,否,,0%
54,26054,倒数2期两球组合,30,最后1名,15 25 23,26055,9 35 20 33 10,否,,0%
55,26054,倒数3期两球组合,30,第1名,30,26055,9 35 20 33 10,否,,0%
56,26054,倒数3期两球组合,30,最后1名,18,26055,9 35 20 33 10,否,,0%
57,26054,倒数4期两球组合,30,第1名,22,26055,9 35 20 33 10,否,,0%
58,26054,倒数4期两球组合,30,最后1名,21,26055,9 35 20 33 10,否,,0%
59,26054,倒数5期两球组合,30,第1名,24,26055,9 35 20 33 10,否,,0%
60,26054,倒数5期两球组合,30,最后1名,33,26055,9 35 20 33 10,是,33,100.0%
61,26054,最新一期两球组合,20,第1名,16,26055,9 35 20 33 10,否,,0%
62,26054,最新一期两球组合,20,最后1名,20 15,26055,9 35 20 33 10,是,20,50.0%
63,26054,倒数2期两球组合,20,第1名,14,26055,9 35 20 33 10,否,,0%
64,26054,倒数2期两球组合,20,最后1名,35 25,26055,9 35 20 33 10,是,35,50.0%
65,26054,倒数3期两球组合,20,第1名,2,26055,9 35 20 33 10,否,,0%
66,26054,倒数3期两球组合,20,最后1名,18,26055,9 35 20 33 10,否,,0%
67,26054,倒数4期两球组合,20,第1名,26,26055,9 35 20 33 10,否,,0%
68,26054,倒数4期两球组合,20,最后1名,18 21,26055,9 35 20 33 10,否,,0%
69,26054,倒数5期两球组合,20,第1名,24,26055,9 35 20 33 10,否,,0%
70,26054,倒数5期两球组合,20,最后1名,30 25,26055,9 35 20 33 10,否,,0%
71,26054,最新一期两球组合,10,第1名,31,26055,9 35 20 33 10,否,,0%
72,26054,最新一期两球组合,10,最后1名,20 29,26055,9 35 20 33 10,是,20,50.0%
73,26054,倒数2期两球组合,10,第1名,22,26055,9 35 20 33 10,否,,0%
74,26054,倒数2期两球组合,10,最后1名,1,26055,9 35 20 33 10,否,,0%
75,26054,倒数3期两球组合,10,第1名,2,26055,9 35 20 33 10,否,,0%
76,26054,倒数3期两球组合,10,最后1名,18,26055,9 35 20 33 10,否,,0%
77,26054,倒数4期两球组合,10,第1名,14,26055,9 35 20 33 10,否,,0%
78,26054,倒数4期两球组合,10,最后1名,21,26055,9 35 20 33 10,否,,0%
79,26054,倒数5期两球组合,10,第1名,24,26055,9 35 20 33 10,否,,0%
80,26054,倒数5期两球组合,10,最后1名,3 20 31 12 25,26055,9 35 20 33 10,是,20,20.0%
81,26053,最新一期两球组合,50,第1名,9,26054,24 14 6 2 22,否,,0%
82,26053,最新一期两球组合,50,最后1名,35,26054,24 14 6 2 22,否,,0%
83,26053,倒数2期两球组合,50,第1名,20,26054,24 14 6 2 22,否,,0%
84,26053,倒数2期两球组合,50,最后1名,3 12,26054,24 14 6 2 22,否,,0%
85,26053,倒数3期两球组合,50,第1名,14,26054,24 14 6 2 22,是,14,100.0%
86,26053,倒数3期两球组合,50,最后1名,34 21 28,26054,24 14 6 2 22,否,,0%
87,26053,倒数4期两球组合,50,第1名,31,26054,24 14 6 2 22,否,,0%
88,26053,倒数4期两球组合,50,最后1名,3 12,26054,24 14 6 2 22,否,,0%
89,26053,倒数5期两球组合,50,第1名,14,26054,24 14 6 2 22,是,14,100.0%
90,26053,倒数5期两球组合,50,最后1名,29 4,26054,24 14 6 2 22,否,,0%
91,26053,最新一期两球组合,30,第1名,4,26054,24 14 6 2 22,否,,0%
92,26053,最新一期两球组合,30,最后1名,27 26,26054,24 14 6 2 22,否,,0%
93,26053,倒数2期两球组合,30,第1名,2,26054,24 14 6 2 22,是,2,100.0%
94,26053,倒数2期两球组合,30,最后1名,34 23 24 10 13,26054,24 14 6 2 22,是,24,20.0%
95,26053,倒数3期两球组合,30,第1名,14,26054,24 14 6 2 22,是,14,100.0%
96,26053,倒数3期两球组合,30,最后1名,19,26054,24 14 6 2 22,否,,0%
97,26053,倒数4期两球组合,30,第1名,2,26054,24 14 6 2 22,是,2,100.0%
98,26053,倒数4期两球组合,30,最后1名,3 13 12,26054,24 14 6 2 22,否,,0%
99,26053,倒数5期两球组合,30,第1名,11,26054,24 14 6 2 22,否,,0%
100,26053,倒数5期两球组合,30,最后1名,4,26054,24 14 6 2 22,否,,0%
101,26053,最新一期两球组合,20,第1名,4,26054,24 14 6 2 22,否,,0%
102,26053,最新一期两球组合,20,最后1名,23,26054,24 14 6 2 22,否,,0%
103,26053,倒数2期两球组合,20,第1名,30,26054,24 14 6 2 22,否,,0%
104,26053,倒数2期两球组合,20,最后1名,17,26054,24 14 6 2 22,否,,0%
105,26053,倒数3期两球组合,20,第1名,12,26054,24 14 6 2 22,否,,0%
106,26053,倒数3期两球组合,20,最后1名,19,26054,24 14 6 2 22,否,,0%
107,26053,倒数4期两球组合,20,第1名,2,26054,24 14 6 2 22,是,2,100.0%
108,26053,倒数4期两球组合,20,最后1名,3 4 12,26054,24 14 6 2 22,否,,0%
109,26053,倒数5期两球组合,20,第1名,11,26054,24 14 6 2 22,否,,0%
110,26053,倒数5期两球组合,20,最后1名,23,26054,24 14 6 2 22,否,,0%
111,26053,最新一期两球组合,10,第1名,28,26054,24 14 6 2 22,否,,0%
112,26053,最新一期两球组合,10,最后1名,34 26,26054,24 14 6 2 22,否,,0%
113,26053,倒数2期两球组合,10,第1名,20,26054,24 14 6 2 22,否,,0%
114,26053,倒数2期两球组合,10,最后1名,16 12 13,26054,24 14 6 2 22,否,,0%
115,26053,倒数3期两球组合,10,第1名,2,26054,24 14 6 2 22,是,2,100.0%
116,26053,倒数3期两球组合,10,最后1名,12 27,26054,24 14 6 2 22,否,,0%
117,26053,倒数4期两球组合,10,第1名,20,26054,24 14 6 2 22,否,,0%
118,26053,倒数4期两球组合,10,最后1名,3 12,26054,24 14 6 2 22,否,,0%
119,26053,倒数5期两球组合,10,第1名,11,26054,24 14 6 2 22,否,,0%
120,26053,倒数5期两球组合,10,最后1名,1 5,26054,24 14 6 2 22,否,,0%
121,26052,最新一期两球组合,50,第1名,34,26053,9 31 14 2 20,否,,0%
122,26052,最新一期两球组合,50,最后1名,19,26053,9 31 14 2 20,否,,0%
123,26052,倒数2期两球组合,50,第1名,3,26053,9 31 14 2 20,否,,0%
124,26052,倒数2期两球组合,50,最后1名,8,26053,9 31 14 2 20,否,,0%
125,26052,倒数3期两球组合,50,第1名,4,26053,9 31 14 2 20,否,,0%
126,26052,倒数3期两球组合,50,最后1名,34,26053,9 31 14 2 20,否,,0%
127,26052,倒数4期两球组合,50,第1名,3,26053,9 31 14 2 20,否,,0%
128,26052,倒数4期两球组合,50,最后1名,10,26053,9 31 14 2 20,否,,0%
129,26052,倒数5期两球组合,50,第1名,18,26053,9 31 14 2 20,否,,0%
130,26052,倒数5期两球组合,50,最后1名,13,26053,9 31 14 2 20,否,,0%
131,26052,最新一期两球组合,30,第1名,21,26053,9 31 14 2 20,否,,0%
132,26052,最新一期两球组合,30,最后1名,33,26053,9 31 14 2 20,否,,0%
133,26052,倒数2期两球组合,30,第1名,20,26053,9 31 14 2 20,是,20,100.0%
134,26052,倒数2期两球组合,30,最后1名,8 15,26053,9 31 14 2 20,否,,0%
135,26052,倒数3期两球组合,30,第1名,6,26053,9 31 14 2 20,否,,0%
136,26052,倒数3期两球组合,30,最后1名,34,26053,9 31 14 2 20,否,,0%
137,26052,倒数4期两球组合,30,第1名,6,26053,9 31 14 2 20,否,,0%
138,26052,倒数4期两球组合,30,最后1名,18 32 27,26053,9 31 14 2 20,否,,0%
139,26052,倒数5期两球组合,30,第1名,32,26053,9 31 14 2 20,否,,0%
140,26052,倒数5期两球组合,30,最后1名,13,26053,9 31 14 2 20,否,,0%
141,26052,最新一期两球组合,20,第1名,33,26053,9 31 14 2 20,否,,0%
142,26052,最新一期两球组合,20,最后1名,4,26053,9 31 14 2 20,否,,0%
143,26052,倒数2期两球组合,20,第1名,3,26053,9 31 14 2 20,否,,0%
144,26052,倒数2期两球组合,20,最后1名,15,26053,9 31 14 2 20,否,,0%
145,26052,倒数3期两球组合,20,第1名,2,26053,9 31 14 2 20,是,2,100.0%
146,26052,倒数3期两球组合,20,最后1名,34,26053,9 31 14 2 20,否,,0%
147,26052,倒数4期两球组合,20,第1名,6,26053,9 31 14 2 20,否,,0%
148,26052,倒数4期两球组合,20,最后1名,4 13 16,26053,9 31 14 2 20,否,,0%
149,26052,倒数5期两球组合,20,第1名,32,26053,9 31 14 2 20,否,,0%
150,26052,倒数5期两球组合,20,最后1名,22,26053,9 31 14 2 20,否,,0%
151,26052,最新一期两球组合,10,第1名,21,26053,9 31 14 2 20,否,,0%
152,26052,最新一期两球组合,10,最后1名,7 4 29,26053,9 31 14 2 20,否,,0%
153,26052,倒数2期两球组合,10,第1名,3,26053,9 31 14 2 20,否,,0%
154,26052,倒数2期两球组合,10,最后1名,7,26053,9 31 14 2 20,否,,0%
155,26052,倒数3期两球组合,10,第1名,2,26053,9 31 14 2 20,是,2,100.0%
156,26052,倒数3期两球组合,10,最后1名,34,26053,9 31 14 2 20,否,,0%
157,26052,倒数4期两球组合,10,第1名,7,26053,9 31 14 2 20,否,,0%
158,26052,倒数4期两球组合,10,最后1名,4,26053,9 31 14 2 20,否,,0%
159,26052,倒数5期两球组合,10,第1名,32,26053,9 31 14 2 20,否,,0%
160,26052,倒数5期两球组合,10,最后1名,22,26053,9 31 14 2 20,否,,0%
161,26051,最新一期两球组合,50,第1名,25,26052,2 28 33 3 20,否,,0%
162,26051,最新一期两球组合,50,最后1名,10,26052,2 28 33 3 20,否,,0%
163,26051,倒数2期两球组合,50,第1名,33,26052,2 28 33 3 20,是,33,100.0%
164,26051,倒数2期两球组合,50,最后1名,20 26 15,26052,2 28 33 3 20,是,20,33.3%
165,26051,倒数3期两球组合,50,第1名,31,26052,2 28 33 3 20,否,,0%
166,26051,倒数3期两球组合,50,最后1名,13,26052,2 28 33 3 20,否,,0%
167,26051,倒数4期两球组合,50,第1名,31,26052,2 28 33 3 20,否,,0%
168,26051,倒数4期两球组合,50,最后1名,21,26052,2 28 33 3 20,否,,0%
169,26051,倒数5期两球组合,50,第1名,13,26052,2 28 33 3 20,否,,0%
170,26051,倒数5期两球组合,50,最后1名,25 24,26052,2 28 33 3 20,否,,0%
171,26051,最新一期两球组合,30,第1名,12,26052,2 28 33 3 20,否,,0%
172,26051,最新一期两球组合,30,最后1名,15,26052,2 28 33 3 20,否,,0%
173,26051,倒数2期两球组合,30,第1名,32,26052,2 28 33 3 20,否,,0%
174,26051,倒数2期两球组合,30,最后1名,19 26,26052,2 28 33 3 20,否,,0%
175,26051,倒数3期两球组合,30,第1名,27,26052,2 28 33 3 20,否,,0%
176,26051,倒数3期两球组合,30,最后1名,2 4,26052,2 28 33 3 20,是,2,50.0%
177,26051,倒数4期两球组合,30,第1名,33,26052,2 28 33 3 20,是,33,100.0%
178,26051,倒数4期两球组合,30,最后1名,7,26052,2 28 33 3 20,否,,0%
179,26051,倒数5期两球组合,30,第1名,11,26052,2 28 33 3 20,否,,0%
180,26051,倒数5期两球组合,30,最后1名,24,26052,2 28 33 3 20,否,,0%
181,26051,最新一期两球组合,20,第1名,16,26052,2 28 33 3 20,否,,0%
182,26051,最新一期两球组合,20,最后1名,10,26052,2 28 33 3 20,否,,0%
183,26051,倒数2期两球组合,20,第1名,32,26052,2 28 33 3 20,否,,0%
184,26051,倒数2期两球组合,20,最后1名,19 24 11 6 15,26052,2 28 33 3 20,否,,0%
185,26051,倒数3期两球组合,20,第1名,18,26052,2 28 33 3 20,否,,0%
186,26051,倒数3期两球组合,20,最后1名,2 34 10 17,26052,2 28 33 3 20,是,2,25.0%
187,26051,倒数4期两球组合,20,第1名,32,26052,2 28 33 3 20,否,,0%
188,26051,倒数4期两球组合,20,最后1名,2 21,26052,2 28 33 3 20,是,2,50.0%
189,26051,倒数5期两球组合,20,第1名,11,26052,2 28 33 3 20,否,,0%
190,26051,倒数5期两球组合,20,最后1名,27,26052,2 28 33 3 20,否,,0%
191,26051,最新一期两球组合,10,第1名,28,26052,2 28 33 3 20,是,28,100.0%
192,26051,最新一期两球组合,10,最后1名,23 3,26052,2 28 33 3 20,是,3,50.0%
193,26051,倒数2期两球组合,10,第1名,32,26052,2 28 33 3 20,否,,0%
194,26051,倒数2期两球组合,10,最后1名,2 19 23,26052,2 28 33 3 20,是,2,33.3%
195,26051,倒数3期两球组合,10,第1名,33,26052,2 28 33 3 20,是,33,100.0%
196,26051,倒数3期两球组合,10,最后1名,17,26052,2 28 33 3 20,否,,0%
197,26051,倒数4期两球组合,10,第1名,32,26052,2 28 33 3 20,否,,0%
198,26051,倒数4期两球组合,10,最后1名,8,26052,2 28 33 3 20,否,,0%
199,26051,倒数5期两球组合,10,第1名,18,26052,2 28 33 3 20,否,,0%
200,26051,倒数5期两球组合,10,最后1名,25 27 30 19 1 2,26052,2 28 33 3 20,是,2,16.7%
201,26050,最新一期两球组合,50,第1名,26,26051,33 28 13 32 18,否,,0%
202,26050,最新一期两球组合,50,最后1名,25,26051,33 28 13 32 18,否,,0%
203,26050,倒数2期两球组合,50,第1名,33,26051,33 28 13 32 18,是,33,100.0%
204,26050,倒数2期两球组合,50,最后1名,2,26051,33 28 13 32 18,否,,0%
205,26050,倒数3期两球组合,50,第1名,23,26051,33 28 13 32 18,否,,0%
206,26050,倒数3期两球组合,50,最后1名,11,26051,33 28 13 32 18,否,,0%
207,26050,倒数4期两球组合,50,第1名,34,26051,33 28 13 32 18,否,,0%
208,26050,倒数4期两球组合,50,最后1名,15,26051,33 28 13 32 18,否,,0%
209,26050,倒数5期两球组合,50,第1名,10,26051,33 28 13 32 18,否,,0%
210,26050,倒数5期两球组合,50,最后1名,22 21 28,26051,33 28 13 32 18,是,28,33.3%
211,26050,最新一期两球组合,30,第1名,4,26051,33 28 13 32 18,否,,0%
212,26050,最新一期两球组合,30,最后1名,27,26051,33 28 13 32 18,否,,0%
213,26050,倒数2期两球组合,30,第1名,33,26051,33 28 13 32 18,是,33,100.0%
214,26050,倒数2期两球组合,30,最后1名,30,26051,33 28 13 32 18,否,,0%
215,26050,倒数3期两球组合,30,第1名,8,26051,33 28 13 32 18,否,,0%
216,26050,倒数3期两球组合,30,最后1名,18 11,26051,33 28 13 32 18,是,18,50.0%
217,26050,倒数4期两球组合,30,第1名,34,26051,33 28 13 32 18,否,,0%
218,26050,倒数4期两球组合,30,最后1名,25,26051,33 28 13 32 18,否,,0%
219,26050,倒数5期两球组合,30,第1名,23,26051,33 28 13 32 18,否,,0%
220,26050,倒数5期两球组合,30,最后1名,13 8,26051,33 28 13 32 18,是,13,50.0%
221,26050,最新一期两球组合,20,第1名,4,26051,33 28 13 32 18,否,,0%
222,26050,最新一期两球组合,20,最后1名,25,26051,33 28 13 32 18,否,,0%
223,26050,倒数2期两球组合,20,第1名,33,26051,33 28 13 32 18,是,33,100.0%
224,26050,倒数2期两球组合,20,最后1名,34 4 24,26051,33 28 13 32 18,否,,0%
225,26050,倒数3期两球组合,20,第1名,10,26051,33 28 13 32 18,否,,0%
226,26050,倒数3期两球组合,20,最后1名,11,26051,33 28 13 32 18,否,,0%
227,26050,倒数4期两球组合,20,第1名,33,26051,33 28 13 32 18,是,33,100.0%
228,26050,倒数4期两球组合,20,最后1名,25,26051,33 28 13 32 18,否,,0%
229,26050,倒数5期两球组合,20,第1名,10,26051,33 28 13 32 18,否,,0%
230,26050,倒数5期两球组合,20,最后1名,12,26051,33 28 13 32 18,否,,0%
231,26050,最新一期两球组合,10,第1名,30,26051,33 28 13 32 18,否,,0%
232,26050,最新一期两球组合,10,最后1名,25 3,26051,33 28 13 32 18,否,,0%
233,26050,倒数2期两球组合,10,第1名,33,26051,33 28 13 32 18,是,33,100.0%
234,26050,倒数2期两球组合,10,最后1名,13,26051,33 28 13 32 18,是,13,100.0%
235,26050,倒数3期两球组合,10,第1名,10,26051,33 28 13 32 18,否,,0%
236,26050,倒数3期两球组合,10,最后1名,19 32,26051,33 28 13 32 18,是,32,50.0%
237,26050,倒数4期两球组合,10,第1名,33,26051,33 28 13 32 18,是,33,100.0%
238,26050,倒数4期两球组合,10,最后1名,31 22 13 8 25,26051,33 28 13 32 18,是,13,20.0%
239,26050,倒数5期两球组合,10,第1名,10,26051,33 28 13 32 18,否,,0%
240,26050,倒数5期两球组合,10,最后1名,20 7 12 3 24 13,26051,33 28 13 32 18,是,13,16.7%
241,26049,最新一期两球组合,50,第1名,24,26050,6 23 10 33 14,否,,0%
242,26049,最新一期两球组合,50,最后1名,23,26050,6 23 10 33 14,是,23,100.0%
243,26049,倒数2期两球组合,50,第1名,25,26050,6 23 10 33 14,否,,0%
244,26049,倒数2期两球组合,50,最后1名,32,26050,6 23 10 33 14,否,,0%
245,26049,倒数3期两球组合,50,第1名,1,26050,6 23 10 33 14,否,,0%
246,26049,倒数3期两球组合,50,最后1名,27,26050,6 23 10 33 14,否,,0%
247,26049,倒数4期两球组合,50,第1名,26,26050,6 23 10 33 14,否,,0%
248,26049,倒数4期两球组合,50,最后1名,29,26050,6 23 10 33 14,否,,0%
249,26049,倒数5期两球组合,50,第1名,15,26050,6 23 10 33 14,否,,0%
250,26049,倒数5期两球组合,50,最后1名,31,26050,6 23 10 33 14,否,,0%
251,26049,最新一期两球组合,30,第1名,10,26050,6 23 10 33 14,是,10,100.0%
252,26049,最新一期两球组合,30,最后1名,13,26050,6 23 10 33 14,否,,0%
253,26049,倒数2期两球组合,30,第1名,14,26050,6 23 10 33 14,是,14,100.0%
254,26049,倒数2期两球组合,30,最后1名,5 10,26050,6 23 10 33 14,是,10,50.0%
255,26049,倒数3期两球组合,30,第1名,1,26050,6 23 10 33 14,否,,0%
256,26049,倒数3期两球组合,30,最后1名,27,26050,6 23 10 33 14,否,,0%
257,26049,倒数4期两球组合,30,第1名,34,26050,6 23 10 33 14,否,,0%
258,26049,倒数4期两球组合,30,最后1名,7,26050,6 23 10 33 14,否,,0%
259,26049,倒数5期两球组合,30,第1名,14,26050,6 23 10 33 14,是,14,100.0%
260,26049,倒数5期两球组合,30,最后1名,31,26050,6 23 10 33 14,否,,0%
261,26049,最新一期两球组合,20,第1名,21,26050,6 23 10 33 14,否,,0%
262,26049,最新一期两球组合,20,最后1名,6 31 8 13 12,26050,6 23 10 33 14,是,6,20.0%
263,26049,倒数2期两球组合,20,第1名,6,26050,6 23 10 33 14,是,6,100.0%
264,26049,倒数2期两球组合,20,最后1名,31,26050,6 23 10 33 14,否,,0%
265,26049,倒数3期两球组合,20,第1名,6,26050,6 23 10 33 14,是,6,100.0%
266,26049,倒数3期两球组合,20,最后1名,27,26050,6 23 10 33 14,否,,0%
267,26049,倒数4期两球组合,20,第1名,14,26050,6 23 10 33 14,是,14,100.0%
268,26049,倒数4期两球组合,20,最后1名,32,26050,6 23 10 33 14,否,,0%
269,26049,倒数5期两球组合,20,第1名,15,26050,6 23 10 33 14,否,,0%
270,26049,倒数5期两球组合,20,最后1名,8 3 22,26050,6 23 10 33 14,否,,0%
271,26049,最新一期两球组合,10,第1名,10,26050,6 23 10 33 14,是,10,100.0%
272,26049,最新一期两球组合,10,最后1名,25 13,26050,6 23 10 33 14,否,,0%
273,26049,倒数2期两球组合,10,第1名,6,26050,6 23 10 33 14,是,6,100.0%
274,26049,倒数2期两球组合,10,最后1名,32 25 31 13,26050,6 23 10 33 14,否,,0%
275,26049,倒数3期两球组合,10,第1名,6,26050,6 23 10 33 14,是,6,100.0%
276,26049,倒数3期两球组合,10,最后1名,27,26050,6 23 10 33 14,否,,0%
277,26049,倒数4期两球组合,10,第1名,1,26050,6 23 10 33 14,否,,0%
278,26049,倒数4期两球组合,10,最后1名,5,26050,6 23 10 33 14,否,,0%
279,26049,倒数5期两球组合,10,第1名,15,26050,6 23 10 33 14,否,,0%
280,26049,倒数5期两球组合,10,最后1名,7 20 3 22 8 24,26050,6 23 10 33 14,否,,0%
281,26048,最新一期两球组合,50,第1名,20,26049,1 15 6 17 14,否,,0%
282,26048,最新一期两球组合,50,最后1名,15,26049,1 15 6 17 14,是,15,100.0%
283,26048,倒数2期两球组合,50,第1名,12,26049,1 15 6 17 14,否,,0%
284,26048,倒数2期两球组合,50,最后1名,28,26049,1 15 6 17 14,否,,0%
285,26048,倒数3期两球组合,50,第1名,23,26049,1 15 6 17 14,否,,0%
286,26048,倒数3期两球组合,50,最后1名,13,26049,1 15 6 17 14,否,,0%
287,26048,倒数4期两球组合,50,第1名,30,26049,1 15 6 17 14,否,,0%
288,26048,倒数4期两球组合,50,最后1名,22 4,26049,1 15 6 17 14,否,,0%
289,26048,倒数5期两球组合,50,第1名,11,26049,1 15 6 17 14,否,,0%
290,26048,倒数5期两球组合,50,最后1名,6,26049,1 15 6 17 14,是,6,100.0%
291,26048,最新一期两球组合,30,第1名,30,26049,1 15 6 17 14,否,,0%
292,26048,最新一期两球组合,30,最后1名,15 3 26,26049,1 15 6 17 14,是,15,33.3%
293,26048,倒数2期两球组合,30,第1名,23,26049,1 15 6 17 14,否,,0%
294,26048,倒数2期两球组合,30,最后1名,14,26049,1 15 6 17 14,是,14,100.0%
295,26048,倒数3期两球组合,30,第1名,31,26049,1 15 6 17 14,否,,0%
296,26048,倒数3期两球组合,30,最后1名,6,26049,1 15 6 17 14,是,6,100.0%
297,26048,倒数4期两球组合,30,第1名,19,26049,1 15 6 17 14,否,,0%
298,26048,倒数4期两球组合,30,最后1名,26 16 28 9,26049,1 15 6 17 14,否,,0%
299,26048,倒数5期两球组合,30,第1名,11,26049,1 15 6 17 14,否,,0%
300,26048,倒数5期两球组合,30,最后1名,6,26049,1 15 6 17 14,是,6,100.0%
301,26048,最新一期两球组合,20,第1名,29,26049,1 15 6 17 14,否,,0%
302,26048,最新一期两球组合,20,最后1名,15,26049,1 15 6 17 14,是,15,100.0%
303,26048,倒数2期两球组合,20,第1名,25,26049,1 15 6 17 14,否,,0%
304,26048,倒数2期两球组合,20,最后1名,16,26049,1 15 6 17 14,否,,0%
305,26048,倒数3期两球组合,20,第1名,31,26049,1 15 6 17 14,否,,0%
306,26048,倒数3期两球组合,20,最后1名,10 30,26049,1 15 6 17 14,否,,0%
307,26048,倒数4期两球组合,20,第1名,33,26049,1 15 6 17 14,否,,0%
308,26048,倒数4期两球组合,20,最后1名,2 25 16 28,26049,1 15 6 17 14,否,,0%
309,26048,倒数5期两球组合,20,第1名,11,26049,1 15 6 17 14,否,,0%
310,26048,倒数5期两球组合,20,最后1名,19 33 6,26049,1 15 6 17 14,是,6,33.3%
311,26048,最新一期两球组合,10,第1名,19,26049,1 15 6 17 14,否,,0%
312,26048,最新一期两球组合,10,最后1名,15 18,26049,1 15 6 17 14,是,15,50.0%
313,26048,倒数2期两球组合,10,第1名,17,26049,1 15 6 17 14,是,17,100.0%
314,26048,倒数2期两球组合,10,最后1名,24,26049,1 15 6 17 14,否,,0%
315,26048,倒数3期两球组合,10,第1名,17,26049,1 15 6 17 14,是,17,100.0%
316,26048,倒数3期两球组合,10,最后1名,1,26049,1 15 6 17 14,是,1,100.0%
317,26048,倒数4期两球组合,10,第1名,20,26049,1 15 6 17 14,否,,0%
318,26048,倒数4期两球组合,10,最后1名,2 28 10 29 9 4,26049,1 15 6 17 14,否,,0%
319,26048,倒数5期两球组合,10,第1名,20,26049,1 15 6 17 14,否,,0%
320,26048,倒数5期两球组合,10,最后1名,8 7 19 14,26049,1 15 6 17 14,是,14,25.0%
321,26047,最新一期两球组合,50,第1名,19,26048,20 17 23 35 11,否,,0%
322,26047,最新一期两球组合,50,最后1名,18,26048,20 17 23 35 11,否,,0%
323,26047,倒数2期两球组合,50,第1名,3,26048,20 17 23 35 11,否,,0%
324,26047,倒数2期两球组合,50,最后1名,34 29 4,26048,20 17 23 35 11,否,,0%
325,26047,倒数3期两球组合,50,第1名,20,26048,20 17 23 35 11,是,20,100.0%
326,26047,倒数3期两球组合,50,最后1名,9 34,26048,20 17 23 35 11,否,,0%
327,26047,倒数4期两球组合,50,第1名,28,26048,20 17 23 35 11,否,,0%
328,26047,倒数4期两球组合,50,最后1名,25,26048,20 17 23 35 11,否,,0%
329,26047,倒数5期两球组合,50,第1名,29,26048,20 17 23 35 11,否,,0%
330,26047,倒数5期两球组合,50,最后1名,7 9,26048,20 17 23 35 11,否,,0%
331,26047,最新一期两球组合,30,第1名,4,26048,20 17 23 35 11,否,,0%
332,26047,最新一期两球组合,30,最后1名,18,26048,20 17 23 35 11,否,,0%
333,26047,倒数2期两球组合,30,第1名,3,26048,20 17 23 35 11,否,,0%
334,26047,倒数2期两球组合,30,最后1名,35,26048,20 17 23 35 11,是,35,100.0%
335,26047,倒数3期两球组合,30,第1名,20,26048,20 17 23 35 11,是,20,100.0%
336,26047,倒数3期两球组合,30,最后1名,14,26048,20 17 23 35 11,否,,0%
337,26047,倒数4期两球组合,30,第1名,28,26048,20 17 23 35 11,否,,0%
338,26047,倒数4期两球组合,30,最后1名,12 25,26048,20 17 23 35 11,否,,0%
339,26047,倒数5期两球组合,30,第1名,26,26048,20 17 23 35 11,否,,0%
340,26047,倒数5期两球组合,30,最后1名,7 4,26048,20 17 23 35 11,否,,0%
341,26047,最新一期两球组合,20,第1名,28,26048,20 17 23 35 11,否,,0%
342,26047,最新一期两球组合,20,最后1名,18 33,26048,20 17 23 35 11,否,,0%
343,26047,倒数2期两球组合,20,第1名,21,26048,20 17 23 35 11,否,,0%
344,26047,倒数2期两球组合,20,最后1名,34 8 32 31,26048,20 17 23 35 11,否,,0%
345,26047,倒数3期两球组合,20,第1名,20,26048,20 17 23 35 11,是,20,100.0%
346,26047,倒数3期两球组合,20,最后1名,10,26048,20 17 23 35 11,否,,0%
347,26047,倒数4期两球组合,20,第1名,9,26048,20 17 23 35 11,否,,0%
348,26047,倒数4期两球组合,20,最后1名,2 12 25 18,26048,20 17 23 35 11,否,,0%
349,26047,倒数5期两球组合,20,第1名,28,26048,20 17 23 35 11,否,,0%
350,26047,倒数5期两球组合,20,最后1名,22,26048,20 17 23 35 11,否,,0%
351,26047,最新一期两球组合,10,第1名,17,26048,20 17 23 35 11,是,17,100.0%
352,26047,最新一期两球组合,10,最后1名,18 13 34,26048,20 17 23 35 11,否,,0%
353,26047,倒数2期两球组合,10,第1名,21,26048,20 17 23 35 11,否,,0%
354,26047,倒数2期两球组合,10,最后1名,24 31,26048,20 17 23 35 11,否,,0%
355,26047,倒数3期两球组合,10,第1名,20,26048,20 17 23 35 11,是,20,100.0%
356,26047,倒数3期两球组合,10,最后1名,17 4 15 19 10,26048,20 17 23 35 11,是,17,20.0%
357,26047,倒数4期两球组合,10,第1名,7,26048,20 17 23 35 11,否,,0%
358,26047,倒数4期两球组合,10,最后1名,15 25 31,26048,20 17 23 35 11,否,,0%
359,26047,倒数5期两球组合,10,第1名,28,26048,20 17 23 35 11,否,,0%
360,26047,倒数5期两球组合,10,最后1名,7 31 29,26048,20 17 23 35 11,否,,0%
361,26046,最新一期两球组合,50,第1名,34,26047,28 23 20 21 9,否,,0%
362,26046,最新一期两球组合,50,最后1名,25,26047,28 23 20 21 9,否,,0%
363,26046,倒数2期两球组合,50,第1名,33,26047,28 23 20 21 9,否,,0%
364,26046,倒数2期两球组合,50,最后1名,12,26047,28 23 20 21 9,否,,0%
365,26046,倒数3期两球组合,50,第1名,27,26047,28 23 20 21 9,否,,0%
366,26046,倒数3期两球组合,50,最后1名,25,26047,28 23 20 21 9,否,,0%
367,26046,倒数4期两球组合,50,第1名,33,26047,28 23 20 21 9,否,,0%
368,26046,倒数4期两球组合,50,最后1名,10,26047,28 23 20 21 9,否,,0%
369,26046,倒数5期两球组合,50,第1名,33,26047,28 23 20 21 9,否,,0%
370,26046,倒数5期两球组合,50,最后1名,17,26047,28 23 20 21 9,否,,0%
371,26046,最新一期两球组合,30,第1名,21,26047,28 23 20 21 9,是,21,100.0%
372,26046,最新一期两球组合,30,最后1名,33,26047,28 23 20 21 9,否,,0%
373,26046,倒数2期两球组合,30,第1名,33,26047,28 23 20 21 9,否,,0%
374,26046,倒数2期两球组合,30,最后1名,20 17,26047,28 23 20 21 9,是,20,50.0%
375,26046,倒数3期两球组合,30,第1名,14,26047,28 23 20 21 9,否,,0%
376,26046,倒数3期两球组合,30,最后1名,12 35,26047,28 23 20 21 9,否,,0%
377,26046,倒数4期两球组合,30,第1名,13,26047,28 23 20 21 9,否,,0%
378,26046,倒数4期两球组合,30,最后1名,11 29 7 8 10,26047,28 23 20 21 9,否,,0%
379,26046,倒数5期两球组合,30,第1名,18,26047,28 23 20 21 9,否,,0%
380,26046,倒数5期两球组合,30,最后1名,17,26047,28 23 20 21 9,否,,0%
381,26046,最新一期两球组合,20,第1名,34,26047,28 23 20 21 9,否,,0%
382,26046,最新一期两球组合,20,最后1名,33,26047,28 23 20 21 9,否,,0%
383,26046,倒数2期两球组合,20,第1名,33,26047,28 23 20 21 9,否,,0%
384,26046,倒数2期两球组合,20,最后1名,29 20 17,26047,28 23 20 21 9,是,20,33.3%
385,26046,倒数3期两球组合,20,第1名,17,26047,28 23 20 21 9,否,,0%
386,26046,倒数3期两球组合,20,最后1名,25,26047,28 23 20 21 9,否,,0%
387,26046,倒数4期两球组合,20,第1名,33,26047,28 23 20 21 9,否,,0%
388,26046,倒数4期两球组合,20,最后1名,10 21,26047,28 23 20 21 9,是,21,50.0%
389,26046,倒数5期两球组合,20,第1名,1,26047,28 23 20 21 9,否,,0%
390,26046,倒数5期两球组合,20,最后1名,17,26047,28 23 20 21 9,否,,0%
391,26046,最新一期两球组合,10,第1名,18,26047,28 23 20 21 9,否,,0%
392,26046,最新一期两球组合,10,最后1名,33,26047,28 23 20 21 9,否,,0%
393,26046,倒数2期两球组合,10,第1名,33,26047,28 23 20 21 9,否,,0%
394,26046,倒数2期两球组合,10,最后1名,29 14 30,26047,28 23 20 21 9,否,,0%
395,26046,倒数3期两球组合,10,第1名,27,26047,28 23 20 21 9,否,,0%
396,26046,倒数3期两球组合,10,最后1名,25,26047,28 23 20 21 9,否,,0%
397,26046,倒数4期两球组合,10,第1名,1,26047,28 23 20 21 9,否,,0%
398,26046,倒数4期两球组合,10,最后1名,4 10 15,26047,28 23 20 21 9,否,,0%
399,26046,倒数5期两球组合,10,第1名,33,26047,28 23 20 21 9,否,,0%
400,26046,倒数5期两球组合,10,最后1名,7 29 11 15 17,26047,28 23 20 21 9,否,,0%
401,26045,最新一期两球组合,50,第1名,29,26046,13 27 1 33 18,否,,0%
402,26045,最新一期两球组合,50,最后1名,34,26046,13 27 1 33 18,否,,0%
403,26045,倒数2期两球组合,50,第1名,24,26046,13 27 1 33 18,否,,0%
404,26045,倒数2期两球组合,50,最后1名,9,26046,13 27 1 33 18,否,,0%
405,26045,倒数3期两球组合,50,第1名,26,26046,13 27 1 33 18,否,,0%
406,26045,倒数3期两球组合,50,最后1名,28,26046,13 27 1 33 18,否,,0%
407,26045,倒数4期两球组合,50,第1名,23,26046,13 27 1 33 18,否,,0%
408,26045,倒数4期两球组合,50,最后1名,1 18,26046,13 27 1 33 18,是,1 18,100.0%
409,26045,倒数5期两球组合,50,第1名,26,26046,13 27 1 33 18,否,,0%
410,26045,倒数5期两球组合,50,最后1名,17,26046,13 27 1 33 18,否,,0%
411,26045,最新一期两球组合,30,第1名,8,26046,13 27 1 33 18,否,,0%
412,26045,最新一期两球组合,30,最后1名,23,26046,13 27 1 33 18,否,,0%
413,26045,倒数2期两球组合,30,第1名,15,26046,13 27 1 33 18,否,,0%
414,26045,倒数2期两球组合,30,最后1名,34 11,26046,13 27 1 33 18,否,,0%
415,26045,倒数3期两球组合,30,第1名,26,26046,13 27 1 33 18,否,,0%
416,26045,倒数3期两球组合,30,最后1名,32 24,26046,13 27 1 33 18,否,,0%
417,26045,倒数4期两球组合,30,第1名,6,26046,13 27 1 33 18,否,,0%
418,26045,倒数4期两球组合,30,最后1名,9 10 12 18,26046,13 27 1 33 18,是,18,25.0%
419,26045,倒数5期两球组合,30,第1名,26,26046,13 27 1 33 18,否,,0%
420,26045,倒数5期两球组合,30,最后1名,24 27 17,26046,13 27 1 33 18,是,27,33.3%
421,26045,最新一期两球组合,20,第1名,2,26046,13 27 1 33 18,否,,0%
422,26045,最新一期两球组合,20,最后1名,28,26046,13 27 1 33 18,否,,0%
423,26045,倒数2期两球组合,20,第1名,19,26046,13 27 1 33 18,否,,0%
424,26045,倒数2期两球组合,20,最后1名,4 11 3,26046,13 27 1 33 18,否,,0%
425,26045,倒数3期两球组合,20,第1名,26,26046,13 27 1 33 18,否,,0%
426,26045,倒数3期两球组合,20,最后1名,24 1 28,26046,13 27 1 33 18,是,1,33.3%
427,26045,倒数4期两球组合,20,第1名,6,26046,13 27 1 33 18,否,,0%
428,26045,倒数4期两球组合,20,最后1名,18 27,26046,13 27 1 33 18,是,18 27,100.0%
429,26045,倒数5期两球组合,20,第1名,10,26046,13 27 1 33 18,否,,0%
430,26045,倒数5期两球组合,20,最后1名,17,26046,13 27 1 33 18,否,,0%
431,26045,最新一期两球组合,10,第1名,19,26046,13 27 1 33 18,否,,0%
432,26045,最新一期两球组合,10,最后1名,30 9 1 15 16 28,26046,13 27 1 33 18,是,1,16.7%
433,26045,倒数2期两球组合,10,第1名,15,26046,13 27 1 33 18,否,,0%
434,26045,倒数2期两球组合,10,最后1名,27 8,26046,13 27 1 33 18,是,27,50.0%
435,26045,倒数3期两球组合,10,第1名,33,26046,13 27 1 33 18,是,33,100.0%
436,26045,倒数3期两球组合,10,最后1名,28,26046,13 27 1 33 18,否,,0%
437,26045,倒数4期两球组合,10,第1名,6,26046,13 27 1 33 18,否,,0%
438,26045,倒数4期两球组合,10,最后1名,9 32 24 18 31,26046,13 27 1 33 18,是,18,20.0%
439,26045,倒数5期两球组合,10,第1名,26,26046,13 27 1 33 18,否,,0%
440,26045,倒数5期两球组合,10,最后1名,6 24 13 32 21,26046,13 27 1 33 18,是,13,20.0%
441,26044,最新一期两球组合,50,第1名,20,26045,21 33 15 1 26,否,,0%
442,26044,最新一期两球组合,50,最后1名,10,26045,21 33 15 1 26,否,,0%
443,26044,倒数2期两球组合,50,第1名,4,26045,21 33 15 1 26,否,,0%
444,26044,倒数2期两球组合,50,最后1名,19,26045,21 33 15 1 26,否,,0%
445,26044,倒数3期两球组合,50,第1名,12,26045,21 33 15 1 26,否,,0%
446,26044,倒数3期两球组合,50,最后1名,19,26045,21 33 15 1 26,否,,0%
447,26044,倒数4期两球组合,50,第1名,22,26045,21 33 15 1 26,否,,0%
448,26044,倒数4期两球组合,50,最后1名,30,26045,21 33 15 1 26,否,,0%
449,26044,倒数5期两球组合,50,第1名,13,26045,21 33 15 1 26,否,,0%
450,26044,倒数5期两球组合,50,最后1名,20 19,26045,21 33 15 1 26,否,,0%
451,26044,最新一期两球组合,30,第1名,9,26045,21 33 15 1 26,否,,0%
452,26044,最新一期两球组合,30,最后1名,3 5,26045,21 33 15 1 26,否,,0%
453,26044,倒数2期两球组合,30,第1名,22,26045,21 33 15 1 26,否,,0%
454,26044,倒数2期两球组合,30,最后1名,34 19,26045,21 33 15 1 26,否,,0%
455,26044,倒数3期两球组合,30,第1名,8,26045,21 33 15 1 26,否,,0%
456,26044,倒数3期两球组合,30,最后1名,22 19,26045,21 33 15 1 26,否,,0%
457,26044,倒数4期两球组合,30,第1名,22,26045,21 33 15 1 26,否,,0%
458,26044,倒数4期两球组合,30,最后1名,2 23,26045,21 33 15 1 26,否,,0%
459,26044,倒数5期两球组合,30,第1名,33,26045,21 33 15 1 26,是,33,100.0%
460,26044,倒数5期两球组合,30,最后1名,25 31,26045,21 33 15 1 26,否,,0%
461,26044,最新一期两球组合,20,第1名,29,26045,21 33 15 1 26,否,,0%
462,26044,最新一期两球组合,20,最后1名,22,26045,21 33 15 1 26,否,,0%
463,26044,倒数2期两球组合,20,第1名,22,26045,21 33 15 1 26,否,,0%
464,26044,倒数2期两球组合,20,最后1名,16,26045,21 33 15 1 26,否,,0%
465,26044,倒数3期两球组合,20,第1名,22,26045,21 33 15 1 26,否,,0%
466,26044,倒数3期两球组合,20,最后1名,19,26045,21 33 15 1 26,否,,0%
467,26044,倒数4期两球组合,20,第1名,4,26045,21 33 15 1 26,否,,0%
468,26044,倒数4期两球组合,20,最后1名,28 25 23,26045,21 33 15 1 26,否,,0%
469,26044,倒数5期两球组合,20,第1名,8,26045,21 33 15 1 26,否,,0%
470,26044,倒数5期两球组合,20,最后1名,30 17,26045,21 33 15 1 26,否,,0%
471,26044,最新一期两球组合,10,第1名,28,26045,21 33 15 1 26,否,,0%
472,26044,最新一期两球组合,10,最后1名,5 10 24,26045,21 33 15 1 26,否,,0%
473,26044,倒数2期两球组合,10,第1名,26,26045,21 33 15 1 26,是,26,100.0%
474,26044,倒数2期两球组合,10,最后1名,21,26045,21 33 15 1 26,是,21,100.0%
475,26044,倒数3期两球组合,10,第1名,22,26045,21 33 15 1 26,否,,0%
476,26044,倒数3期两球组合,10,最后1名,19,26045,21 33 15 1 26,否,,0%
477,26044,倒数4期两球组合,10,第1名,19,26045,21 33 15 1 26,否,,0%
478,26044,倒数4期两球组合,10,最后1名,33 28 18,26045,21 33 15 1 26,是,33,33.3%
479,26044,倒数5期两球组合,10,第1名,26,26045,21 33 15 1 26,是,26,100.0%
480,26044,倒数5期两球组合,10,最后1名,34,26045,21 33 15 1 26,否,,0%
481,26043,最新一期两球组合,50,第1名,29,26044,3 29 22 8 26,是,29,100.0%
482,26043,最新一期两球组合,50,最后1名,7 4,26044,3 29 22 8 26,否,,0%
483,26043,倒数2期两球组合,50,第1名,5,26044,3 29 22 8 26,否,,0%
484,26043,倒数2期两球组合,50,最后1名,27,26044,3 29 22 8 26,否,,0%
485,26043,倒数3期两球组合,50,第1名,14,26044,3 29 22 8 26,否,,0%
486,26043,倒数3期两球组合,50,最后1名,26 23,26044,3 29 22 8 26,是,26,50.0%
487,26043,倒数4期两球组合,50,第1名,16,26044,3 29 22 8 26,否,,0%
488,26043,倒数4期两球组合,50,最后1名,11 13,26044,3 29 22 8 26,否,,0%
489,26043,倒数5期两球组合,50,第1名,19,26044,3 29 22 8 26,否,,0%
490,26043,倒数5期两球组合,50,最后1名,27,26044,3 29 22 8 26,否,,0%
491,26043,最新一期两球组合,30,第1名,19,26044,3 29 22 8 26,否,,0%
492,26043,最新一期两球组合,30,最后1名,7 22,26044,3 29 22 8 26,是,22,50.0%
493,26043,倒数2期两球组合,30,第1名,19,26044,3 29 22 8 26,否,,0%
494,26043,倒数2期两球组合,30,最后1名,34,26044,3 29 22 8 26,否,,0%
495,26043,倒数3期两球组合,30,第1名,14,26044,3 29 22 8 26,否,,0%
496,26043,倒数3期两球组合,30,最后1名,29,26044,3 29 22 8 26,是,29,100.0%
497,26043,倒数4期两球组合,30,第1名,14,26044,3 29 22 8 26,否,,0%
498,26043,倒数4期两球组合,30,最后1名,33 21,26044,3 29 22 8 26,否,,0%
499,26043,倒数5期两球组合,30,第1名,19,26044,3 29 22 8 26,否,,0%
500,26043,倒数5期两球组合,30,最后1名,27 10,26044,3 29 22 8 26,否,,0%
501,26043,最新一期两球组合,20,第1名,13,26044,3 29 22 8 26,否,,0%
502,26043,最新一期两球组合,20,最后1名,12 24,26044,3 29 22 8 26,否,,0%
503,26043,倒数2期两球组合,20,第1名,19,26044,3 29 22 8 26,否,,0%
504,26043,倒数2期两球组合,20,最后1名,10,26044,3 29 22 8 26,否,,0%
505,26043,倒数3期两球组合,20,第1名,14,26044,3 29 22 8 26,否,,0%
506,26043,倒数3期两球组合,20,最后1名,3 33,26044,3 29 22 8 26,是,3,50.0%
507,26043,倒数4期两球组合,20,第1名,14,26044,3 29 22 8 26,否,,0%
508,26043,倒数4期两球组合,20,最后1名,2 30 34 13,26044,3 29 22 8 26,否,,0%
509,26043,倒数5期两球组合,20,第1名,19,26044,3 29 22 8 26,否,,0%
510,26043,倒数5期两球组合,20,最后1名,10,26044,3 29 22 8 26,否,,0%
511,26043,最新一期两球组合,10,第1名,4,26044,3 29 22 8 26,否,,0%
512,26043,最新一期两球组合,10,最后1名,20,26044,3 29 22 8 26,否,,0%
513,26043,倒数2期两球组合,10,第1名,19,26044,3 29 22 8 26,否,,0%
514,26043,倒数2期两球组合,10,最后1名,23 17,26044,3 29 22 8 26,否,,0%
515,26043,倒数3期两球组合,10,第1名,8,26044,3 29 22 8 26,是,8,100.0%
516,26043,倒数3期两球组合,10,最后1名,34,26044,3 29 22 8 26,否,,0%
517,26043,倒数4期两球组合,10,第1名,14,26044,3 29 22 8 26,否,,0%
518,26043,倒数4期两球组合,10,最后1名,27 23 6 32 17,26044,3 29 22 8 26,否,,0%
519,26043,倒数5期两球组合,10,第1名,12,26044,3 29 22 8 26,否,,0%
520,26043,倒数5期两球组合,10,最后1名,27,26044,3 29 22 8 26,否,,0%
521,26042,最新一期两球组合,50,第1名,29,26043,22 12 14 8 19,否,,0%
522,26042,最新一期两球组合,50,最后1名,22 19,26043,22 12 14 8 19,是,22 19,100.0%
523,26042,倒数2期两球组合,50,第1名,7,26043,22 12 14 8 19,否,,0%
524,26042,倒数2期两球组合,50,最后1名,5 8,26043,22 12 14 8 19,是,8,50.0%
525,26042,倒数3期两球组合,50,第1名,1,26043,22 12 14 8 19,否,,0%
526,26042,倒数3期两球组合,50,最后1名,16,26043,22 12 14 8 19,否,,0%
527,26042,倒数4期两球组合,50,第1名,12,26043,22 12 14 8 19,是,12,100.0%
528,26042,倒数4期两球组合,50,最后1名,13,26043,22 12 14 8 19,否,,0%
529,26042,倒数5期两球组合,50,第1名,1,26043,22 12 14 8 19,否,,0%
530,26042,倒数5期两球组合,50,最后1名,11,26043,22 12 14 8 19,否,,0%
531,26042,最新一期两球组合,30,第1名,1,26043,22 12 14 8 19,否,,0%
532,26042,最新一期两球组合,30,最后1名,13 21,26043,22 12 14 8 19,否,,0%
533,26042,倒数2期两球组合,30,第1名,34,26043,22 12 14 8 19,否,,0%
534,26042,倒数2期两球组合,30,最后1名,5 9 30 19 27,26043,22 12 14 8 19,是,19,20.0%
535,26042,倒数3期两球组合,30,第1名,11,26043,22 12 14 8 19,否,,0%
536,26042,倒数3期两球组合,30,最后1名,3 4,26043,22 12 14 8 19,否,,0%
537,26042,倒数4期两球组合,30,第1名,24,26043,22 12 14 8 19,否,,0%
538,26042,倒数4期两球组合,30,最后1名,23 11,26043,22 12 14 8 19,否,,0%
539,26042,倒数5期两球组合,30,第1名,1,26043,22 12 14 8 19,否,,0%
540,26042,倒数5期两球组合,30,最后1名,11,26043,22 12 14 8 19,否,,0%
541,26042,最新一期两球组合,20,第1名,34,26043,22 12 14 8 19,否,,0%
542,26042,最新一期两球组合,20,最后1名,20 13,26043,22 12 14 8 19,否,,0%
543,26042,倒数2期两球组合,20,第1名,7,26043,22 12 14 8 19,否,,0%
544,26042,倒数2期两球组合,20,最后1名,22,26043,22 12 14 8 19,是,22,100.0%
545,26042,倒数3期两球组合,20,第1名,11,26043,22 12 14 8 19,否,,0%
546,26042,倒数3期两球组合,20,最后1名,4 28 3,26043,22 12 14 8 19,否,,0%
547,26042,倒数4期两球组合,20,第1名,19,26043,22 12 14 8 19,是,19,100.0%
548,26042,倒数4期两球组合,20,最后1名,1,26043,22 12 14 8 19,否,,0%
549,26042,倒数5期两球组合,20,第1名,19,26043,22 12 14 8 19,是,19,100.0%
550,26042,倒数5期两球组合,20,最后1名,11,26043,22 12 14 8 19,否,,0%
551,26042,最新一期两球组合,10,第1名,11,26043,22 12 14 8 19,否,,0%
552,26042,最新一期两球组合,10,最后1名,9 30 34 20 8 19 4 3 13 2 35 18,26043,22 12 14 8 19,是,8 19,16.7%
553,26042,倒数2期两球组合,10,第1名,13,26043,22 12 14 8 19,否,,0%
554,26042,倒数2期两球组合,10,最后1名,12,26043,22 12 14 8 19,是,12,100.0%
555,26042,倒数3期两球组合,10,第1名,7,26043,22 12 14 8 19,否,,0%
556,26042,倒数3期两球组合,10,最后1名,10 28 33 14,26043,22 12 14 8 19,是,14,25.0%
557,26042,倒数4期两球组合,10,第1名,19,26043,22 12 14 8 19,是,19,100.0%
558,26042,倒数4期两球组合,10,最后1名,12 9,26043,22 12 14 8 19,是,12,50.0%
559,26042,倒数5期两球组合,10,第1名,27,26043,22 12 14 8 19,否,,0%
560,26042,倒数5期两球组合,10,最后1名,11 20 24,26043,22 12 14 8 19,否,,0%
561,26041,最新一期两球组合,50,第1名,10,26042,7 2 19 24 13,否,,0%
562,26041,最新一期两球组合,50,最后1名,20,26042,7 2 19 24 13,否,,0%
563,26041,倒数2期两球组合,50,第1名,34,26042,7 2 19 24 13,否,,0%
564,26041,倒数2期两球组合,50,最后1名,15,26042,7 2 19 24 13,否,,0%
565,26041,倒数3期两球组合,50,第1名,27,26042,7 2 19 24 13,否,,0%
566,26041,倒数3期两球组合,50,最后1名,20,26042,7 2 19 24 13,否,,0%
567,26041,倒数4期两球组合,50,第1名,29,26042,7 2 19 24 13,否,,0%
568,26041,倒数4期两球组合,50,最后1名,22,26042,7 2 19 24 13,否,,0%
569,26041,倒数5期两球组合,50,第1名,27,26042,7 2 19 24 13,否,,0%
570,26041,倒数5期两球组合,50,最后1名,28,26042,7 2 19 24 13,否,,0%
571,26041,最新一期两球组合,30,第1名,22,26042,7 2 19 24 13,否,,0%
572,26041,最新一期两球组合,30,最后1名,16,26042,7 2 19 24 13,否,,0%
573,26041,倒数2期两球组合,30,第1名,34,26042,7 2 19 24 13,否,,0%
574,26041,倒数2期两球组合,30,最后1名,12,26042,7 2 19 24 13,否,,0%
575,26041,倒数3期两球组合,30,第1名,34,26042,7 2 19 24 13,否,,0%
576,26041,倒数3期两球组合,30,最后1名,20,26042,7 2 19 24 13,否,,0%
577,26041,倒数4期两球组合,30,第1名,29,26042,7 2 19 24 13,否,,0%
578,26041,倒数4期两球组合,30,最后1名,27 22,26042,7 2 19 24 13,否,,0%
579,26041,倒数5期两球组合,30,第1名,29,26042,7 2 19 24 13,否,,0%
580,26041,倒数5期两球组合,30,最后1名,28,26042,7 2 19 24 13,否,,0%
581,26041,最新一期两球组合,20,第1名,13,26042,7 2 19 24 13,是,13,100.0%
582,26041,最新一期两球组合,20,最后1名,33 27 23 9,26042,7 2 19 24 13,否,,0%
583,26041,倒数2期两球组合,20,第1名,27,26042,7 2 19 24 13,否,,0%
584,26041,倒数2期两球组合,20,最后1名,4 7 8 32 24,26042,7 2 19 24 13,是,7 24,40.0%
585,26041,倒数3期两球组合,20,第1名,21,26042,7 2 19 24 13,否,,0%
586,26041,倒数3期两球组合,20,最后1名,35 20,26042,7 2 19 24 13,否,,0%
587,26041,倒数4期两球组合,20,第1名,29,26042,7 2 19 24 13,否,,0%
588,26041,倒数4期两球组合,20,最后1名,31 20,26042,7 2 19 24 13,否,,0%
589,26041,倒数5期两球组合,20,第1名,29,26042,7 2 19 24 13,否,,0%
590,26041,倒数5期两球组合,20,最后1名,28,26042,7 2 19 24 13,否,,0%
591,26041,最新一期两球组合,10,第1名,25,26042,7 2 19 24 13,否,,0%
592,26041,最新一期两球组合,10,最后1名,28,26042,7 2 19 24 13,否,,0%
593,26041,倒数2期两球组合,10,第1名,27,26042,7 2 19 24 13,否,,0%
594,26041,倒数2期两球组合,10,最后1名,17 20,26042,7 2 19 24 13,否,,0%
595,26041,倒数3期两球组合,10,第1名,27,26042,7 2 19 24 13,否,,0%
596,26041,倒数3期两球组合,10,最后1名,20,26042,7 2 19 24 13,否,,0%
597,26041,倒数4期两球组合,10,第1名,29,26042,7 2 19 24 13,否,,0%
598,26041,倒数4期两球组合,10,最后1名,26 4 23 25,26042,7 2 19 24 13,否,,0%
599,26041,倒数5期两球组合,10,第1名,27,26042,7 2 19 24 13,否,,0%
600,26041,倒数5期两球组合,10,最后1名,28,26042,7 2 19 24 13,否,,0%
601,26040,最新一期两球组合,50,第1名,18,26041,24 27 25 29 34,否,,0%
602,26040,最新一期两球组合,50,最后1名,33 1 20 19,26041,24 27 25 29 34,否,,0%
603,26040,倒数2期两球组合,50,第1名,4,26041,24 27 25 29 34,否,,0%
604,26040,倒数2期两球组合,50,最后1名,6 8 33 5,26041,24 27 25 29 34,否,,0%
605,26040,倒数3期两球组合,50,第1名,16,26041,24 27 25 29 34,否,,0%
606,26040,倒数3期两球组合,50,最后1名,17,26041,24 27 25 29 34,否,,0%
607,26040,倒数4期两球组合,50,第1名,21,26041,24 27 25 29 34,否,,0%
608,26040,倒数4期两球组合,50,最后1名,19,26041,24 27 25 29 34,否,,0%
609,26040,倒数5期两球组合,50,第1名,22,26041,24 27 25 29 34,否,,0%
610,26040,倒数5期两球组合,50,最后1名,29,26041,24 27 25 29 34,是,29,100.0%
611,26040,最新一期两球组合,30,第1名,4,26041,24 27 25 29 34,否,,0%
612,26040,最新一期两球组合,30,最后1名,2 32,26041,24 27 25 29 34,否,,0%
613,26040,倒数2期两球组合,30,第1名,34,26041,24 27 25 29 34,是,34,100.0%
614,26040,倒数2期两球组合,30,最后1名,29 14,26041,24 27 25 29 34,是,29,50.0%
615,26040,倒数3期两球组合,30,第1名,16,26041,24 27 25 29 34,否,,0%
616,26040,倒数3期两球组合,30,最后1名,33 22 20 6 17,26041,24 27 25 29 34,否,,0%
617,26040,倒数4期两球组合,30,第1名,6,26041,24 27 25 29 34,否,,0%
618,26040,倒数4期两球组合,30,最后1名,23 19,26041,24 27 25 29 34,否,,0%
619,26040,倒数5期两球组合,30,第1名,22,26041,24 27 25 29 34,否,,0%
620,26040,倒数5期两球组合,30,最后1名,20,26041,24 27 25 29 34,否,,0%
621,26040,最新一期两球组合,20,第1名,20,26041,24 27 25 29 34,否,,0%
622,26040,最新一期两球组合,20,最后1名,5 2,26041,24 27 25 29 34,否,,0%
623,26040,倒数2期两球组合,20,第1名,12,26041,24 27 25 29 34,否,,0%
624,26040,倒数2期两球组合,20,最后1名,24 3 27,26041,24 27 25 29 34,是,24 27,66.7%
625,26040,倒数3期两球组合,20,第1名,12,26041,24 27 25 29 34,否,,0%
626,26040,倒数3期两球组合,20,最后1名,3 22 17,26041,24 27 25 29 34,否,,0%
627,26040,倒数4期两球组合,20,第1名,6,26041,24 27 25 29 34,否,,0%
628,26040,倒数4期两球组合,20,最后1名,19,26041,24 27 25 29 34,否,,0%
629,26040,倒数5期两球组合,20,第1名,22,26041,24 27 25 29 34,否,,0%
630,26040,倒数5期两球组合,20,最后1名,29 20,26041,24 27 25 29 34,是,29,50.0%
631,26040,最新一期两球组合,10,第1名,5,26041,24 27 25 29 34,否,,0%
632,26040,最新一期两球组合,10,最后1名,19 16,26041,24 27 25 29 34,否,,0%
633,26040,倒数2期两球组合,10,第1名,34,26041,24 27 25 29 34,是,34,100.0%
634,26040,倒数2期两球组合,10,最后1名,11,26041,24 27 25 29 34,否,,0%
635,26040,倒数3期两球组合,10,第1名,12,26041,24 27 25 29 34,否,,0%
636,26040,倒数3期两球组合,10,最后1名,17,26041,24 27 25 29 34,否,,0%
637,26040,倒数4期两球组合,10,第1名,6,26041,24 27 25 29 34,否,,0%
638,26040,倒数4期两球组合,10,最后1名,19,26041,24 27 25 29 34,否,,0%
639,26040,倒数5期两球组合,10,第1名,21,26041,24 27 25 29 34,否,,0%
640,26040,倒数5期两球组合,10,最后1名,29,26041,24 27 25 29 34,是,29,100.0%
641,26039,最新一期两球组合,50,第1名,23,26040,34 13 12 6 21,否,,0%
642,26039,最新一期两球组合,50,最后1名,21,26040,34 13 12 6 21,是,21,100.0%
643,26039,倒数2期两球组合,50,第1名,27,26040,34 13 12 6 21,否,,0%
644,26039,倒数2期两球组合,50,最后1名,30 4 34,26040,34 13 12 6 21,是,34,33.3%
645,26039,倒数3期两球组合,50,第1名,11,26040,34 13 12 6 21,否,,0%
646,26039,倒数3期两球组合,50,最后1名,14,26040,34 13 12 6 21,否,,0%
647,26039,倒数4期两球组合,50,第1名,9,26040,34 13 12 6 21,否,,0%
648,26039,倒数4期两球组合,50,最后1名,6,26040,34 13 12 6 21,是,6,100.0%
649,26039,倒数5期两球组合,50,第1名,11,26040,34 13 12 6 21,否,,0%
650,26039,倒数5期两球组合,50,最后1名,16,26040,34 13 12 6 21,否,,0%
651,26039,最新一期两球组合,30,第1名,32,26040,34 13 12 6 21,否,,0%
652,26039,最新一期两球组合,30,最后1名,10 2 7,26040,34 13 12 6 21,否,,0%
653,26039,倒数2期两球组合,30,第1名,27,26040,34 13 12 6 21,否,,0%
654,26039,倒数2期两球组合,30,最后1名,16,26040,34 13 12 6 21,否,,0%
655,26039,倒数3期两球组合,30,第1名,26,26040,34 13 12 6 21,否,,0%
656,26039,倒数3期两球组合,30,最后1名,33 31 14,26040,34 13 12 6 21,否,,0%
657,26039,倒数4期两球组合,30,第1名,9,26040,34 13 12 6 21,否,,0%
658,26039,倒数4期两球组合,30,最后1名,8 24 6,26040,34 13 12 6 21,是,6,33.3%
659,26039,倒数5期两球组合,30,第1名,8,26040,34 13 12 6 21,否,,0%
660,26039,倒数5期两球组合,30,最后1名,16,26040,34 13 12 6 21,否,,0%
661,26039,最新一期两球组合,20,第1名,26,26040,34 13 12 6 21,否,,0%
662,26039,最新一期两球组合,20,最后1名,18,26040,34 13 12 6 21,否,,0%
663,26039,倒数2期两球组合,20,第1名,8,26040,34 13 12 6 21,否,,0%
664,26039,倒数2期两球组合,20,最后1名,30 9 15 22 24,26040,34 13 12 6 21,否,,0%
665,26039,倒数3期两球组合,20,第1名,5,26040,34 13 12 6 21,否,,0%
666,26039,倒数3期两球组合,20,最后1名,33 14,26040,34 13 12 6 21,否,,0%
667,26039,倒数4期两球组合,20,第1名,26,26040,34 13 12 6 21,否,,0%
668,26039,倒数4期两球组合,20,最后1名,6,26040,34 13 12 6 21,是,6,100.0%
669,26039,倒数5期两球组合,20,第1名,26,26040,34 13 12 6 21,否,,0%
670,26039,倒数5期两球组合,20,最后1名,16,26040,34 13 12 6 21,否,,0%
671,26039,最新一期两球组合,10,第1名,3,26040,34 13 12 6 21,否,,0%
672,26039,最新一期两球组合,10,最后1名,13 9,26040,34 13 12 6 21,是,13,50.0%
673,26039,倒数2期两球组合,10,第1名,11,26040,34 13 12 6 21,否,,0%
674,26039,倒数2期两球组合,10,最后1名,16 1 33,26040,34 13 12 6 21,否,,0%
675,26039,倒数3期两球组合,10,第1名,20,26040,34 13 12 6 21,否,,0%
676,26039,倒数3期两球组合,10,最后1名,2 18 6,26040,34 13 12 6 21,是,6,33.3%
677,26039,倒数4期两球组合,10,第1名,26,26040,34 13 12 6 21,否,,0%
678,26039,倒数4期两球组合,10,最后1名,6 16,26040,34 13 12 6 21,是,6,50.0%
679,26039,倒数5期两球组合,10,第1名,26,26040,34 13 12 6 21,否,,0%
680,26039,倒数5期两球组合,10,最后1名,16,26040,34 13 12 6 21,否,,0%
681,26038,最新一期两球组合,50,第1名,13,26039,27 11 9 26 20,否,,0%
682,26038,最新一期两球组合,50,最后1名,11,26039,27 11 9 26 20,是,11,100.0%
683,26038,倒数2期两球组合,50,第1名,33,26039,27 11 9 26 20,否,,0%
684,26038,倒数2期两球组合,50,最后1名,26,26039,27 11 9 26 20,是,26,100.0%
685,26038,倒数3期两球组合,50,第1名,16,26039,27 11 9 26 20,否,,0%
686,26038,倒数3期两球组合,50,最后1名,24,26039,27 11 9 26 20,否,,0%
687,26038,倒数4期两球组合,50,第1名,33,26039,27 11 9 26 20,否,,0%
688,26038,倒数4期两球组合,50,最后1名,29 1 28 12,26039,27 11 9 26 20,否,,0%
689,26038,倒数5期两球组合,50,第1名,13,26039,27 11 9 26 20,否,,0%
690,26038,倒数5期两球组合,50,最后1名,31,26039,27 11 9 26 20,否,,0%
691,26038,最新一期两球组合,30,第1名,23,26039,27 11 9 26 20,否,,0%
692,26038,最新一期两球组合,30,最后1名,15,26039,27 11 9 26 20,否,,0%
693,26038,倒数2期两球组合,30,第1名,33,26039,27 11 9 26 20,否,,0%
694,26038,倒数2期两球组合,30,最后1名,26 1 28 6,26039,27 11 9 26 20,是,26,25.0%
695,26038,倒数3期两球组合,30,第1名,33,26039,27 11 9 26 20,否,,0%
696,26038,倒数3期两球组合,30,最后1名,24,26039,27 11 9 26 20,否,,0%
697,26038,倒数4期两球组合,30,第1名,32,26039,27 11 9 26 20,否,,0%
698,26038,倒数4期两球组合,30,最后1名,27 35,26039,27 11 9 26 20,是,27,50.0%
699,26038,倒数5期两球组合,30,第1名,13,26039,27 11 9 26 20,否,,0%
700,26038,倒数5期两球组合,30,最后1名,15,26039,27 11 9 26 20,否,,0%
701,26038,最新一期两球组合,20,第1名,28,26039,27 11 9 26 20,否,,0%
702,26038,最新一期两球组合,20,最后1名,29,26039,27 11 9 26 20,否,,0%
703,26038,倒数2期两球组合,20,第1名,33,26039,27 11 9 26 20,否,,0%
704,26038,倒数2期两球组合,20,最后1名,23 6 4,26039,27 11 9 26 20,否,,0%
705,26038,倒数3期两球组合,20,第1名,35,26039,27 11 9 26 20,否,,0%
706,26038,倒数3期两球组合,20,最后1名,25 29,26039,27 11 9 26 20,否,,0%
707,26038,倒数4期两球组合,20,第1名,33,26039,27 11 9 26 20,否,,0%
708,26038,倒数4期两球组合,20,最后1名,27 32 26 20 13 23,26039,27 11 9 26 20,是,27 26 20,50.0%
709,26038,倒数5期两球组合,20,第1名,4,26039,27 11 9 26 20,否,,0%
710,26038,倒数5期两球组合,20,最后1名,22,26039,27 11 9 26 20,否,,0%
711,26038,最新一期两球组合,10,第1名,28,26039,27 11 9 26 20,否,,0%
712,26038,最新一期两球组合,10,最后1名,34,26039,27 11 9 26 20,否,,0%
713,26038,倒数2期两球组合,10,第1名,35,26039,27 11 9 26 20,否,,0%
714,26038,倒数2期两球组合,10,最后1名,19 24,26039,27 11 9 26 20,否,,0%
715,26038,倒数3期两球组合,10,第1名,8,26039,27 11 9 26 20,否,,0%
716,26038,倒数3期两球组合,10,最后1名,24,26039,27 11 9 26 20,否,,0%
717,26038,倒数4期两球组合,10,第1名,33,26039,27 11 9 26 20,否,,0%
718,26038,倒数4期两球组合,10,最后1名,6,26039,27 11 9 26 20,否,,0%
719,26038,倒数5期两球组合,10,第1名,35,26039,27 11 9 26 20,否,,0%
720,26038,倒数5期两球组合,10,最后1名,31,26039,27 11 9 26 20,否,,0%
721,26037,最新一期两球组合,50,第1名,23,26038,21 17 35 33 8,否,,0%
722,26037,最新一期两球组合,50,最后1名,10 15 9,26038,21 17 35 33 8,否,,0%
723,26037,倒数2期两球组合,50,第1名,10,26038,21 17 35 33 8,否,,0%
724,26037,倒数2期两球组合,50,最后1名,2,26038,21 17 35 33 8,否,,0%
725,26037,倒数3期两球组合,50,第1名,13,26038,21 17 35 33 8,否,,0%
726,26037,倒数3期两球组合,50,最后1名,27,26038,21 17 35 33 8,否,,0%
727,26037,倒数4期两球组合,50,第1名,20,26038,21 17 35 33 8,否,,0%
728,26037,倒数4期两球组合,50,最后1名,3 30,26038,21 17 35 33 8,否,,0%
729,26037,倒数5期两球组合,50,第1名,35,26038,21 17 35 33 8,是,35,100.0%
730,26037,倒数5期两球组合,50,最后1名,10,26038,21 17 35 33 8,否,,0%
731,26037,最新一期两球组合,30,第1名,28,26038,21 17 35 33 8,否,,0%
732,26037,最新一期两球组合,30,最后1名,10,26038,21 17 35 33 8,否,,0%
733,26037,倒数2期两球组合,30,第1名,32,26038,21 17 35 33 8,否,,0%
734,26037,倒数2期两球组合,30,最后1名,2 30,26038,21 17 35 33 8,否,,0%
735,26037,倒数3期两球组合,30,第1名,13,26038,21 17 35 33 8,否,,0%
736,26037,倒数3期两球组合,30,最后1名,1 27,26038,21 17 35 33 8,否,,0%
737,26037,倒数4期两球组合,30,第1名,28,26038,21 17 35 33 8,否,,0%
738,26037,倒数4期两球组合,30,最后1名,30,26038,21 17 35 33 8,否,,0%
739,26037,倒数5期两球组合,30,第1名,35,26038,21 17 35 33 8,是,35,100.0%
740,26037,倒数5期两球组合,30,最后1名,8,26038,21 17 35 33 8,是,8,100.0%
741,26037,最新一期两球组合,20,第1名,18,26038,21 17 35 33 8,否,,0%
742,26037,最新一期两球组合,20,最后1名,33 9,26038,21 17 35 33 8,是,33,50.0%
743,26037,倒数2期两球组合,20,第1名,7,26038,21 17 35 33 8,否,,0%
744,26037,倒数2期两球组合,20,最后1名,17 8 9,26038,21 17 35 33 8,是,17 8,66.7%
745,26037,倒数3期两球组合,20,第1名,16,26038,21 17 35 33 8,否,,0%
746,26037,倒数3期两球组合,20,最后1名,34,26038,21 17 35 33 8,否,,0%
747,26037,倒数4期两球组合,20,第1名,28,26038,21 17 35 33 8,否,,0%
748,26037,倒数4期两球组合,20,最后1名,30,26038,21 17 35 33 8,否,,0%
749,26037,倒数5期两球组合,20,第1名,13,26038,21 17 35 33 8,否,,0%
750,26037,倒数5期两球组合,20,最后1名,10,26038,21 17 35 33 8,否,,0%
751,26037,最新一期两球组合,10,第1名,26,26038,21 17 35 33 8,否,,0%
752,26037,最新一期两球组合,10,最后1名,30,26038,21 17 35 33 8,否,,0%
753,26037,倒数2期两球组合,10,第1名,32,26038,21 17 35 33 8,否,,0%
754,26037,倒数2期两球组合,10,最后1名,9 12,26038,21 17 35 33 8,否,,0%
755,26037,倒数3期两球组合,10,第1名,7,26038,21 17 35 33 8,否,,0%
756,26037,倒数3期两球组合,10,最后1名,27,26038,21 17 35 33 8,否,,0%
757,26037,倒数4期两球组合,10,第1名,10,26038,21 17 35 33 8,否,,0%
758,26037,倒数4期两球组合,10,最后1名,17 30,26038,21 17 35 33 8,是,17,50.0%
759,26037,倒数5期两球组合,10,第1名,7,26038,21 17 35 33 8,否,,0%
760,26037,倒数5期两球组合,10,最后1名,10 8,26038,21 17 35 33 8,是,8,50.0%
761,26036,最新一期两球组合,50,第1名,11,26037,7 28 32 13 12,否,,0%
762,26036,最新一期两球组合,50,最后1名,8 19 25 15 16,26037,7 28 32 13 12,否,,0%
763,26036,倒数2期两球组合,50,第1名,1,26037,7 28 32 13 12,否,,0%
764,26036,倒数2期两球组合,50,最后1名,22 30,26037,7 28 32 13 12,否,,0%
765,26036,倒数3期两球组合,50,第1名,29,26037,7 28 32 13 12,否,,0%
766,26036,倒数3期两球组合,50,最后1名,21,26037,7 28 32 13 12,否,,0%
767,26036,倒数4期两球组合,50,第1名,32,26037,7 28 32 13 12,是,32,100.0%
768,26036,倒数4期两球组合,50,最后1名,5 19,26037,7 28 32 13 12,否,,0%
769,26036,倒数5期两球组合,50,第1名,26,26037,7 28 32 13 12,否,,0%
770,26036,倒数5期两球组合,50,最后1名,16 20,26037,7 28 32 13 12,否,,0%
771,26036,最新一期两球组合,30,第1名,11,26037,7 28 32 13 12,否,,0%
772,26036,最新一期两球组合,30,最后1名,26,26037,7 28 32 13 12,否,,0%
773,26036,倒数2期两球组合,30,第1名,30,26037,7 28 32 13 12,否,,0%
774,26036,倒数2期两球组合,30,最后1名,28 6,26037,7 28 32 13 12,是,28,50.0%
775,26036,倒数3期两球组合,30,第1名,11,26037,7 28 32 13 12,否,,0%
776,26036,倒数3期两球组合,30,最后1名,21,26037,7 28 32 13 12,否,,0%
777,26036,倒数4期两球组合,30,第1名,32,26037,7 28 32 13 12,是,32,100.0%
778,26036,倒数4期两球组合,30,最后1名,7 19,26037,7 28 32 13 12,是,7,50.0%
779,26036,倒数5期两球组合,30,第1名,32,26037,7 28 32 13 12,是,32,100.0%
780,26036,倒数5期两球组合,30,最后1名,17,26037,7 28 32 13 12,否,,0%
781,26036,最新一期两球组合,20,第1名,29,26037,7 28 32 13 12,否,,0%
782,26036,最新一期两球组合,20,最后1名,13,26037,7 28 32 13 12,是,13,100.0%
783,26036,倒数2期两球组合,20,第1名,17,26037,7 28 32 13 12,否,,0%
784,26036,倒数2期两球组合,20,最后1名,28 11 21,26037,7 28 32 13 12,是,28,33.3%
785,26036,倒数3期两球组合,20,第1名,28,26037,7 28 32 13 12,是,28,100.0%
786,26036,倒数3期两球组合,20,最后1名,30 27,26037,7 28 32 13 12,否,,0%
787,26036,倒数4期两球组合,20,第1名,32,26037,7 28 32 13 12,是,32,100.0%
788,26036,倒数4期两球组合,20,最后1名,6 18 33 4 19,26037,7 28 32 13 12,否,,0%
789,26036,倒数5期两球组合,20,第1名,32,26037,7 28 32 13 12,是,32,100.0%
790,26036,倒数5期两球组合,20,最后1名,17,26037,7 28 32 13 12,否,,0%
791,26036,最新一期两球组合,10,第1名,34,26037,7 28 32 13 12,否,,0%
792,26036,最新一期两球组合,10,最后1名,24,26037,7 28 32 13 12,否,,0%
793,26036,倒数2期两球组合,10,第1名,32,26037,7 28 32 13 12,是,32,100.0%
794,26036,倒数2期两球组合,10,最后1名,22,26037,7 28 32 13 12,否,,0%
795,26036,倒数3期两球组合,10,第1名,29,26037,7 28 32 13 12,否,,0%
796,26036,倒数3期两球组合,10,最后1名,13 1 31 6 21,26037,7 28 32 13 12,是,13,20.0%
797,26036,倒数4期两球组合,10,第1名,32,26037,7 28 32 13 12,是,32,100.0%
798,26036,倒数4期两球组合,10,最后1名,19,26037,7 28 32 13 12,否,,0%
799,26036,倒数5期两球组合,10,第1名,4,26037,7 28 32 13 12,否,,0%
800,26036,倒数5期两球组合,10,最后1名,25,26037,7 28 32 13 12,否,,0%
801,26035,最新一期两球组合,50,第1名,17,26036,4 26 16 32 7,否,,0%
802,26035,最新一期两球组合,50,最后1名,35 18,26036,4 26 16 32 7,否,,0%
803,26035,倒数2期两球组合,50,第1名,34,26036,4 26 16 32 7,否,,0%
804,26035,倒数2期两球组合,50,最后1名,35 18 5,26036,4 26 16 32 7,否,,0%
805,26035,倒数3期两球组合,50,第1名,12,26036,4 26 16 32 7,否,,0%
806,26035,倒数3期两球组合,50,最后1名,19 20 32 35 16,26036,4 26 16 32 7,是,32 16,40.0%
807,26035,倒数4期两球组合,50,第1名,22,26036,4 26 16 32 7,否,,0%
808,26035,倒数4期两球组合,50,最后1名,27,26036,4 26 16 32 7,否,,0%
809,26035,倒数5期两球组合,50,第1名,15,26036,4 26 16 32 7,否,,0%
810,26035,倒数5期两球组合,50,最后1名,8 4,26036,4 26 16 32 7,是,4,50.0%
811,26035,最新一期两球组合,30,第1名,22,26036,4 26 16 32 7,否,,0%
812,26035,最新一期两球组合,30,最后1名,35 4 7,26036,4 26 16 32 7,是,4 7,66.7%
813,26035,倒数2期两球组合,30,第1名,34,26036,4 26 16 32 7,否,,0%
814,26035,倒数2期两球组合,30,最后1名,21 3 14,26036,4 26 16 32 7,否,,0%
815,26035,倒数3期两球组合,30,第1名,22,26036,4 26 16 32 7,否,,0%
816,26035,倒数3期两球组合,30,最后1名,10,26036,4 26 16 32 7,否,,0%
817,26035,倒数4期两球组合,30,第1名,19,26036,4 26 16 32 7,否,,0%
818,26035,倒数4期两球组合,30,最后1名,8 5 27,26036,4 26 16 32 7,否,,0%
819,26035,倒数5期两球组合,30,第1名,15,26036,4 26 16 32 7,否,,0%
820,26035,倒数5期两球组合,30,最后1名,10,26036,4 26 16 32 7,否,,0%
821,26035,最新一期两球组合,20,第1名,20,26036,4 26 16 32 7,否,,0%
822,26035,最新一期两球组合,20,最后1名,18 25 16,26036,4 26 16 32 7,是,16,33.3%
823,26035,倒数2期两球组合,20,第1名,2,26036,4 26 16 32 7,否,,0%
824,26035,倒数2期两球组合,20,最后1名,18 21,26036,4 26 16 32 7,否,,0%
825,26035,倒数3期两球组合,20,第1名,13,26036,4 26 16 32 7,否,,0%
826,26035,倒数3期两球组合,20,最后1名,19 5 1,26036,4 26 16 32 7,否,,0%
827,26035,倒数4期两球组合,20,第1名,31,26036,4 26 16 32 7,否,,0%
828,26035,倒数4期两球组合,20,最后1名,1,26036,4 26 16 32 7,否,,0%
829,26035,倒数5期两球组合,20,第1名,23,26036,4 26 16 32 7,否,,0%
830,26035,倒数5期两球组合,20,最后1名,8 16,26036,4 26 16 32 7,是,16,50.0%
831,26035,最新一期两球组合,10,第1名,22,26036,4 26 16 32 7,否,,0%
832,26035,最新一期两球组合,10,最后1名,10,26036,4 26 16 32 7,否,,0%
833,26035,倒数2期两球组合,10,第1名,13,26036,4 26 16 32 7,否,,0%
834,26035,倒数2期两球组合,10,最后1名,35,26036,4 26 16 32 7,否,,0%
835,26035,倒数3期两球组合,10,第1名,13,26036,4 26 16 32 7,否,,0%
836,26035,倒数3期两球组合,10,最后1名,5 29 24,26036,4 26 16 32 7,否,,0%
837,26035,倒数4期两球组合,10,第1名,2,26036,4 26 16 32 7,否,,0%
838,26035,倒数4期两球组合,10,最后1名,27,26036,4 26 16 32 7,否,,0%
839,26035,倒数5期两球组合,10,第1名,23,26036,4 26 16 32 7,否,,0%
840,26035,倒数5期两球组合,10,最后1名,8 9 18 10,26036,4 26 16 32 7,否,,0%
841,26034,最新一期两球组合,50,第1名,5,26035,2 30 34 22 33,否,,0%
842,26034,最新一期两球组合,50,最后1名,10 14,26035,2 30 34 22 33,否,,0%
843,26034,倒数2期两球组合,50,第1名,26,26035,2 30 34 22 33,否,,0%
844,26034,倒数2期两球组合,50,最后1名,3,26035,2 30 34 22 33,否,,0%
845,26034,倒数3期两球组合,50,第1名,26,26035,2 30 34 22 33,否,,0%
846,26034,倒数3期两球组合,50,最后1名,24,26035,2 30 34 22 33,否,,0%
847,26034,倒数4期两球组合,50,第1名,26,26035,2 30 34 22 33,否,,0%
848,26034,倒数4期两球组合,50,最后1名,8 18,26035,2 30 34 22 33,否,,0%
849,26034,倒数5期两球组合,50,第1名,27,26035,2 30 34 22 33,否,,0%
850,26034,倒数5期两球组合,50,最后1名,15,26035,2 30 34 22 33,否,,0%
851,26034,最新一期两球组合,30,第1名,11,26035,2 30 34 22 33,否,,0%
852,26034,最新一期两球组合,30,最后1名,10,26035,2 30 34 22 33,否,,0%
853,26034,倒数2期两球组合,30,第1名,12,26035,2 30 34 22 33,否,,0%
854,26034,倒数2期两球组合,30,最后1名,2 14,26035,2 30 34 22 33,是,2,50.0%
855,26034,倒数3期两球组合,30,第1名,26,26035,2 30 34 22 33,否,,0%
856,26034,倒数3期两球组合,30,最后1名,24,26035,2 30 34 22 33,否,,0%
857,26034,倒数4期两球组合,30,第1名,26,26035,2 30 34 22 33,否,,0%
858,26034,倒数4期两球组合,30,最后1名,14 18 6,26035,2 30 34 22 33,否,,0%
859,26034,倒数5期两球组合,30,第1名,27,26035,2 30 34 22 33,否,,0%
860,26034,倒数5期两球组合,30,最后1名,15,26035,2 30 34 22 33,否,,0%
861,26034,最新一期两球组合,20,第1名,22,26035,2 30 34 22 33,是,22,100.0%
862,26034,最新一期两球组合,20,最后1名,3 30 14,26035,2 30 34 22 33,是,30,33.3%
863,26034,倒数2期两球组合,20,第1名,27,26035,2 30 34 22 33,否,,0%
864,26034,倒数2期两球组合,20,最后1名,5,26035,2 30 34 22 33,否,,0%
865,26034,倒数3期两球组合,20,第1名,26,26035,2 30 34 22 33,否,,0%
866,26034,倒数3期两球组合,20,最后1名,32,26035,2 30 34 22 33,否,,0%
867,26034,倒数4期两球组合,20,第1名,26,26035,2 30 34 22 33,否,,0%
868,26034,倒数4期两球组合,20,最后1名,14,26035,2 30 34 22 33,否,,0%
869,26034,倒数5期两球组合,20,第1名,27,26035,2 30 34 22 33,否,,0%
870,26034,倒数5期两球组合,20,最后1名,15,26035,2 30 34 22 33,否,,0%
871,26034,最新一期两球组合,10,第1名,32,26035,2 30 34 22 33,否,,0%
872,26034,最新一期两球组合,10,最后1名,10 15 23,26035,2 30 34 22 33,否,,0%
873,26034,倒数2期两球组合,10,第1名,26,26035,2 30 34 22 33,否,,0%
874,26034,倒数2期两球组合,10,最后1名,7 29 20 16 17 23,26035,2 30 34 22 33,否,,0%
875,26034,倒数3期两球组合,10,第1名,6,26035,2 30 34 22 33,否,,0%
876,26034,倒数3期两球组合,10,最后1名,22 8 3 33 4 9 5 7 14 16 24,26035,2 30 34 22 33,是,22 33,18.2%
877,26034,倒数4期两球组合,10,第1名,15,26035,2 30 34 22 33,否,,0%
878,26034,倒数4期两球组合,10,最后1名,6,26035,2 30 34 22 33,否,,0%
879,26034,倒数5期两球组合,10,第1名,27,26035,2 30 34 22 33,否,,0%
880,26034,倒数5期两球组合,10,最后1名,15,26035,2 30 34 22 33,否,,0%
881,26033,最新一期两球组合,50,第1名,30,26034,27 25 11 26 12,否,,0%
882,26033,最新一期两球组合,50,最后1名,8 12 29 4,26034,27 25 11 26 12,是,12,25.0%
883,26033,倒数2期两球组合,50,第1名,5,26034,27 25 11 26 12,否,,0%
884,26033,倒数2期两球组合,50,最后1名,17 21,26034,27 25 11 26 12,否,,0%
885,26033,倒数3期两球组合,50,第1名,25,26034,27 25 11 26 12,是,25,100.0%
886,26033,倒数3期两球组合,50,最后1名,31,26034,27 25 11 26 12,否,,0%
887,26033,倒数4期两球组合,50,第1名,18,26034,27 25 11 26 12,否,,0%
888,26033,倒数4期两球组合,50,最后1名,14,26034,27 25 11 26 12,否,,0%
889,26033,倒数5期两球组合,50,第1名,5,26034,27 25 11 26 12,否,,0%
890,26033,倒数5期两球组合,50,最后1名,17,26034,27 25 11 26 12,否,,0%
891,26033,最新一期两球组合,30,第1名,6,26034,27 25 11 26 12,否,,0%
892,26033,最新一期两球组合,30,最后1名,8,26034,27 25 11 26 12,否,,0%
893,26033,倒数2期两球组合,30,第1名,7,26034,27 25 11 26 12,否,,0%
894,26033,倒数2期两球组合,30,最后1名,13,26034,27 25 11 26 12,否,,0%
895,26033,倒数3期两球组合,30,第1名,34,26034,27 25 11 26 12,否,,0%
896,26033,倒数3期两球组合,30,最后1名,9,26034,27 25 11 26 12,否,,0%
897,26033,倒数4期两球组合,30,第1名,19,26034,27 25 11 26 12,否,,0%
898,26033,倒数4期两球组合,30,最后1名,30 25 32 22 5 14,26034,27 25 11 26 12,是,25,16.7%
899,26033,倒数5期两球组合,30,第1名,9,26034,27 25 11 26 12,否,,0%
900,26033,倒数5期两球组合,30,最后1名,17,26034,27 25 11 26 12,否,,0%
901,26033,最新一期两球组合,20,第1名,6,26034,27 25 11 26 12,否,,0%
902,26033,最新一期两球组合,20,最后1名,8 9,26034,27 25 11 26 12,否,,0%
903,26033,倒数2期两球组合,20,第1名,2,26034,27 25 11 26 12,否,,0%
904,26033,倒数2期两球组合,20,最后1名,34,26034,27 25 11 26 12,否,,0%
905,26033,倒数3期两球组合,20,第1名,3,26034,27 25 11 26 12,否,,0%
906,26033,倒数3期两球组合,20,最后1名,4,26034,27 25 11 26 12,否,,0%
907,26033,倒数4期两球组合,20,第1名,26,26034,27 25 11 26 12,是,26,100.0%
908,26033,倒数4期两球组合,20,最后1名,30 33,26034,27 25 11 26 12,否,,0%
909,26033,倒数5期两球组合,20,第1名,27,26034,27 25 11 26 12,是,27,100.0%
910,26033,倒数5期两球组合,20,最后1名,12 17,26034,27 25 11 26 12,是,12,50.0%
911,26033,最新一期两球组合,10,第1名,6,26034,27 25 11 26 12,否,,0%
912,26033,最新一期两球组合,10,最后1名,8 18 4,26034,27 25 11 26 12,否,,0%
913,26033,倒数2期两球组合,10,第1名,18,26034,27 25 11 26 12,否,,0%
914,26033,倒数2期两球组合,10,最后1名,29 17,26034,27 25 11 26 12,否,,0%
915,26033,倒数3期两球组合,10,第1名,3,26034,27 25 11 26 12,否,,0%
916,26033,倒数3期两球组合,10,最后1名,4 32 29 20 33 23,26034,27 25 11 26 12,否,,0%
917,26033,倒数4期两球组合,10,第1名,9,26034,27 25 11 26 12,否,,0%
918,26033,倒数4期两球组合,10,最后1名,8 24 4 14,26034,27 25 11 26 12,否,,0%
919,26033,倒数5期两球组合,10,第1名,7,26034,27 25 11 26 12,否,,0%
920,26033,倒数5期两球组合,10,最后1名,2 30 19 20,26034,27 25 11 26 12,否,,0%
921,26032,最新一期两球组合,50,第1名,30,26033,7 3 18 5 9,否,,0%
922,26032,最新一期两球组合,50,最后1名,13,26033,7 3 18 5 9,否,,0%
923,26032,倒数2期两球组合,50,第1名,27,26033,7 3 18 5 9,否,,0%
924,26032,倒数2期两球组合,50,最后1名,13,26033,7 3 18 5 9,否,,0%
925,26032,倒数3期两球组合,50,第1名,9,26033,7 3 18 5 9,是,9,100.0%
926,26032,倒数3期两球组合,50,最后1名,24,26033,7 3 18 5 9,否,,0%
927,26032,倒数4期两球组合,50,第1名,9,26033,7 3 18 5 9,是,9,100.0%
928,26032,倒数4期两球组合,50,最后1名,3,26033,7 3 18 5 9,是,3,100.0%
929,26032,倒数5期两球组合,50,第1名,17,26033,7 3 18 5 9,否,,0%
930,26032,倒数5期两球组合,50,最后1名,23,26033,7 3 18 5 9,否,,0%
931,26032,最新一期两球组合,30,第1名,31,26033,7 3 18 5 9,否,,0%
932,26032,最新一期两球组合,30,最后1名,30,26033,7 3 18 5 9,否,,0%
933,26032,倒数2期两球组合,30,第1名,26,26033,7 3 18 5 9,否,,0%
934,26032,倒数2期两球组合,30,最后1名,16 21,26033,7 3 18 5 9,否,,0%
935,26032,倒数3期两球组合,30,第1名,18,26033,7 3 18 5 9,是,18,100.0%
936,26032,倒数3期两球组合,30,最后1名,24,26033,7 3 18 5 9,否,,0%
937,26032,倒数4期两球组合,30,第1名,9,26033,7 3 18 5 9,是,9,100.0%
938,26032,倒数4期两球组合,30,最后1名,16 8 11 5,26033,7 3 18 5 9,是,5,25.0%
939,26032,倒数5期两球组合,30,第1名,3,26033,7 3 18 5 9,是,3,100.0%
940,26032,倒数5期两球组合,30,最后1名,23,26033,7 3 18 5 9,否,,0%
941,26032,最新一期两球组合,20,第1名,33,26033,7 3 18 5 9,否,,0%
942,26032,最新一期两球组合,20,最后1名,30,26033,7 3 18 5 9,否,,0%
943,26032,倒数2期两球组合,20,第1名,33,26033,7 3 18 5 9,否,,0%
944,26032,倒数2期两球组合,20,最后1名,22 2,26033,7 3 18 5 9,否,,0%
945,26032,倒数3期两球组合,20,第1名,26,26033,7 3 18 5 9,否,,0%
946,26032,倒数3期两球组合,20,最后1名,33 29,26033,7 3 18 5 9,否,,0%
947,26032,倒数4期两球组合,20,第1名,27,26033,7 3 18 5 9,否,,0%
948,26032,倒数4期两球组合,20,最后1名,33,26033,7 3 18 5 9,否,,0%
949,26032,倒数5期两球组合,20,第1名,3,26033,7 3 18 5 9,是,3,100.0%
950,26032,倒数5期两球组合,20,最后1名,1 23,26033,7 3 18 5 9,否,,0%
951,26032,最新一期两球组合,10,第1名,10,26033,7 3 18 5 9,否,,0%
952,26032,最新一期两球组合,10,最后1名,8 17 21 3 13,26033,7 3 18 5 9,是,3,20.0%
953,26032,倒数2期两球组合,10,第1名,3,26033,7 3 18 5 9,是,3,100.0%
954,26032,倒数2期两球组合,10,最后1名,35 9 21,26033,7 3 18 5 9,是,9,33.3%
955,26032,倒数3期两球组合,10,第1名,26,26033,7 3 18 5 9,否,,0%
956,26032,倒数3期两球组合,10,最后1名,7,26033,7 3 18 5 9,是,7,100.0%
957,26032,倒数4期两球组合,10,第1名,27,26033,7 3 18 5 9,否,,0%
958,26032,倒数4期两球组合,10,最后1名,33 15 8 23 5,26033,7 3 18 5 9,是,5,20.0%
959,26032,倒数5期两球组合,10,第1名,19,26033,7 3 18 5 9,否,,0%
960,26032,倒数5期两球组合,10,最后1名,23,26033,7 3 18 5 9,否,,0%
961,26031,最新一期两球组合,50,第1名,2,26032,4 32 3 26 19,否,,0%
962,26031,最新一期两球组合,50,最后1名,24,26032,4 32 3 26 19,否,,0%
963,26031,倒数2期两球组合,50,第1名,8,26032,4 32 3 26 19,否,,0%
964,26031,倒数2期两球组合,50,最后1名,1 18 2,26032,4 32 3 26 19,否,,0%
965,26031,倒数3期两球组合,50,第1名,6,26032,4 32 3 26 19,否,,0%
966,26031,倒数3期两球组合,50,最后1名,22 11 21,26032,4 32 3 26 19,否,,0%
967,26031,倒数4期两球组合,50,第1名,34,26032,4 32 3 26 19,否,,0%
968,26031,倒数4期两球组合,50,最后1名,32,26032,4 32 3 26 19,是,32,100.0%
969,26031,倒数5期两球组合,50,第1名,8,26032,4 32 3 26 19,否,,0%
970,26031,倒数5期两球组合,50,最后1名,26,26032,4 32 3 26 19,是,26,100.0%
971,26031,最新一期两球组合,30,第1名,3,26032,4 32 3 26 19,是,3,100.0%
972,26031,最新一期两球组合,30,最后1名,7 29,26032,4 32 3 26 19,否,,0%
973,26031,倒数2期两球组合,30,第1名,8,26032,4 32 3 26 19,否,,0%
974,26031,倒数2期两球组合,30,最后1名,20 4 7 5,26032,4 32 3 26 19,是,4,25.0%
975,26031,倒数3期两球组合,30,第1名,34,26032,4 32 3 26 19,否,,0%
976,26031,倒数3期两球组合,30,最后1名,3,26032,4 32 3 26 19,是,3,100.0%
977,26031,倒数4期两球组合,30,第1名,34,26032,4 32 3 26 19,否,,0%
978,26031,倒数4期两球组合,30,最后1名,32,26032,4 32 3 26 19,是,32,100.0%
979,26031,倒数5期两球组合,30,第1名,29,26032,4 32 3 26 19,否,,0%
980,26031,倒数5期两球组合,30,最后1名,26,26032,4 32 3 26 19,是,26,100.0%
981,26031,最新一期两球组合,20,第1名,19,26032,4 32 3 26 19,是,19,100.0%
982,26031,最新一期两球组合,20,最后1名,29 12,26032,4 32 3 26 19,否,,0%
983,26031,倒数2期两球组合,20,第1名,5,26032,4 32 3 26 19,否,,0%
984,26031,倒数2期两球组合,20,最后1名,32 20 16,26032,4 32 3 26 19,是,32,33.3%
985,26031,倒数3期两球组合,20,第1名,34,26032,4 32 3 26 19,否,,0%
986,26031,倒数3期两球组合,20,最后1名,23 35,26032,4 32 3 26 19,否,,0%
987,26031,倒数4期两球组合,20,第1名,34,26032,4 32 3 26 19,否,,0%
988,26031,倒数4期两球组合,20,最后1名,29 32 10 23 24,26032,4 32 3 26 19,是,32,20.0%
989,26031,倒数5期两球组合,20,第1名,6,26032,4 32 3 26 19,否,,0%
990,26031,倒数5期两球组合,20,最后1名,26,26032,4 32 3 26 19,是,26,100.0%
991,26031,最新一期两球组合,10,第1名,30,26032,4 32 3 26 19,否,,0%
992,26031,最新一期两球组合,10,最后1名,27 12,26032,4 32 3 26 19,否,,0%
993,26031,倒数2期两球组合,10,第1名,6,26032,4 32 3 26 19,否,,0%
994,26031,倒数2期两球组合,10,最后1名,12 23 25,26032,4 32 3 26 19,否,,0%
995,26031,倒数3期两球组合,10,第1名,34,26032,4 32 3 26 19,否,,0%
996,26031,倒数3期两球组合,10,最后1名,3 18 20,26032,4 32 3 26 19,是,3,33.3%
997,26031,倒数4期两球组合,10,第1名,6,26032,4 32 3 26 19,否,,0%
998,26031,倒数4期两球组合,10,最后1名,32 11 9 10 1 23 14 24,26032,4 32 3 26 19,是,32,12.5%
999,26031,倒数5期两球组合,10,第1名,8,26032,4 32 3 26 19,否,,0%
1000,26031,倒数5期两球组合,10,最后1名,26,26032,4 32 3 26 19,是,26,100.0%
1001,26030,最新一期两球组合,50,第1名,19,26031,34 29 6 22 8,否,,0%
1002,26030,最新一期两球组合,50,最后1名,7 15 16,26031,34 29 6 22 8,否,,0%
1003,26030,倒数2期两球组合,50,第1名,33,26031,34 29 6 22 8,否,,0%
1004,26030,倒数2期两球组合,50,最后1名,14 1 31,26031,34 29 6 22 8,否,,0%
1005,26030,倒数3期两球组合,50,第1名,27,26031,34 29 6 22 8,否,,0%
1006,26030,倒数3期两球组合,50,最后1名,9,26031,34 29 6 22 8,否,,0%
1007,26030,倒数4期两球组合,50,第1名,34,26031,34 29 6 22 8,是,34,100.0%
1008,26030,倒数4期两球组合,50,最后1名,35,26031,34 29 6 22 8,否,,0%
1009,26030,倒数5期两球组合,50,第1名,22,26031,34 29 6 22 8,是,22,100.0%
1010,26030,倒数5期两球组合,50,最后1名,8,26031,34 29 6 22 8,是,8,100.0%
1011,26030,最新一期两球组合,30,第1名,9,26031,34 29 6 22 8,否,,0%
1012,26030,最新一期两球组合,30,最后1名,7 28 8,26031,34 29 6 22 8,是,8,33.3%
1013,26030,倒数2期两球组合,30,第1名,34,26031,34 29 6 22 8,是,34,100.0%
1014,26030,倒数2期两球组合,30,最后1名,35 20,26031,34 29 6 22 8,否,,0%
1015,26030,倒数3期两球组合,30,第1名,2,26031,34 29 6 22 8,否,,0%
1016,26030,倒数3期两球组合,30,最后1名,28 9,26031,34 29 6 22 8,否,,0%
1017,26030,倒数4期两球组合,30,第1名,33,26031,34 29 6 22 8,否,,0%
1018,26030,倒数4期两球组合,30,最后1名,35,26031,34 29 6 22 8,否,,0%
1019,26030,倒数5期两球组合,30,第1名,2,26031,34 29 6 22 8,否,,0%
1020,26030,倒数5期两球组合,30,最后1名,8,26031,34 29 6 22 8,是,8,100.0%
1021,26030,最新一期两球组合,20,第1名,19,26031,34 29 6 22 8,否,,0%
1022,26030,最新一期两球组合,20,最后1名,8,26031,34 29 6 22 8,是,8,100.0%
1023,26030,倒数2期两球组合,20,第1名,2,26031,34 29 6 22 8,否,,0%
1024,26030,倒数2期两球组合,20,最后1名,12 26 21 14,26031,34 29 6 22 8,否,,0%
1025,26030,倒数3期两球组合,20,第1名,2,26031,34 29 6 22 8,否,,0%
1026,26030,倒数3期两球组合,20,最后1名,28 20 24 21 8 9,26031,34 29 6 22 8,是,8,16.7%
1027,26030,倒数4期两球组合,20,第1名,26,26031,34 29 6 22 8,否,,0%
1028,26030,倒数4期两球组合,20,最后1名,25,26031,34 29 6 22 8,否,,0%
1029,26030,倒数5期两球组合,20,第1名,13,26031,34 29 6 22 8,否,,0%
1030,26030,倒数5期两球组合,20,最后1名,8,26031,34 29 6 22 8,是,8,100.0%
1031,26030,最新一期两球组合,10,第1名,4,26031,34 29 6 22 8,否,,0%
1032,26030,最新一期两球组合,10,最后1名,28 15,26031,34 29 6 22 8,否,,0%
1033,26030,倒数2期两球组合,10,第1名,13,26031,34 29 6 22 8,否,,0%
1034,26030,倒数2期两球组合,10,最后1名,29,26031,34 29 6 22 8,是,29,100.0%
1035,26030,倒数3期两球组合,10,第1名,13,26031,34 29 6 22 8,否,,0%
1036,26030,倒数3期两球组合,10,最后1名,29 10,26031,34 29 6 22 8,是,29,50.0%
1037,26030,倒数4期两球组合,10,第1名,34,26031,34 29 6 22 8,是,34,100.0%
1038,26030,倒数4期两球组合,10,最后1名,35 6 33 21 16 20,26031,34 29 6 22 8,是,6,16.7%
1039,26030,倒数5期两球组合,10,第1名,13,26031,34 29 6 22 8,否,,0%
1040,26030,倒数5期两球组合,10,最后1名,8,26031,34 29 6 22 8,是,8,100.0%
1041,26029,最新一期两球组合,50,第1名,31,26030,13 2 34 22 28,否,,0%
1042,26029,最新一期两球组合,50,最后1名,19 14,26030,13 2 34 22 28,否,,0%
1043,26029,倒数2期两球组合,50,第1名,33,26030,13 2 34 22 28,否,,0%
1044,26029,倒数2期两球组合,50,最后1名,10 19,26030,13 2 34 22 28,否,,0%
1045,26029,倒数3期两球组合,50,第1名,8,26030,13 2 34 22 28,否,,0%
1046,26029,倒数3期两球组合,50,最后1名,4 16,26030,13 2 34 22 28,否,,0%
1047,26029,倒数4期两球组合,50,第1名,33,26030,13 2 34 22 28,否,,0%
1048,26029,倒数4期两球组合,50,最后1名,22,26030,13 2 34 22 28,是,22,100.0%
1049,26029,倒数5期两球组合,50,第1名,9,26030,13 2 34 22 28,否,,0%
1050,26029,倒数5期两球组合,50,最后1名,8 1 22 27,26030,13 2 34 22 28,是,22,25.0%
1051,26029,最新一期两球组合,30,第1名,33,26030,13 2 34 22 28,否,,0%
1052,26029,最新一期两球组合,30,最后1名,19 6 2 34 14,26030,13 2 34 22 28,是,2 34,40.0%
1053,26029,倒数2期两球组合,30,第1名,17,26030,13 2 34 22 28,否,,0%
1054,26029,倒数2期两球组合,30,最后1名,13,26030,13 2 34 22 28,是,13,100.0%
1055,26029,倒数3期两球组合,30,第1名,28,26030,13 2 34 22 28,是,28,100.0%
1056,26029,倒数3期两球组合,30,最后1名,4 20 33,26030,13 2 34 22 28,否,,0%
1057,26029,倒数4期两球组合,30,第1名,3,26030,13 2 34 22 28,否,,0%
1058,26029,倒数4期两球组合,30,最后1名,1,26030,13 2 34 22 28,否,,0%
1059,26029,倒数5期两球组合,30,第1名,9,26030,13 2 34 22 28,否,,0%
1060,26029,倒数5期两球组合,30,最后1名,8 24 4,26030,13 2 34 22 28,否,,0%
1061,26029,最新一期两球组合,20,第1名,31,26030,13 2 34 22 28,否,,0%
1062,26029,最新一期两球组合,20,最后1名,12 20,26030,13 2 34 22 28,否,,0%
1063,26029,倒数2期两球组合,20,第1名,33,26030,13 2 34 22 28,否,,0%
1064,26029,倒数2期两球组合,20,最后1名,2 7,26030,13 2 34 22 28,是,2,50.0%
1065,26029,倒数3期两球组合,20,第1名,30,26030,13 2 34 22 28,否,,0%
1066,26029,倒数3期两球组合,20,最后1名,4,26030,13 2 34 22 28,否,,0%
1067,26029,倒数4期两球组合,20,第1名,21,26030,13 2 34 22 28,否,,0%
1068,26029,倒数4期两球组合,20,最后1名,1 2,26030,13 2 34 22 28,是,2,50.0%
1069,26029,倒数5期两球组合,20,第1名,18,26030,13 2 34 22 28,否,,0%
1070,26029,倒数5期两球组合,20,最后1名,30,26030,13 2 34 22 28,否,,0%
1071,26029,最新一期两球组合,10,第1名,31,26030,13 2 34 22 28,否,,0%
1072,26029,最新一期两球组合,10,最后1名,8 20,26030,13 2 34 22 28,否,,0%
1073,26029,倒数2期两球组合,10,第1名,33,26030,13 2 34 22 28,否,,0%
1074,26029,倒数2期两球组合,10,最后1名,31 32 13 24,26030,13 2 34 22 28,是,13,25.0%
1075,26029,倒数3期两球组合,10,第1名,35,26030,13 2 34 22 28,否,,0%
1076,26029,倒数3期两球组合,10,最后1名,4,26030,13 2 34 22 28,否,,0%
1077,26029,倒数4期两球组合,10,第1名,33,26030,13 2 34 22 28,否,,0%
1078,26029,倒数4期两球组合,10,最后1名,1 14 30 7 23,26030,13 2 34 22 28,否,,0%
1079,26029,倒数5期两球组合,10,第1名,33,26030,13 2 34 22 28,否,,0%
1080,26029,倒数5期两球组合,10,最后1名,8 16 28 31,26030,13 2 34 22 28,是,28,25.0%
1081,26028,最新一期两球组合,50,第1名,31,26029,35 33 3 17 5,否,,0%
1082,26028,最新一期两球组合,50,最后1名,16,26029,35 33 3 17 5,否,,0%
1083,26028,倒数2期两球组合,50,第1名,34,26029,35 33 3 17 5,否,,0%
1084,26028,倒数2期两球组合,50,最后1名,33,26029,35 33 3 17 5,是,33,100.0%
1085,26028,倒数3期两球组合,50,第1名,1,26029,35 33 3 17 5,否,,0%
1086,26028,倒数3期两球组合,50,最后1名,2,26029,35 33 3 17 5,否,,0%
1087,26028,倒数4期两球组合,50,第1名,34,26029,35 33 3 17 5,否,,0%
1088,26028,倒数4期两球组合,50,最后1名,26,26029,35 33 3 17 5,否,,0%
1089,26028,倒数5期两球组合,50,第1名,10,26029,35 33 3 17 5,否,,0%
1090,26028,倒数5期两球组合,50,最后1名,23,26029,35 33 3 17 5,否,,0%
1091,26028,最新一期两球组合,30,第1名,5,26029,35 33 3 17 5,是,5,100.0%
1092,26028,最新一期两球组合,30,最后1名,4 16,26029,35 33 3 17 5,否,,0%
1093,26028,倒数2期两球组合,30,第1名,29,26029,35 33 3 17 5,否,,0%
1094,26028,倒数2期两球组合,30,最后1名,25 35 13 23,26029,35 33 3 17 5,是,35,25.0%
1095,26028,倒数3期两球组合,30,第1名,1,26029,35 33 3 17 5,否,,0%
1096,26028,倒数3期两球组合,30,最后1名,2 7,26029,35 33 3 17 5,否,,0%
1097,26028,倒数4期两球组合,30,第1名,34,26029,35 33 3 17 5,否,,0%
1098,26028,倒数4期两球组合,30,最后1名,22,26029,35 33 3 17 5,否,,0%
1099,26028,倒数5期两球组合,30,第1名,18,26029,35 33 3 17 5,否,,0%
1100,26028,倒数5期两球组合,30,最后1名,33,26029,35 33 3 17 5,是,33,100.0%
1101,26028,最新一期两球组合,20,第1名,26,26029,35 33 3 17 5,否,,0%
1102,26028,最新一期两球组合,20,最后1名,7 16,26029,35 33 3 17 5,否,,0%
1103,26028,倒数2期两球组合,20,第1名,34,26029,35 33 3 17 5,否,,0%
1104,26028,倒数2期两球组合,20,最后1名,16 8,26029,35 33 3 17 5,否,,0%
1105,26028,倒数3期两球组合,20,第1名,1,26029,35 33 3 17 5,否,,0%
1106,26028,倒数3期两球组合,20,最后1名,2 9 35,26029,35 33 3 17 5,是,35,33.3%
1107,26028,倒数4期两球组合,20,第1名,34,26029,35 33 3 17 5,否,,0%
1108,26028,倒数4期两球组合,20,最后1名,22 23 15 3,26029,35 33 3 17 5,是,3,25.0%
1109,26028,倒数5期两球组合,20,第1名,2,26029,35 33 3 17 5,否,,0%
1110,26028,倒数5期两球组合,20,最后1名,23,26029,35 33 3 17 5,否,,0%
1111,26028,最新一期两球组合,10,第1名,34,26029,35 33 3 17 5,否,,0%
1112,26028,最新一期两球组合,10,最后1名,15,26029,35 33 3 17 5,否,,0%
1113,26028,倒数2期两球组合,10,第1名,34,26029,35 33 3 17 5,否,,0%
1114,26028,倒数2期两球组合,10,最后1名,2 10 32 21 8,26029,35 33 3 17 5,否,,0%
1115,26028,倒数3期两球组合,10,第1名,1,26029,35 33 3 17 5,否,,0%
1116,26028,倒数3期两球组合,10,最后1名,2,26029,35 33 3 17 5,否,,0%
1117,26028,倒数4期两球组合,10,第1名,34,26029,35 33 3 17 5,否,,0%
1118,26028,倒数4期两球组合,10,最后1名,22 5 19 6 16 35,26029,35 33 3 17 5,是,5 35,33.3%
1119,26028,倒数5期两球组合,10,第1名,10,26029,35 33 3 17 5,否,,0%
1120,26028,倒数5期两球组合,10,最后1名,23,26029,35 33 3 17 5,否,,0%
1121,26027,最新一期两球组合,50,第1名,10,26028,29 30 34 27 15,否,,0%
1122,26027,最新一期两球组合,50,最后1名,13,26028,29 30 34 27 15,否,,0%
1123,26027,倒数2期两球组合,50,第1名,6,26028,29 30 34 27 15,否,,0%
1124,26027,倒数2期两球组合,50,最后1名,18 13,26028,29 30 34 27 15,否,,0%
1125,26027,倒数3期两球组合,50,第1名,10,26028,29 30 34 27 15,否,,0%
1126,26027,倒数3期两球组合,50,最后1名,12,26028,29 30 34 27 15,否,,0%
1127,26027,倒数4期两球组合,50,第1名,35,26028,29 30 34 27 15,否,,0%
1128,26027,倒数4期两球组合,50,最后1名,11,26028,29 30 34 27 15,否,,0%
1129,26027,倒数5期两球组合,50,第1名,20,26028,29 30 34 27 15,否,,0%
1130,26027,倒数5期两球组合,50,最后1名,23,26028,29 30 34 27 15,否,,0%
1131,26027,最新一期两球组合,30,第1名,34,26028,29 30 34 27 15,是,34,100.0%
1132,26027,最新一期两球组合,30,最后1名,29 13,26028,29 30 34 27 15,是,29,50.0%
1133,26027,倒数2期两球组合,30,第1名,7,26028,29 30 34 27 15,否,,0%
1134,26027,倒数2期两球组合,30,最后1名,31,26028,29 30 34 27 15,否,,0%
1135,26027,倒数3期两球组合,30,第1名,30,26028,29 30 34 27 15,是,30,100.0%
1136,26027,倒数3期两球组合,30,最后1名,3 5,26028,29 30 34 27 15,否,,0%
1137,26027,倒数4期两球组合,30,第1名,12,26028,29 30 34 27 15,否,,0%
1138,26027,倒数4期两球组合,30,最后1名,11,26028,29 30 34 27 15,否,,0%
1139,26027,倒数5期两球组合,30,第1名,16,26028,29 30 34 27 15,否,,0%
1140,26027,倒数5期两球组合,30,最后1名,23,26028,29 30 34 27 15,否,,0%
1141,26027,最新一期两球组合,20,第1名,34,26028,29 30 34 27 15,是,34,100.0%
1142,26027,最新一期两球组合,20,最后1名,11 13,26028,29 30 34 27 15,否,,0%
1143,26027,倒数2期两球组合,20,第1名,7,26028,29 30 34 27 15,否,,0%
1144,26027,倒数2期两球组合,20,最后1名,23,26028,29 30 34 27 15,否,,0%
1145,26027,倒数3期两球组合,20,第1名,30,26028,29 30 34 27 15,是,30,100.0%
1146,26027,倒数3期两球组合,20,最后1名,14,26028,29 30 34 27 15,否,,0%
1147,26027,倒数4期两球组合,20,第1名,12,26028,29 30 34 27 15,否,,0%
1148,26027,倒数4期两球组合,20,最后1名,25 8,26028,29 30 34 27 15,否,,0%
1149,26027,倒数5期两球组合,20,第1名,20,26028,29 30 34 27 15,否,,0%
1150,26027,倒数5期两球组合,20,最后1名,28 23,26028,29 30 34 27 15,否,,0%
1151,26027,最新一期两球组合,10,第1名,23,26028,29 30 34 27 15,否,,0%
1152,26027,最新一期两球组合,10,最后1名,29 11 9,26028,29 30 34 27 15,是,29,33.3%
1153,26027,倒数2期两球组合,10,第1名,9,26028,29 30 34 27 15,否,,0%
1154,26027,倒数2期两球组合,10,最后1名,19 2 8 17 23 25 10,26028,29 30 34 27 15,否,,0%
1155,26027,倒数3期两球组合,10,第1名,11,26028,29 30 34 27 15,否,,0%
1156,26027,倒数3期两球组合,10,最后1名,3 29,26028,29 30 34 27 15,是,29,50.0%
1157,26027,倒数4期两球组合,10,第1名,12,26028,29 30 34 27 15,否,,0%
1158,26027,倒数4期两球组合,10,最后1名,31 19 8,26028,29 30 34 27 15,否,,0%
1159,26027,倒数5期两球组合,10,第1名,16,26028,29 30 34 27 15,否,,0%
1160,26027,倒数5期两球组合,10,最后1名,23,26028,29 30 34 27 15,否,,0%
1161,26026,最新一期两球组合,50,第1名,11,26027,16 12 9 11 10,是,11,100.0%
1162,26026,最新一期两球组合,50,最后1名,24,26027,16 12 9 11 10,否,,0%
1163,26026,倒数2期两球组合,50,第1名,21,26027,16 12 9 11 10,否,,0%
1164,26026,倒数2期两球组合,50,最后1名,4,26027,16 12 9 11 10,否,,0%
1165,26026,倒数3期两球组合,50,第1名,10,26027,16 12 9 11 10,是,10,100.0%
1166,26026,倒数3期两球组合,50,最后1名,26,26027,16 12 9 11 10,否,,0%
1167,26026,倒数4期两球组合,50,第1名,22,26027,16 12 9 11 10,否,,0%
1168,26026,倒数4期两球组合,50,最后1名,3 13,26027,16 12 9 11 10,否,,0%
1169,26026,倒数5期两球组合,50,第1名,24,26027,16 12 9 11 10,否,,0%
1170,26026,倒数5期两球组合,50,最后1名,25,26027,16 12 9 11 10,否,,0%
1171,26026,最新一期两球组合,30,第1名,24,26027,16 12 9 11 10,否,,0%
1172,26026,最新一期两球组合,30,最后1名,32,26027,16 12 9 11 10,否,,0%
1173,26026,倒数2期两球组合,30,第1名,10,26027,16 12 9 11 10,是,10,100.0%
1174,26026,倒数2期两球组合,30,最后1名,25,26027,16 12 9 11 10,否,,0%
1175,26026,倒数3期两球组合,30,第1名,22,26027,16 12 9 11 10,否,,0%
1176,26026,倒数3期两球组合,30,最后1名,29 12,26027,16 12 9 11 10,是,12,50.0%
1177,26026,倒数4期两球组合,30,第1名,26,26027,16 12 9 11 10,否,,0%
1178,26026,倒数4期两球组合,30,最后1名,29 6 33 35,26027,16 12 9 11 10,否,,0%
1179,26026,倒数5期两球组合,30,第1名,10,26027,16 12 9 11 10,是,10,100.0%
1180,26026,倒数5期两球组合,30,最后1名,25,26027,16 12 9 11 10,否,,0%
1181,26026,最新一期两球组合,20,第1名,8,26027,16 12 9 11 10,否,,0%
1182,26026,最新一期两球组合,20,最后1名,33 32 1 17 13,26027,16 12 9 11 10,否,,0%
1183,26026,倒数2期两球组合,20,第1名,3,26027,16 12 9 11 10,否,,0%
1184,26026,倒数2期两球组合,20,最后1名,30 8,26027,16 12 9 11 10,否,,0%
1185,26026,倒数3期两球组合,20,第1名,22,26027,16 12 9 11 10,否,,0%
1186,26026,倒数3期两球组合,20,最后1名,34,26027,16 12 9 11 10,否,,0%
1187,26026,倒数4期两球组合,20,第1名,22,26027,16 12 9 11 10,否,,0%
1188,26026,倒数4期两球组合,20,最后1名,3,26027,16 12 9 11 10,否,,0%
1189,26026,倒数5期两球组合,20,第1名,10,26027,16 12 9 11 10,是,10,100.0%
1190,26026,倒数5期两球组合,20,最后1名,25,26027,16 12 9 11 10,否,,0%
1191,26026,最新一期两球组合,10,第1名,11,26027,16 12 9 11 10,是,11,100.0%
1192,26026,最新一期两球组合,10,最后1名,33 17,26027,16 12 9 11 10,否,,0%
1193,26026,倒数2期两球组合,10,第1名,10,26027,16 12 9 11 10,是,10,100.0%
1194,26026,倒数2期两球组合,10,最后1名,31 21 15,26027,16 12 9 11 10,否,,0%
1195,26026,倒数3期两球组合,10,第1名,22,26027,16 12 9 11 10,否,,0%
1196,26026,倒数3期两球组合,10,最后1名,30,26027,16 12 9 11 10,否,,0%
1197,26026,倒数4期两球组合,10,第1名,10,26027,16 12 9 11 10,是,10,100.0%
1198,26026,倒数4期两球组合,10,最后1名,1,26027,16 12 9 11 10,否,,0%
1199,26026,倒数5期两球组合,10,第1名,11,26027,16 12 9 11 10,是,11,100.0%
1200,26026,倒数5期两球组合,10,最后1名,31 25,26027,16 12 9 11 10,否,,0%
1201,26025,最新一期两球组合,50,第1名,31,26026,32 22 10 26 11,否,,0%
1202,26025,最新一期两球组合,50,最后1名,21,26026,32 22 10 26 11,否,,0%
1203,26025,倒数2期两球组合,50,第1名,20,26026,32 22 10 26 11,否,,0%
1204,26025,倒数2期两球组合,50,最后1名,26,26026,32 22 10 26 11,是,26,100.0%
1205,26025,倒数3期两球组合,50,第1名,3,26026,32 22 10 26 11,否,,0%
1206,26025,倒数3期两球组合,50,最后1名,14,26026,32 22 10 26 11,否,,0%
1207,26025,倒数4期两球组合,50,第1名,27,26026,32 22 10 26 11,否,,0%
1208,26025,倒数4期两球组合,50,最后1名,14,26026,32 22 10 26 11,否,,0%
1209,26025,倒数5期两球组合,50,第1名,12,26026,32 22 10 26 11,否,,0%
1210,26025,倒数5期两球组合,50,最后1名,16,26026,32 22 10 26 11,否,,0%
1211,26025,最新一期两球组合,30,第1名,5,26026,32 22 10 26 11,否,,0%
1212,26025,最新一期两球组合,30,最后1名,22 1 16 32 21,26026,32 22 10 26 11,是,22 32,40.0%
1213,26025,倒数2期两球组合,30,第1名,22,26026,32 22 10 26 11,是,22,100.0%
1214,26025,倒数2期两球组合,30,最后1名,34 26,26026,32 22 10 26 11,是,26,50.0%
1215,26025,倒数3期两球组合,30,第1名,3,26026,32 22 10 26 11,否,,0%
1216,26025,倒数3期两球组合,30,最后1名,14,26026,32 22 10 26 11,否,,0%
1217,26025,倒数4期两球组合,30,第1名,28,26026,32 22 10 26 11,否,,0%
1218,26025,倒数4期两球组合,30,最后1名,5,26026,32 22 10 26 11,否,,0%
1219,26025,倒数5期两球组合,30,第1名,9,26026,32 22 10 26 11,否,,0%
1220,26025,倒数5期两球组合,30,最后1名,16,26026,32 22 10 26 11,否,,0%
1221,26025,最新一期两球组合,20,第1名,3,26026,32 22 10 26 11,否,,0%
1222,26025,最新一期两球组合,20,最后1名,35 21,26026,32 22 10 26 11,否,,0%
1223,26025,倒数2期两球组合,20,第1名,10,26026,32 22 10 26 11,是,10,100.0%
1224,26025,倒数2期两球组合,20,最后1名,33 26 6,26026,32 22 10 26 11,是,26,33.3%
1225,26025,倒数3期两球组合,20,第1名,3,26026,32 22 10 26 11,否,,0%
1226,26025,倒数3期两球组合,20,最后1名,14,26026,32 22 10 26 11,否,,0%
1227,26025,倒数4期两球组合,20,第1名,28,26026,32 22 10 26 11,否,,0%
1228,26025,倒数4期两球组合,20,最后1名,7,26026,32 22 10 26 11,否,,0%
1229,26025,倒数5期两球组合,20,第1名,27,26026,32 22 10 26 11,否,,0%
1230,26025,倒数5期两球组合,20,最后1名,16,26026,32 22 10 26 11,否,,0%
1231,26025,最新一期两球组合,10,第1名,28,26026,32 22 10 26 11,否,,0%
1232,26025,最新一期两球组合,10,最后1名,16,26026,32 22 10 26 11,否,,0%
1233,26025,倒数2期两球组合,10,第1名,15,26026,32 22 10 26 11,否,,0%
1234,26025,倒数2期两球组合,10,最后1名,30,26026,32 22 10 26 11,否,,0%
1235,26025,倒数3期两球组合,10,第1名,3,26026,32 22 10 26 11,否,,0%
1236,26025,倒数3期两球组合,10,最后1名,20 30 34 27 14,26026,32 22 10 26 11,否,,0%
1237,26025,倒数4期两球组合,10,第1名,24,26026,32 22 10 26 11,否,,0%
1238,26025,倒数4期两球组合,10,最后1名,32 22,26026,32 22 10 26 11,是,32 22,100.0%
1239,26025,倒数5期两球组合,10,第1名,3,26026,32 22 10 26 11,否,,0%
1240,26025,倒数5期两球组合,10,最后1名,2 20 30 9,26026,32 22 10 26 11,否,,0%
1241,26024,最新一期两球组合,50,第1名,10,26025,24 29 28 15 3,否,,0%
1242,26024,最新一期两球组合,50,最后1名,25,26025,24 29 28 15 3,否,,0%
1243,26024,倒数2期两球组合,50,第1名,6,26025,24 29 28 15 3,否,,0%
1244,26024,倒数2期两球组合,50,最后1名,11,26025,24 29 28 15 3,否,,0%
1245,26024,倒数3期两球组合,50,第1名,2,26025,24 29 28 15 3,否,,0%
1246,26024,倒数3期两球组合,50,最后1名,7 22,26025,24 29 28 15 3,否,,0%
1247,26024,倒数4期两球组合,50,第1名,2,26025,24 29 28 15 3,否,,0%
1248,26024,倒数4期两球组合,50,最后1名,30,26025,24 29 28 15 3,否,,0%
1249,26024,倒数5期两球组合,50,第1名,4,26025,24 29 28 15 3,否,,0%
1250,26024,倒数5期两球组合,50,最后1名,12,26025,24 29 28 15 3,否,,0%
1251,26024,最新一期两球组合,30,第1名,31,26025,24 29 28 15 3,否,,0%
1252,26024,最新一期两球组合,30,最后1名,30 1 34 15 6 13 25,26025,24 29 28 15 3,是,15,14.3%
1253,26024,倒数2期两球组合,30,第1名,2,26025,24 29 28 15 3,否,,0%
1254,26024,倒数2期两球组合,30,最后1名,27 28 12 16,26025,24 29 28 15 3,是,28,25.0%
1255,26024,倒数3期两球组合,30,第1名,2,26025,24 29 28 15 3,否,,0%
1256,26024,倒数3期两球组合,30,最后1名,22,26025,24 29 28 15 3,否,,0%
1257,26024,倒数4期两球组合,30,第1名,10,26025,24 29 28 15 3,否,,0%
1258,26024,倒数4期两球组合,30,最后1名,19,26025,24 29 28 15 3,否,,0%
1259,26024,倒数5期两球组合,30,第1名,21,26025,24 29 28 15 3,否,,0%
1260,26024,倒数5期两球组合,30,最后1名,12,26025,24 29 28 15 3,否,,0%
1261,26024,最新一期两球组合,20,第1名,32,26025,24 29 28 15 3,否,,0%
1262,26024,最新一期两球组合,20,最后1名,30,26025,24 29 28 15 3,否,,0%
1263,26024,倒数2期两球组合,20,第1名,23,26025,24 29 28 15 3,否,,0%
1264,26024,倒数2期两球组合,20,最后1名,4 26,26025,24 29 28 15 3,否,,0%
1265,26024,倒数3期两球组合,20,第1名,2,26025,24 29 28 15 3,否,,0%
1266,26024,倒数3期两球组合,20,最后1名,16,26025,24 29 28 15 3,否,,0%
1267,26024,倒数4期两球组合,20,第1名,21,26025,24 29 28 15 3,否,,0%
1268,26024,倒数4期两球组合,20,最后1名,30,26025,24 29 28 15 3,否,,0%
1269,26024,倒数5期两球组合,20,第1名,8,26025,24 29 28 15 3,否,,0%
1270,26024,倒数5期两球组合,20,最后1名,15 12,26025,24 29 28 15 3,是,15,50.0%
1271,26024,最新一期两球组合,10,第1名,26,26025,24 29 28 15 3,否,,0%
1272,26024,最新一期两球组合,10,最后1名,30,26025,24 29 28 15 3,否,,0%
1273,26024,倒数2期两球组合,10,第1名,2,26025,24 29 28 15 3,否,,0%
1274,26024,倒数2期两球组合,10,最后1名,34,26025,24 29 28 15 3,否,,0%
1275,26024,倒数3期两球组合,10,第1名,2,26025,24 29 28 15 3,否,,0%
1276,26024,倒数3期两球组合,10,最后1名,33 5 20 32,26025,24 29 28 15 3,否,,0%
1277,26024,倒数4期两球组合,10,第1名,21,26025,24 29 28 15 3,否,,0%
1278,26024,倒数4期两球组合,10,最后1名,30 29,26025,24 29 28 15 3,是,29,50.0%
1279,26024,倒数5期两球组合,10,第1名,8,26025,24 29 28 15 3,否,,0%
1280,26024,倒数5期两球组合,10,最后1名,15 9 5,26025,24 29 28 15 3,是,15,33.3%
1281,26023,最新一期两球组合,50,第1名,24,26024,4 21 10 2 8,否,,0%
1282,26023,最新一期两球组合,50,最后1名,29,26024,4 21 10 2 8,否,,0%
1283,26023,倒数2期两球组合,50,第1名,27,26024,4 21 10 2 8,否,,0%
1284,26023,倒数2期两球组合,50,最后1名,8,26024,4 21 10 2 8,是,8,100.0%
1285,26023,倒数3期两球组合,50,第1名,27,26024,4 21 10 2 8,否,,0%
1286,26023,倒数3期两球组合,50,最后1名,2 22 29 32 8,26024,4 21 10 2 8,是,2 8,40.0%
1287,26023,倒数4期两球组合,50,第1名,29,26024,4 21 10 2 8,否,,0%
1288,26023,倒数4期两球组合,50,最后1名,6 23,26024,4 21 10 2 8,否,,0%
1289,26023,倒数5期两球组合,50,第1名,31,26024,4 21 10 2 8,否,,0%
1290,26023,倒数5期两球组合,50,最后1名,15,26024,4 21 10 2 8,否,,0%
1291,26023,最新一期两球组合,30,第1名,11,26024,4 21 10 2 8,否,,0%
1292,26023,最新一期两球组合,30,最后1名,29 9 14,26024,4 21 10 2 8,否,,0%
1293,26023,倒数2期两球组合,30,第1名,4,26024,4 21 10 2 8,是,4,100.0%
1294,26023,倒数2期两球组合,30,最后1名,30 19,26024,4 21 10 2 8,否,,0%
1295,26023,倒数3期两球组合,30,第1名,9,26024,4 21 10 2 8,否,,0%
1296,26023,倒数3期两球组合,30,最后1名,12,26024,4 21 10 2 8,否,,0%
1297,26023,倒数4期两球组合,30,第1名,16,26024,4 21 10 2 8,否,,0%
1298,26023,倒数4期两球组合,30,最后1名,6 10 24,26024,4 21 10 2 8,是,10,33.3%
1299,26023,倒数5期两球组合,30,第1名,31,26024,4 21 10 2 8,否,,0%
1300,26023,倒数5期两球组合,30,最后1名,15,26024,4 21 10 2 8,否,,0%
1301,26023,最新一期两球组合,20,第1名,7,26024,4 21 10 2 8,否,,0%
1302,26023,最新一期两球组合,20,最后1名,29 30,26024,4 21 10 2 8,否,,0%
1303,26023,倒数2期两球组合,20,第1名,25,26024,4 21 10 2 8,否,,0%
1304,26023,倒数2期两球组合,20,最后1名,5,26024,4 21 10 2 8,否,,0%
1305,26023,倒数3期两球组合,20,第1名,28,26024,4 21 10 2 8,否,,0%
1306,26023,倒数3期两球组合,20,最后1名,31 12,26024,4 21 10 2 8,否,,0%
1307,26023,倒数4期两球组合,20,第1名,26,26024,4 21 10 2 8,否,,0%
1308,26023,倒数4期两球组合,20,最后1名,23,26024,4 21 10 2 8,否,,0%
1309,26023,倒数5期两球组合,20,第1名,28,26024,4 21 10 2 8,否,,0%
1310,26023,倒数5期两球组合,20,最后1名,3 31 30 15,26024,4 21 10 2 8,否,,0%
1311,26023,最新一期两球组合,10,第1名,11,26024,4 21 10 2 8,否,,0%
1312,26023,最新一期两球组合,10,最后1名,29,26024,4 21 10 2 8,否,,0%
1313,26023,倒数2期两球组合,10,第1名,6,26024,4 21 10 2 8,否,,0%
1314,26023,倒数2期两球组合,10,最后1名,19 31 2 17 21 18,26024,4 21 10 2 8,是,2 21,33.3%
1315,26023,倒数3期两球组合,10,第1名,26,26024,4 21 10 2 8,否,,0%
1316,26023,倒数3期两球组合,10,最后1名,30 22 4 33 11 34 12,26024,4 21 10 2 8,是,4,14.3%
1317,26023,倒数4期两球组合,10,第1名,16,26024,4 21 10 2 8,否,,0%
1318,26023,倒数4期两球组合,10,最后1名,4 3 10 20,26024,4 21 10 2 8,是,4 10,50.0%
1319,26023,倒数5期两球组合,10,第1名,28,26024,4 21 10 2 8,否,,0%
1320,26023,倒数5期两球组合,10,最后1名,3 6 15 4 24,26024,4 21 10 2 8,是,4,20.0%
1321,26022,最新一期两球组合,50,第1名,10,26023,27 26 25 9 28,否,,0%
1322,26022,最新一期两球组合,50,最后1名,21,26023,27 26 25 9 28,否,,0%
1323,26022,倒数2期两球组合,50,第1名,19,26023,27 26 25 9 28,否,,0%
1324,26022,倒数2期两球组合,50,最后1名,13,26023,27 26 25 9 28,否,,0%
1325,26022,倒数3期两球组合,50,第1名,9,26023,27 26 25 9 28,是,9,100.0%
1326,26022,倒数3期两球组合,50,最后1名,24 33 20,26023,27 26 25 9 28,否,,0%
1327,26022,倒数4期两球组合,50,第1名,31,26023,27 26 25 9 28,否,,0%
1328,26022,倒数4期两球组合,50,最后1名,1,26023,27 26 25 9 28,否,,0%
1329,26022,倒数5期两球组合,50,第1名,24,26023,27 26 25 9 28,否,,0%
1330,26022,倒数5期两球组合,50,最后1名,22 1,26023,27 26 25 9 28,否,,0%
1331,26022,最新一期两球组合,30,第1名,31,26023,27 26 25 9 28,否,,0%
1332,26022,最新一期两球组合,30,最后1名,34 22 21,26023,27 26 25 9 28,否,,0%
1333,26022,倒数2期两球组合,30,第1名,10,26023,27 26 25 9 28,否,,0%
1334,26022,倒数2期两球组合,30,最后1名,3 17,26023,27 26 25 9 28,否,,0%
1335,26022,倒数3期两球组合,30,第1名,9,26023,27 26 25 9 28,是,9,100.0%
1336,26022,倒数3期两球组合,30,最后1名,7 24,26023,27 26 25 9 28,否,,0%
1337,26022,倒数4期两球组合,30,第1名,19,26023,27 26 25 9 28,否,,0%
1338,26022,倒数4期两球组合,30,最后1名,1 15 2,26023,27 26 25 9 28,否,,0%
1339,26022,倒数5期两球组合,30,第1名,26,26023,27 26 25 9 28,是,26,100.0%
1340,26022,倒数5期两球组合,30,最后1名,6 3 1 8,26023,27 26 25 9 28,否,,0%
1341,26022,最新一期两球组合,20,第1名,13,26023,27 26 25 9 28,否,,0%
1342,26022,最新一期两球组合,20,最后1名,33,26023,27 26 25 9 28,否,,0%
1343,26022,倒数2期两球组合,20,第1名,4,26023,27 26 25 9 28,否,,0%
1344,26022,倒数2期两球组合,20,最后1名,2,26023,27 26 25 9 28,否,,0%
1345,26022,倒数3期两球组合,20,第1名,9,26023,27 26 25 9 28,是,9,100.0%
1346,26022,倒数3期两球组合,20,最后1名,4,26023,27 26 25 9 28,否,,0%
1347,26022,倒数4期两球组合,20,第1名,31,26023,27 26 25 9 28,否,,0%
1348,26022,倒数4期两球组合,20,最后1名,1,26023,27 26 25 9 28,否,,0%
1349,26022,倒数5期两球组合,20,第1名,9,26023,27 26 25 9 28,是,9,100.0%
1350,26022,倒数5期两球组合,20,最后1名,22 27,26023,27 26 25 9 28,是,27,50.0%
1351,26022,最新一期两球组合,10,第1名,11,26023,27 26 25 9 28,否,,0%
1352,26022,最新一期两球组合,10,最后1名,33,26023,27 26 25 9 28,否,,0%
1353,26022,倒数2期两球组合,10,第1名,9,26023,27 26 25 9 28,是,9,100.0%
1354,26022,倒数2期两球组合,10,最后1名,19 21,26023,27 26 25 9 28,否,,0%
1355,26022,倒数3期两球组合,10,第1名,9,26023,27 26 25 9 28,是,9,100.0%
1356,26022,倒数3期两球组合,10,最后1名,3 28 32 4,26023,27 26 25 9 28,是,28,25.0%
1357,26022,倒数4期两球组合,10,第1名,26,26023,27 26 25 9 28,是,26,100.0%
1358,26022,倒数4期两球组合,10,最后1名,1,26023,27 26 25 9 28,否,,0%
1359,26022,倒数5期两球组合,10,第1名,9,26023,27 26 25 9 28,是,9,100.0%
1360,26022,倒数5期两球组合,10,最后1名,8,26023,27 26 25 9 28,否,,0%
1361,26021,最新一期两球组合,50,第1名,31,26022,9 10 5 26 18,否,,0%
1362,26021,最新一期两球组合,50,最后1名,26,26022,9 10 5 26 18,是,26,100.0%
1363,26021,倒数2期两球组合,50,第1名,12,26022,9 10 5 26 18,否,,0%
1364,26021,倒数2期两球组合,50,最后1名,8 24,26022,9 10 5 26 18,否,,0%
1365,26021,倒数3期两球组合,50,第1名,6,26022,9 10 5 26 18,否,,0%
1366,26021,倒数3期两球组合,50,最后1名,9,26022,9 10 5 26 18,是,9,100.0%
1367,26021,倒数4期两球组合,50,第1名,19,26022,9 10 5 26 18,否,,0%
1368,26021,倒数4期两球组合,50,最后1名,33,26022,9 10 5 26 18,否,,0%
1369,26021,倒数5期两球组合,50,第1名,17,26022,9 10 5 26 18,否,,0%
1370,26021,倒数5期两球组合,50,最后1名,25 1 20,26022,9 10 5 26 18,否,,0%
1371,26021,最新一期两球组合,30,第1名,20,26022,9 10 5 26 18,否,,0%
1372,26021,最新一期两球组合,30,最后1名,26,26022,9 10 5 26 18,是,26,100.0%
1373,26021,倒数2期两球组合,30,第1名,12,26022,9 10 5 26 18,否,,0%
1374,26021,倒数2期两球组合,30,最后1名,7 8 18,26022,9 10 5 26 18,是,18,33.3%
1375,26021,倒数3期两球组合,30,第1名,17,26022,9 10 5 26 18,否,,0%
1376,26021,倒数3期两球组合,30,最后1名,24,26022,9 10 5 26 18,否,,0%
1377,26021,倒数4期两球组合,30,第1名,14,26022,9 10 5 26 18,否,,0%
1378,26021,倒数4期两球组合,30,最后1名,20 21 16,26022,9 10 5 26 18,否,,0%
1379,26021,倒数5期两球组合,30,第1名,17,26022,9 10 5 26 18,否,,0%
1380,26021,倒数5期两球组合,30,最后1名,20,26022,9 10 5 26 18,否,,0%
1381,26021,最新一期两球组合,20,第1名,11,26022,9 10 5 26 18,否,,0%
1382,26021,最新一期两球组合,20,最后1名,19 26,26022,9 10 5 26 18,是,26,50.0%
1383,26021,倒数2期两球组合,20,第1名,12,26022,9 10 5 26 18,否,,0%
1384,26021,倒数2期两球组合,20,最后1名,5 29 7 18 31 19 24,26022,9 10 5 26 18,是,5 18,28.6%
1385,26021,倒数3期两球组合,20,第1名,17,26022,9 10 5 26 18,否,,0%
1386,26021,倒数3期两球组合,20,最后1名,10 18 22,26022,9 10 5 26 18,是,10 18,66.7%
1387,26021,倒数4期两球组合,20,第1名,14,26022,9 10 5 26 18,否,,0%
1388,26021,倒数4期两球组合,20,最后1名,20,26022,9 10 5 26 18,否,,0%
1389,26021,倒数5期两球组合,20,第1名,14,26022,9 10 5 26 18,否,,0%
1390,26021,倒数5期两球组合,20,最后1名,20,26022,9 10 5 26 18,否,,0%
1391,26021,最新一期两球组合,10,第1名,12,26022,9 10 5 26 18,否,,0%
1392,26021,最新一期两球组合,10,最后1名,18,26022,9 10 5 26 18,是,18,100.0%
1393,26021,倒数2期两球组合,10,第1名,12,26022,9 10 5 26 18,否,,0%
1394,26021,倒数2期两球组合,10,最后1名,9,26022,9 10 5 26 18,是,9,100.0%
1395,26021,倒数3期两球组合,10,第1名,17,26022,9 10 5 26 18,否,,0%
1396,26021,倒数3期两球组合,10,最后1名,10 31 3 30 26 6,26022,9 10 5 26 18,是,10 26,33.3%
1397,26021,倒数4期两球组合,10,第1名,17,26022,9 10 5 26 18,否,,0%
1398,26021,倒数4期两球组合,10,最后1名,20,26022,9 10 5 26 18,否,,0%
1399,26021,倒数5期两球组合,10,第1名,14,26022,9 10 5 26 18,否,,0%
1400,26021,倒数5期两球组合,10,最后1名,20,26022,9 10 5 26 18,否,,0%
1401,26020,最新一期两球组合,50,第1名,1,26021,5 17 8 12 14,否,,0%
1402,26020,最新一期两球组合,50,最后1名,15,26021,5 17 8 12 14,否,,0%
1403,26020,倒数2期两球组合,50,第1名,32,26021,5 17 8 12 14,否,,0%
1404,26020,倒数2期两球组合,50,最后1名,3 5,26021,5 17 8 12 14,是,5,50.0%
1405,26020,倒数3期两球组合,50,第1名,21,26021,5 17 8 12 14,否,,0%
1406,26020,倒数3期两球组合,50,最后1名,28,26021,5 17 8 12 14,否,,0%
1407,26020,倒数4期两球组合,50,第1名,14,26021,5 17 8 12 14,是,14,100.0%
1408,26020,倒数4期两球组合,50,最后1名,16,26021,5 17 8 12 14,否,,0%
1409,26020,倒数5期两球组合,50,第1名,17,26021,5 17 8 12 14,是,17,100.0%
1410,26020,倒数5期两球组合,50,最后1名,5,26021,5 17 8 12 14,是,5,100.0%
1411,26020,最新一期两球组合,30,第1名,33,26021,5 17 8 12 14,否,,0%
1412,26020,最新一期两球组合,30,最后1名,5 32 13 15,26021,5 17 8 12 14,是,5,25.0%
1413,26020,倒数2期两球组合,30,第1名,32,26021,5 17 8 12 14,否,,0%
1414,26020,倒数2期两球组合,30,最后1名,27 3 30 18,26021,5 17 8 12 14,否,,0%
1415,26020,倒数3期两球组合,30,第1名,1,26021,5 17 8 12 14,否,,0%
1416,26020,倒数3期两球组合,30,最后1名,3 17,26021,5 17 8 12 14,是,17,50.0%
1417,26020,倒数4期两球组合,30,第1名,29,26021,5 17 8 12 14,否,,0%
1418,26020,倒数4期两球组合,30,最后1名,7 2,26021,5 17 8 12 14,否,,0%
1419,26020,倒数5期两球组合,30,第1名,21,26021,5 17 8 12 14,否,,0%
1420,26020,倒数5期两球组合,30,最后1名,14,26021,5 17 8 12 14,是,14,100.0%
1421,26020,最新一期两球组合,20,第1名,28,26021,5 17 8 12 14,否,,0%
1422,26020,最新一期两球组合,20,最后1名,35,26021,5 17 8 12 14,否,,0%
1423,26020,倒数2期两球组合,20,第1名,23,26021,5 17 8 12 14,否,,0%
1424,26020,倒数2期两球组合,20,最后1名,19 8,26021,5 17 8 12 14,是,8,50.0%
1425,26020,倒数3期两球组合,20,第1名,1,26021,5 17 8 12 14,否,,0%
1426,26020,倒数3期两球组合,20,最后1名,22 13 32 6,26021,5 17 8 12 14,否,,0%
1427,26020,倒数4期两球组合,20,第1名,30,26021,5 17 8 12 14,否,,0%
1428,26020,倒数4期两球组合,20,最后1名,19 33,26021,5 17 8 12 14,否,,0%
1429,26020,倒数5期两球组合,20,第1名,10,26021,5 17 8 12 14,否,,0%
1430,26020,倒数5期两球组合,20,最后1名,14,26021,5 17 8 12 14,是,14,100.0%
1431,26020,最新一期两球组合,10,第1名,9,26021,5 17 8 12 14,否,,0%
1432,26020,最新一期两球组合,10,最后1名,15,26021,5 17 8 12 14,否,,0%
1433,26020,倒数2期两球组合,10,第1名,23,26021,5 17 8 12 14,否,,0%
1434,26020,倒数2期两球组合,10,最后1名,32 28 3 24 18 13,26021,5 17 8 12 14,否,,0%
1435,26020,倒数3期两球组合,10,第1名,29,26021,5 17 8 12 14,否,,0%
1436,26020,倒数3期两球组合,10,最后1名,25 32 11 19,26021,5 17 8 12 14,否,,0%
1437,26020,倒数4期两球组合,10,第1名,23,26021,5 17 8 12 14,否,,0%
1438,26020,倒数4期两球组合,10,最后1名,19,26021,5 17 8 12 14,否,,0%
1439,26020,倒数5期两球组合,10,第1名,10,26021,5 17 8 12 14,否,,0%
1440,26020,倒数5期两球组合,10,最后1名,3 7 12 27 13 14,26021,5 17 8 12 14,是,12 14,33.3%
1441,26019,最新一期两球组合,50,第1名,29,26020,29 21 1 10 23,是,29,100.0%
1442,26019,最新一期两球组合,50,最后1名,19 34,26020,29 21 1 10 23,否,,0%
1443,26019,倒数2期两球组合,50,第1名,12,26020,29 21 1 10 23,否,,0%
1444,26019,倒数2期两球组合,50,最后1名,35 24,26020,29 21 1 10 23,否,,0%
1445,26019,倒数3期两球组合,50,第1名,12,26020,29 21 1 10 23,否,,0%
1446,26019,倒数3期两球组合,50,最后1名,25,26020,29 21 1 10 23,否,,0%
1447,26019,倒数4期两球组合,50,第1名,27,26020,29 21 1 10 23,否,,0%
1448,26019,倒数4期两球组合,50,最后1名,2 32,26020,29 21 1 10 23,否,,0%
1449,26019,倒数5期两球组合,50,第1名,13,26020,29 21 1 10 23,否,,0%
1450,26019,倒数5期两球组合,50,最后1名,7,26020,29 21 1 10 23,否,,0%
1451,26019,最新一期两球组合,30,第1名,29,26020,29 21 1 10 23,是,29,100.0%
1452,26019,最新一期两球组合,30,最后1名,1,26020,29 21 1 10 23,是,1,100.0%
1453,26019,倒数2期两球组合,30,第1名,31,26020,29 21 1 10 23,否,,0%
1454,26019,倒数2期两球组合,30,最后1名,35 22 23 17,26020,29 21 1 10 23,是,23,25.0%
1455,26019,倒数3期两球组合,30,第1名,6,26020,29 21 1 10 23,否,,0%
1456,26019,倒数3期两球组合,30,最后1名,25,26020,29 21 1 10 23,否,,0%
1457,26019,倒数4期两球组合,30,第1名,14,26020,29 21 1 10 23,否,,0%
1458,26019,倒数4期两球组合,30,最后1名,2 8,26020,29 21 1 10 23,否,,0%
1459,26019,倒数5期两球组合,30,第1名,12,26020,29 21 1 10 23,否,,0%
1460,26019,倒数5期两球组合,30,最后1名,35,26020,29 21 1 10 23,否,,0%
1461,26019,最新一期两球组合,20,第1名,30,26020,29 21 1 10 23,否,,0%
1462,26019,最新一期两球组合,20,最后1名,7,26020,29 21 1 10 23,否,,0%
1463,26019,倒数2期两球组合,20,第1名,31,26020,29 21 1 10 23,否,,0%
1464,26019,倒数2期两球组合,20,最后1名,35 22,26020,29 21 1 10 23,否,,0%
1465,26019,倒数3期两球组合,20,第1名,12,26020,29 21 1 10 23,否,,0%
1466,26019,倒数3期两球组合,20,最后1名,25,26020,29 21 1 10 23,否,,0%
1467,26019,倒数4期两球组合,20,第1名,14,26020,29 21 1 10 23,否,,0%
1468,26019,倒数4期两球组合,20,最后1名,2 23 8,26020,29 21 1 10 23,是,23,33.3%
1469,26019,倒数5期两球组合,20,第1名,13,26020,29 21 1 10 23,否,,0%
1470,26019,倒数5期两球组合,20,最后1名,10,26020,29 21 1 10 23,是,10,100.0%
1471,26019,最新一期两球组合,10,第1名,25,26020,29 21 1 10 23,否,,0%
1472,26019,最新一期两球组合,10,最后1名,7 1,26020,29 21 1 10 23,是,1,50.0%
1473,26019,倒数2期两球组合,10,第1名,16,26020,29 21 1 10 23,否,,0%
1474,26019,倒数2期两球组合,10,最后1名,2 27,26020,29 21 1 10 23,否,,0%
1475,26019,倒数3期两球组合,10,第1名,31,26020,29 21 1 10 23,否,,0%
1476,26019,倒数3期两球组合,10,最后1名,10 34 4 26 2 25,26020,29 21 1 10 23,是,10,16.7%
1477,26019,倒数4期两球组合,10,第1名,14,26020,29 21 1 10 23,否,,0%
1478,26019,倒数4期两球组合,10,最后1名,2 25,26020,29 21 1 10 23,否,,0%
1479,26019,倒数5期两球组合,10,第1名,13,26020,29 21 1 10 23,否,,0%
1480,26019,倒数5期两球组合,10,最后1名,24 15,26020,29 21 1 10 23,否,,0%
1481,26018,最新一期两球组合,50,第1名,17,26019,12 13 14 31 16,否,,0%
1482,26018,最新一期两球组合,50,最后1名,16,26019,12 13 14 31 16,是,16,100.0%
1483,26018,倒数2期两球组合,50,第1名,11,26019,12 13 14 31 16,否,,0%
1484,26018,倒数2期两球组合,50,最后1名,26 21,26019,12 13 14 31 16,否,,0%
1485,26018,倒数3期两球组合,50,第1名,34,26019,12 13 14 31 16,否,,0%
1486,26018,倒数3期两球组合,50,最后1名,9,26019,12 13 14 31 16,否,,0%
1487,26018,倒数4期两球组合,50,第1名,9,26019,12 13 14 31 16,否,,0%
1488,26018,倒数4期两球组合,50,最后1名,33 28 3,26019,12 13 14 31 16,否,,0%
1489,26018,倒数5期两球组合,50,第1名,10,26019,12 13 14 31 16,否,,0%
1490,26018,倒数5期两球组合,50,最后1名,25,26019,12 13 14 31 16,否,,0%
1491,26018,最新一期两球组合,30,第1名,34,26019,12 13 14 31 16,否,,0%
1492,26018,最新一期两球组合,30,最后1名,16,26019,12 13 14 31 16,是,16,100.0%
1493,26018,倒数2期两球组合,30,第1名,22,26019,12 13 14 31 16,否,,0%
1494,26018,倒数2期两球组合,30,最后1名,26 27 18,26019,12 13 14 31 16,否,,0%
1495,26018,倒数3期两球组合,30,第1名,11,26019,12 13 14 31 16,否,,0%
1496,26018,倒数3期两球组合,30,最后1名,9,26019,12 13 14 31 16,否,,0%
1497,26018,倒数4期两球组合,30,第1名,1,26019,12 13 14 31 16,否,,0%
1498,26018,倒数4期两球组合,30,最后1名,29 6 24 16,26019,12 13 14 31 16,是,16,25.0%
1499,26018,倒数5期两球组合,30,第1名,35,26019,12 13 14 31 16,否,,0%
1500,26018,倒数5期两球组合,30,最后1名,3 29 14 23 5 31,26019,12 13 14 31 16,是,14 31,33.3%
1501,26018,最新一期两球组合,20,第1名,34,26019,12 13 14 31 16,否,,0%
1502,26018,最新一期两球组合,20,最后1名,16 13,26019,12 13 14 31 16,是,16 13,100.0%
1503,26018,倒数2期两球组合,20,第1名,3,26019,12 13 14 31 16,否,,0%
1504,26018,倒数2期两球组合,20,最后1名,6 23,26019,12 13 14 31 16,否,,0%
1505,26018,倒数3期两球组合,20,第1名,11,26019,12 13 14 31 16,否,,0%
1506,26018,倒数3期两球组合,20,最后1名,9,26019,12 13 14 31 16,否,,0%
1507,26018,倒数4期两球组合,20,第1名,9,26019,12 13 14 31 16,否,,0%
1508,26018,倒数4期两球组合,20,最后1名,3,26019,12 13 14 31 16,否,,0%
1509,26018,倒数5期两球组合,20,第1名,35,26019,12 13 14 31 16,否,,0%
1510,26018,倒数5期两球组合,20,最后1名,14 17 31,26019,12 13 14 31 16,是,14 31,66.7%
1511,26018,最新一期两球组合,10,第1名,34,26019,12 13 14 31 16,否,,0%
1512,26018,最新一期两球组合,10,最后1名,30,26019,12 13 14 31 16,否,,0%
1513,26018,倒数2期两球组合,10,第1名,35,26019,12 13 14 31 16,否,,0%
1514,26018,倒数2期两球组合,10,最后1名,24,26019,12 13 14 31 16,否,,0%
1515,26018,倒数3期两球组合,10,第1名,19,26019,12 13 14 31 16,否,,0%
1516,26018,倒数3期两球组合,10,最后1名,28 9,26019,12 13 14 31 16,否,,0%
1517,26018,倒数4期两球组合,10,第1名,11,26019,12 13 14 31 16,否,,0%
1518,26018,倒数4期两球组合,10,最后1名,33 3 14 32,26019,12 13 14 31 16,是,14,25.0%
1519,26018,倒数5期两球组合,10,第1名,19,26019,12 13 14 31 16,否,,0%
1520,26018,倒数5期两球组合,10,最后1名,3 29,26019,12 13 14 31 16,否,,0%
1521,26017,最新一期两球组合,50,第1名,30,26018,11 30 9 35 19,是,30,100.0%
1522,26017,最新一期两球组合,50,最后1名,13,26018,11 30 9 35 19,否,,0%
1523,26017,倒数2期两球组合,50,第1名,23,26018,11 30 9 35 19,否,,0%
1524,26017,倒数2期两球组合,50,最后1名,29,26018,11 30 9 35 19,否,,0%
1525,26017,倒数3期两球组合,50,第1名,35,26018,11 30 9 35 19,是,35,100.0%
1526,26017,倒数3期两球组合,50,最后1名,26,26018,11 30 9 35 19,否,,0%
1527,26017,倒数4期两球组合,50,第1名,22,26018,11 30 9 35 19,否,,0%
1528,26017,倒数4期两球组合,50,最后1名,26 20 8 29 13 27,26018,11 30 9 35 19,否,,0%
1529,26017,倒数5期两球组合,50,第1名,5,26018,11 30 9 35 19,否,,0%
1530,26017,倒数5期两球组合,50,最后1名,30,26018,11 30 9 35 19,是,30,100.0%
1531,26017,最新一期两球组合,30,第1名,6,26018,11 30 9 35 19,否,,0%
1532,26017,最新一期两球组合,30,最后1名,13,26018,11 30 9 35 19,否,,0%
1533,26017,倒数2期两球组合,30,第1名,4,26018,11 30 9 35 19,否,,0%
1534,26017,倒数2期两球组合,30,最后1名,29 9,26018,11 30 9 35 19,是,9,50.0%
1535,26017,倒数3期两球组合,30,第1名,31,26018,11 30 9 35 19,否,,0%
1536,26017,倒数3期两球组合,30,最后1名,26,26018,11 30 9 35 19,否,,0%
1537,26017,倒数4期两球组合,30,第1名,4,26018,11 30 9 35 19,否,,0%
1538,26017,倒数4期两球组合,30,最后1名,30 9 23,26018,11 30 9 35 19,是,30 9,66.7%
1539,26017,倒数5期两球组合,30,第1名,8,26018,11 30 9 35 19,否,,0%
1540,26017,倒数5期两球组合,30,最后1名,2 25 21 3,26018,11 30 9 35 19,否,,0%
1541,26017,最新一期两球组合,20,第1名,11,26018,11 30 9 35 19,是,11,100.0%
1542,26017,最新一期两球组合,20,最后1名,13,26018,11 30 9 35 19,否,,0%
1543,26017,倒数2期两球组合,20,第1名,20,26018,11 30 9 35 19,否,,0%
1544,26017,倒数2期两球组合,20,最后1名,29 14 32,26018,11 30 9 35 19,否,,0%
1545,26017,倒数3期两球组合,20,第1名,31,26018,11 30 9 35 19,否,,0%
1546,26017,倒数3期两球组合,20,最后1名,26,26018,11 30 9 35 19,否,,0%
1547,26017,倒数4期两球组合,20,第1名,5,26018,11 30 9 35 19,否,,0%
1548,26017,倒数4期两球组合,20,最后1名,30,26018,11 30 9 35 19,是,30,100.0%
1549,26017,倒数5期两球组合,20,第1名,23,26018,11 30 9 35 19,否,,0%
1550,26017,倒数5期两球组合,20,最后1名,2,26018,11 30 9 35 19,否,,0%
1551,26017,最新一期两球组合,10,第1名,11,26018,11 30 9 35 19,是,11,100.0%
1552,26017,最新一期两球组合,10,最后1名,13,26018,11 30 9 35 19,否,,0%
1553,26017,倒数2期两球组合,10,第1名,10,26018,11 30 9 35 19,否,,0%
1554,26017,倒数2期两球组合,10,最后1名,26 13,26018,11 30 9 35 19,否,,0%
1555,26017,倒数3期两球组合,10,第1名,10,26018,11 30 9 35 19,否,,0%
1556,26017,倒数3期两球组合,10,最后1名,26,26018,11 30 9 35 19,否,,0%
1557,26017,倒数4期两球组合,10,第1名,4,26018,11 30 9 35 19,否,,0%
1558,26017,倒数4期两球组合,10,最后1名,11 34,26018,11 30 9 35 19,是,11,50.0%
1559,26017,倒数5期两球组合,10,第1名,4,26018,11 30 9 35 19,否,,0%
1560,26017,倒数5期两球组合,10,最后1名,2 25,26018,11 30 9 35 19,否,,0%
1561,26016,最新一期两球组合,50,第1名,6,26017,5 31 10 4 23,否,,0%
1562,26016,最新一期两球组合,50,最后1名,22,26017,5 31 10 4 23,否,,0%
1563,26016,倒数2期两球组合,50,第1名,9,26017,5 31 10 4 23,否,,0%
1564,26016,倒数2期两球组合,50,最后1名,7 27,26017,5 31 10 4 23,否,,0%
1565,26016,倒数3期两球组合,50,第1名,16,26017,5 31 10 4 23,否,,0%
1566,26016,倒数3期两球组合,50,最后1名,1,26017,5 31 10 4 23,否,,0%
1567,26016,倒数4期两球组合,50,第1名,18,26017,5 31 10 4 23,否,,0%
1568,26016,倒数4期两球组合,50,最后1名,2 23 32 27,26017,5 31 10 4 23,是,23,25.0%
1569,26016,倒数5期两球组合,50,第1名,12,26017,5 31 10 4 23,否,,0%
1570,26016,倒数5期两球组合,50,最后1名,14,26017,5 31 10 4 23,否,,0%
1571,26016,最新一期两球组合,30,第1名,6,26017,5 31 10 4 23,否,,0%
1572,26016,最新一期两球组合,30,最后1名,8,26017,5 31 10 4 23,否,,0%
1573,26016,倒数2期两球组合,30,第1名,32,26017,5 31 10 4 23,否,,0%
1574,26016,倒数2期两球组合,30,最后1名,29,26017,5 31 10 4 23,否,,0%
1575,26016,倒数3期两球组合,30,第1名,4,26017,5 31 10 4 23,是,4,100.0%
1576,26016,倒数3期两球组合,30,最后1名,10,26017,5 31 10 4 23,是,10,100.0%
1577,26016,倒数4期两球组合,30,第1名,24,26017,5 31 10 4 23,否,,0%
1578,26016,倒数4期两球组合,30,最后1名,21,26017,5 31 10 4 23,否,,0%
1579,26016,倒数5期两球组合,30,第1名,19,26017,5 31 10 4 23,否,,0%
1580,26016,倒数5期两球组合,30,最后1名,3 1 8,26017,5 31 10 4 23,否,,0%
1581,26016,最新一期两球组合,20,第1名,14,26017,5 31 10 4 23,否,,0%
1582,26016,最新一期两球组合,20,最后1名,8,26017,5 31 10 4 23,否,,0%
1583,26016,倒数2期两球组合,20,第1名,9,26017,5 31 10 4 23,否,,0%
1584,26016,倒数2期两球组合,20,最后1名,29 35 16 25,26017,5 31 10 4 23,否,,0%
1585,26016,倒数3期两球组合,20,第1名,4,26017,5 31 10 4 23,是,4,100.0%
1586,26016,倒数3期两球组合,20,最后1名,10,26017,5 31 10 4 23,是,10,100.0%
1587,26016,倒数4期两球组合,20,第1名,24,26017,5 31 10 4 23,否,,0%
1588,26016,倒数4期两球组合,20,最后1名,21,26017,5 31 10 4 23,否,,0%
1589,26016,倒数5期两球组合,20,第1名,12,26017,5 31 10 4 23,否,,0%
1590,26016,倒数5期两球组合,20,最后1名,3 1,26017,5 31 10 4 23,否,,0%
1591,26016,最新一期两球组合,10,第1名,27,26017,5 31 10 4 23,否,,0%
1592,26016,最新一期两球组合,10,最后1名,20 29 11,26017,5 31 10 4 23,否,,0%
1593,26016,倒数2期两球组合,10,第1名,9,26017,5 31 10 4 23,否,,0%
1594,26016,倒数2期两球组合,10,最后1名,16 5,26017,5 31 10 4 23,是,5,50.0%
1595,26016,倒数3期两球组合,10,第1名,19,26017,5 31 10 4 23,否,,0%
1596,26016,倒数3期两球组合,10,最后1名,10,26017,5 31 10 4 23,是,10,100.0%
1597,26016,倒数4期两球组合,10,第1名,24,26017,5 31 10 4 23,否,,0%
1598,26016,倒数4期两球组合,10,最后1名,3,26017,5 31 10 4 23,否,,0%
1599,26016,倒数5期两球组合,10,第1名,12,26017,5 31 10 4 23,否,,0%
1600,26016,倒数5期两球组合,10,最后1名,8,26017,5 31 10 4 23,否,,0%
1601,26015,最新一期两球组合,50,第1名,6,26016,19 8 12 24 9,否,,0%
1602,26015,最新一期两球组合,50,最后1名,13,26016,19 8 12 24 9,否,,0%
1603,26015,倒数2期两球组合,50,第1名,20,26016,19 8 12 24 9,否,,0%
1604,26015,倒数2期两球组合,50,最后1名,7 13 26,26016,19 8 12 24 9,否,,0%
1605,26015,倒数3期两球组合,50,第1名,24,26016,19 8 12 24 9,是,24,100.0%
1606,26015,倒数3期两球组合,50,最后1名,16,26016,19 8 12 24 9,否,,0%
1607,26015,倒数4期两球组合,50,第1名,17,26016,19 8 12 24 9,否,,0%
1608,26015,倒数4期两球组合,50,最后1名,29 19 22,26016,19 8 12 24 9,是,19,33.3%
1609,26015,倒数5期两球组合,50,第1名,19,26016,19 8 12 24 9,是,19,100.0%
1610,26015,倒数5期两球组合,50,最后1名,30 24,26016,19 8 12 24 9,是,24,50.0%
1611,26015,最新一期两球组合,30,第1名,6,26016,19 8 12 24 9,否,,0%
1612,26015,最新一期两球组合,30,最后1名,13,26016,19 8 12 24 9,否,,0%
1613,26015,倒数2期两球组合,30,第1名,19,26016,19 8 12 24 9,是,19,100.0%
1614,26015,倒数2期两球组合,30,最后1名,20 28,26016,19 8 12 24 9,否,,0%
1615,26015,倒数3期两球组合,30,第1名,8,26016,19 8 12 24 9,是,8,100.0%
1616,26015,倒数3期两球组合,30,最后1名,16,26016,19 8 12 24 9,否,,0%
1617,26015,倒数4期两球组合,30,第1名,17,26016,19 8 12 24 9,否,,0%
1618,26015,倒数4期两球组合,30,最后1名,8,26016,19 8 12 24 9,是,8,100.0%
1619,26015,倒数5期两球组合,30,第1名,16,26016,19 8 12 24 9,否,,0%
1620,26015,倒数5期两球组合,30,最后1名,24,26016,19 8 12 24 9,是,24,100.0%
1621,26015,最新一期两球组合,20,第1名,21,26016,19 8 12 24 9,否,,0%
1622,26015,最新一期两球组合,20,最后1名,13,26016,19 8 12 24 9,否,,0%
1623,26015,倒数2期两球组合,20,第1名,2,26016,19 8 12 24 9,否,,0%
1624,26015,倒数2期两球组合,20,最后1名,11 31,26016,19 8 12 24 9,否,,0%
1625,26015,倒数3期两球组合,20,第1名,28,26016,19 8 12 24 9,否,,0%
1626,26015,倒数3期两球组合,20,最后1名,16,26016,19 8 12 24 9,否,,0%
1627,26015,倒数4期两球组合,20,第1名,17,26016,19 8 12 24 9,否,,0%
1628,26015,倒数4期两球组合,20,最后1名,31,26016,19 8 12 24 9,否,,0%
1629,26015,倒数5期两球组合,20,第1名,1,26016,19 8 12 24 9,否,,0%
1630,26015,倒数5期两球组合,20,最后1名,30 24,26016,19 8 12 24 9,是,24,50.0%
1631,26015,最新一期两球组合,10,第1名,21,26016,19 8 12 24 9,否,,0%
1632,26015,最新一期两球组合,10,最后1名,13,26016,19 8 12 24 9,否,,0%
1633,26015,倒数2期两球组合,10,第1名,4,26016,19 8 12 24 9,否,,0%
1634,26015,倒数2期两球组合,10,最后1名,31 12,26016,19 8 12 24 9,是,12,50.0%
1635,26015,倒数3期两球组合,10,第1名,28,26016,19 8 12 24 9,否,,0%
1636,26015,倒数3期两球组合,10,最后1名,16,26016,19 8 12 24 9,否,,0%
1637,26015,倒数4期两球组合,10,第1名,17,26016,19 8 12 24 9,否,,0%
1638,26015,倒数4期两球组合,10,最后1名,19 22 27 4,26016,19 8 12 24 9,是,19,25.0%
1639,26015,倒数5期两球组合,10,第1名,14,26016,19 8 12 24 9,否,,0%
1640,26015,倒数5期两球组合,10,最后1名,24,26016,19 8 12 24 9,是,24,100.0%
1641,26014,最新一期两球组合,50,第1名,16,26015,10 4 13 17 1,否,,0%
1642,26014,最新一期两球组合,50,最后1名,24,26015,10 4 13 17 1,否,,0%
1643,26014,倒数2期两球组合,50,第1名,9,26015,10 4 13 17 1,否,,0%
1644,26014,倒数2期两球组合,50,最后1名,12 7 33 26,26015,10 4 13 17 1,否,,0%
1645,26014,倒数3期两球组合,50,第1名,23,26015,10 4 13 17 1,否,,0%
1646,26014,倒数3期两球组合,50,最后1名,20,26015,10 4 13 17 1,否,,0%
1647,26014,倒数4期两球组合,50,第1名,6,26015,10 4 13 17 1,否,,0%
1648,26014,倒数4期两球组合,50,最后1名,5,26015,10 4 13 17 1,否,,0%
1649,26014,倒数5期两球组合,50,第1名,25,26015,10 4 13 17 1,否,,0%
1650,26014,倒数5期两球组合,50,最后1名,30,26015,10 4 13 17 1,否,,0%
1651,26014,最新一期两球组合,30,第1名,16,26015,10 4 13 17 1,否,,0%
1652,26014,最新一期两球组合,30,最后1名,24,26015,10 4 13 17 1,否,,0%
1653,26014,倒数2期两球组合,30,第1名,34,26015,10 4 13 17 1,否,,0%
1654,26014,倒数2期两球组合,30,最后1名,29 30 22,26015,10 4 13 17 1,否,,0%
1655,26014,倒数3期两球组合,30,第1名,13,26015,10 4 13 17 1,是,13,100.0%
1656,26014,倒数3期两球组合,30,最后1名,6 19 5 27 20,26015,10 4 13 17 1,否,,0%
1657,26014,倒数4期两球组合,30,第1名,18,26015,10 4 13 17 1,否,,0%
1658,26014,倒数4期两球组合,30,最后1名,5 19 23,26015,10 4 13 17 1,否,,0%
1659,26014,倒数5期两球组合,30,第1名,8,26015,10 4 13 17 1,否,,0%
1660,26014,倒数5期两球组合,30,最后1名,31,26015,10 4 13 17 1,否,,0%
1661,26014,最新一期两球组合,20,第1名,30,26015,10 4 13 17 1,否,,0%
1662,26014,最新一期两球组合,20,最后1名,24,26015,10 4 13 17 1,否,,0%
1663,26014,倒数2期两球组合,20,第1名,9,26015,10 4 13 17 1,否,,0%
1664,26014,倒数2期两球组合,20,最后1名,25 15 19 22 27 33 16,26015,10 4 13 17 1,否,,0%
1665,26014,倒数3期两球组合,20,第1名,23,26015,10 4 13 17 1,否,,0%
1666,26014,倒数3期两球组合,20,最后1名,32 11,26015,10 4 13 17 1,否,,0%
1667,26014,倒数4期两球组合,20,第1名,35,26015,10 4 13 17 1,否,,0%
1668,26014,倒数4期两球组合,20,最后1名,29,26015,10 4 13 17 1,否,,0%
1669,26014,倒数5期两球组合,20,第1名,18,26015,10 4 13 17 1,否,,0%
1670,26014,倒数5期两球组合,20,最后1名,2,26015,10 4 13 17 1,否,,0%
1671,26014,最新一期两球组合,10,第1名,1,26015,10 4 13 17 1,是,1,100.0%
1672,26014,最新一期两球组合,10,最后1名,33 4 17 10 24,26015,10 4 13 17 1,是,4 17 10,60.0%
1673,26014,倒数2期两球组合,10,第1名,18,26015,10 4 13 17 1,否,,0%
1674,26014,倒数2期两球组合,10,最后1名,21 26,26015,10 4 13 17 1,否,,0%
1675,26014,倒数3期两球组合,10,第1名,23,26015,10 4 13 17 1,否,,0%
1676,26014,倒数3期两球组合,10,最后1名,5 1 21 25,26015,10 4 13 17 1,是,1,25.0%
1677,26014,倒数4期两球组合,10,第1名,22,26015,10 4 13 17 1,否,,0%
1678,26014,倒数4期两球组合,10,最后1名,5 11 19,26015,10 4 13 17 1,否,,0%
1679,26014,倒数5期两球组合,10,第1名,34,26015,10 4 13 17 1,否,,0%
1680,26014,倒数5期两球组合,10,最后1名,2,26015,10 4 13 17 1,否,,0%
1681,26013,最新一期两球组合,50,第1名,11,26014,34 18 23 35 16,否,,0%
1682,26013,最新一期两球组合,50,最后1名,21,26014,34 18 23 35 16,否,,0%
1683,26013,倒数2期两球组合,50,第1名,18,26014,34 18 23 35 16,是,18,100.0%
1684,26013,倒数2期两球组合,50,最后1名,35 32,26014,34 18 23 35 16,是,35,50.0%
1685,26013,倒数3期两球组合,50,第1名,35,26014,34 18 23 35 16,是,35,100.0%
1686,26013,倒数3期两球组合,50,最后1名,21,26014,34 18 23 35 16,否,,0%
1687,26013,倒数4期两球组合,50,第1名,3,26014,34 18 23 35 16,否,,0%
1688,26013,倒数4期两球组合,50,最后1名,19,26014,34 18 23 35 16,否,,0%
1689,26013,倒数5期两球组合,50,第1名,3,26014,34 18 23 35 16,否,,0%
1690,26013,倒数5期两球组合,50,最后1名,7 18,26014,34 18 23 35 16,是,18,50.0%
1691,26013,最新一期两球组合,30,第1名,11,26014,34 18 23 35 16,否,,0%
1692,26013,最新一期两球组合,30,最后1名,2,26014,34 18 23 35 16,否,,0%
1693,26013,倒数2期两球组合,30,第1名,18,26014,34 18 23 35 16,是,18,100.0%
1694,26013,倒数2期两球组合,30,最后1名,35,26014,34 18 23 35 16,是,35,100.0%
1695,26013,倒数3期两球组合,30,第1名,18,26014,34 18 23 35 16,是,18,100.0%
1696,26013,倒数3期两球组合,30,最后1名,21,26014,34 18 23 35 16,否,,0%
1697,26013,倒数4期两球组合,30,第1名,23,26014,34 18 23 35 16,是,23,100.0%
1698,26013,倒数4期两球组合,30,最后1名,4,26014,34 18 23 35 16,否,,0%
1699,26013,倒数5期两球组合,30,第1名,5,26014,34 18 23 35 16,否,,0%
1700,26013,倒数5期两球组合,30,最后1名,26 9,26014,34 18 23 35 16,否,,0%
1701,26013,最新一期两球组合,20,第1名,20,26014,34 18 23 35 16,否,,0%
1702,26013,最新一期两球组合,20,最后1名,21,26014,34 18 23 35 16,否,,0%
1703,26013,倒数2期两球组合,20,第1名,6,26014,34 18 23 35 16,否,,0%
1704,26013,倒数2期两球组合,20,最后1名,35 10,26014,34 18 23 35 16,是,35,50.0%
1705,26013,倒数3期两球组合,20,第1名,35,26014,34 18 23 35 16,是,35,100.0%
1706,26013,倒数3期两球组合,20,最后1名,21,26014,34 18 23 35 16,否,,0%
1707,26013,倒数4期两球组合,20,第1名,23,26014,34 18 23 35 16,是,23,100.0%
1708,26013,倒数4期两球组合,20,最后1名,28 4,26014,34 18 23 35 16,否,,0%
1709,26013,倒数5期两球组合,20,第1名,3,26014,34 18 23 35 16,否,,0%
1710,26013,倒数5期两球组合,20,最后1名,9 33 19 15,26014,34 18 23 35 16,否,,0%
1711,26013,最新一期两球组合,10,第1名,12,26014,34 18 23 35 16,否,,0%
1712,26013,最新一期两球组合,10,最后1名,29 6 9 31,26014,34 18 23 35 16,否,,0%
1713,26013,倒数2期两球组合,10,第1名,5,26014,34 18 23 35 16,否,,0%
1714,26013,倒数2期两球组合,10,最后1名,35,26014,34 18 23 35 16,是,35,100.0%
1715,26013,倒数3期两球组合,10,第1名,29,26014,34 18 23 35 16,否,,0%
1716,26013,倒数3期两球组合,10,最后1名,21,26014,34 18 23 35 16,否,,0%
1717,26013,倒数4期两球组合,10,第1名,23,26014,34 18 23 35 16,是,23,100.0%
1718,26013,倒数4期两球组合,10,最后1名,4,26014,34 18 23 35 16,否,,0%
1719,26013,倒数5期两球组合,10,第1名,3,26014,34 18 23 35 16,否,,0%
1720,26013,倒数5期两球组合,10,最后1名,24,26014,34 18 23 35 16,否,,0%
1721,26012,最新一期两球组合,50,第1名,16,26013,5 26 23 6 3,否,,0%
1722,26012,最新一期两球组合,50,最后1名,14,26013,5 26 23 6 3,否,,0%
1723,26012,倒数2期两球组合,50,第1名,9,26013,5 26 23 6 3,否,,0%
1724,26012,倒数2期两球组合,50,最后1名,5,26013,5 26 23 6 3,是,5,100.0%
1725,26012,倒数3期两球组合,50,第1名,25,26013,5 26 23 6 3,否,,0%
1726,26012,倒数3期两球组合,50,最后1名,16,26013,5 26 23 6 3,否,,0%
1727,26012,倒数4期两球组合,50,第1名,1,26013,5 26 23 6 3,否,,0%
1728,26012,倒数4期两球组合,50,最后1名,20,26013,5 26 23 6 3,否,,0%
1729,26012,倒数5期两球组合,50,第1名,4,26013,5 26 23 6 3,否,,0%
1730,26012,倒数5期两球组合,50,最后1名,21,26013,5 26 23 6 3,否,,0%
1731,26012,最新一期两球组合,30,第1名,3,26013,5 26 23 6 3,是,3,100.0%
1732,26012,最新一期两球组合,30,最后1名,31 5,26013,5 26 23 6 3,是,5,50.0%
1733,26012,倒数2期两球组合,30,第1名,11,26013,5 26 23 6 3,否,,0%
1734,26012,倒数2期两球组合,30,最后1名,5 33 16 17 31 8,26013,5 26 23 6 3,是,5,16.7%
1735,26012,倒数3期两球组合,30,第1名,29,26013,5 26 23 6 3,否,,0%
1736,26012,倒数3期两球组合,30,最后1名,16,26013,5 26 23 6 3,否,,0%
1737,26012,倒数4期两球组合,30,第1名,1,26013,5 26 23 6 3,否,,0%
1738,26012,倒数4期两球组合,30,最后1名,29 16 26 21,26013,5 26 23 6 3,是,26,25.0%
1739,26012,倒数5期两球组合,30,第1名,32,26013,5 26 23 6 3,否,,0%
1740,26012,倒数5期两球组合,30,最后1名,19 13 22 8 28,26013,5 26 23 6 3,否,,0%
1741,26012,最新一期两球组合,20,第1名,3,26013,5 26 23 6 3,是,3,100.0%
1742,26012,最新一期两球组合,20,最后1名,22 10 9,26013,5 26 23 6 3,否,,0%
1743,26012,倒数2期两球组合,20,第1名,2,26013,5 26 23 6 3,否,,0%
1744,26012,倒数2期两球组合,20,最后1名,5,26013,5 26 23 6 3,是,5,100.0%
1745,26012,倒数3期两球组合,20,第1名,34,26013,5 26 23 6 3,否,,0%
1746,26012,倒数3期两球组合,20,最后1名,16,26013,5 26 23 6 3,否,,0%
1747,26012,倒数4期两球组合,20,第1名,1,26013,5 26 23 6 3,否,,0%
1748,26012,倒数4期两球组合,20,最后1名,21,26013,5 26 23 6 3,否,,0%
1749,26012,倒数5期两球组合,20,第1名,2,26013,5 26 23 6 3,否,,0%
1750,26012,倒数5期两球组合,20,最后1名,13,26013,5 26 23 6 3,否,,0%
1751,26012,最新一期两球组合,10,第1名,3,26013,5 26 23 6 3,是,3,100.0%
1752,26012,最新一期两球组合,10,最后1名,22 33,26013,5 26 23 6 3,否,,0%
1753,26012,倒数2期两球组合,10,第1名,9,26013,5 26 23 6 3,否,,0%
1754,26012,倒数2期两球组合,10,最后1名,5 15,26013,5 26 23 6 3,是,5,50.0%
1755,26012,倒数3期两球组合,10,第1名,25,26013,5 26 23 6 3,否,,0%
1756,26012,倒数3期两球组合,10,最后1名,16,26013,5 26 23 6 3,否,,0%
1757,26012,倒数4期两球组合,10,第1名,1,26013,5 26 23 6 3,否,,0%
1758,26012,倒数4期两球组合,10,最后1名,20 29,26013,5 26 23 6 3,否,,0%
1759,26012,倒数5期两球组合,10,第1名,16,26013,5 26 23 6 3,否,,0%
1760,26012,倒数5期两球组合,10,最后1名,24,26013,5 26 23 6 3,否,,0%
1761,26011,最新一期两球组合,50,第1名,7,26012,9 2 25 22 1,否,,0%
1762,26011,最新一期两球组合,50,最后1名,22,26012,9 2 25 22 1,是,22,100.0%
1763,26011,倒数2期两球组合,50,第1名,33,26012,9 2 25 22 1,否,,0%
1764,26011,倒数2期两球组合,50,最后1名,12,26012,9 2 25 22 1,否,,0%
1765,26011,倒数3期两球组合,50,第1名,30,26012,9 2 25 22 1,否,,0%
1766,26011,倒数3期两球组合,50,最后1名,27,26012,9 2 25 22 1,否,,0%
1767,26011,倒数4期两球组合,50,第1名,21,26012,9 2 25 22 1,否,,0%
1768,26011,倒数4期两球组合,50,最后1名,5 18 25,26012,9 2 25 22 1,是,25,33.3%
1769,26011,倒数5期两球组合,50,第1名,19,26012,9 2 25 22 1,否,,0%
1770,26011,倒数5期两球组合,50,最后1名,34 33 24,26012,9 2 25 22 1,否,,0%
1771,26011,最新一期两球组合,30,第1名,13,26012,9 2 25 22 1,否,,0%
1772,26011,最新一期两球组合,30,最后1名,22 19 4,26012,9 2 25 22 1,是,22,33.3%
1773,26011,倒数2期两球组合,30,第1名,25,26012,9 2 25 22 1,是,25,100.0%
1774,26011,倒数2期两球组合,30,最后1名,11 18 10,26012,9 2 25 22 1,否,,0%
1775,26011,倒数3期两球组合,30,第1名,30,26012,9 2 25 22 1,否,,0%
1776,26011,倒数3期两球组合,30,最后1名,32 4,26012,9 2 25 22 1,否,,0%
1777,26011,倒数4期两球组合,30,第1名,21,26012,9 2 25 22 1,否,,0%
1778,26011,倒数4期两球组合,30,最后1名,25 2 32,26012,9 2 25 22 1,是,25 2,66.7%
1779,26011,倒数5期两球组合,30,第1名,14,26012,9 2 25 22 1,否,,0%
1780,26011,倒数5期两球组合,30,最后1名,24,26012,9 2 25 22 1,否,,0%
1781,26011,最新一期两球组合,20,第1名,20,26012,9 2 25 22 1,否,,0%
1782,26011,最新一期两球组合,20,最后1名,30 22 4,26012,9 2 25 22 1,是,22,33.3%
1783,26011,倒数2期两球组合,20,第1名,33,26012,9 2 25 22 1,否,,0%
1784,26011,倒数2期两球组合,20,最后1名,28 10 23,26012,9 2 25 22 1,否,,0%
1785,26011,倒数3期两球组合,20,第1名,13,26012,9 2 25 22 1,否,,0%
1786,26011,倒数3期两球组合,20,最后1名,19 9 11,26012,9 2 25 22 1,是,9,33.3%
1787,26011,倒数4期两球组合,20,第1名,21,26012,9 2 25 22 1,否,,0%
1788,26011,倒数4期两球组合,20,最后1名,32,26012,9 2 25 22 1,否,,0%
1789,26011,倒数5期两球组合,20,第1名,14,26012,9 2 25 22 1,否,,0%
1790,26011,倒数5期两球组合,20,最后1名,35 5 24,26012,9 2 25 22 1,否,,0%
1791,26011,最新一期两球组合,10,第1名,17,26012,9 2 25 22 1,否,,0%
1792,26011,最新一期两球组合,10,最后1名,24 4,26012,9 2 25 22 1,否,,0%
1793,26011,倒数2期两球组合,10,第1名,14,26012,9 2 25 22 1,否,,0%
1794,26011,倒数2期两球组合,10,最后1名,9 22,26012,9 2 25 22 1,是,9 22,100.0%
1795,26011,倒数3期两球组合,10,第1名,23,26012,9 2 25 22 1,否,,0%
1796,26011,倒数3期两球组合,10,最后1名,3 32 5 30 11 26 18 20 21 27,26012,9 2 25 22 1,否,,0%
1797,26011,倒数4期两球组合,10,第1名,21,26012,9 2 25 22 1,否,,0%
1798,26011,倒数4期两球组合,10,最后1名,5 18 13,26012,9 2 25 22 1,否,,0%
1799,26011,倒数5期两球组合,10,第1名,10,26012,9 2 25 22 1,否,,0%
1800,26011,倒数5期两球组合,10,最后1名,7 6 24,26012,9 2 25 22 1,否,,0%
1801,26010,最新一期两球组合,50,第1名,23,26011,33 29 14 23 21,是,23,100.0%
1802,26010,最新一期两球组合,50,最后1名,6,26011,33 29 14 23 21,否,,0%
1803,26010,倒数2期两球组合,50,第1名,26,26011,33 29 14 23 21,否,,0%
1804,26010,倒数2期两球组合,50,最后1名,5,26011,33 29 14 23 21,否,,0%
1805,26010,倒数3期两球组合,50,第1名,18,26011,33 29 14 23 21,否,,0%
1806,26010,倒数3期两球组合,50,最后1名,15,26011,33 29 14 23 21,否,,0%
1807,26010,倒数4期两球组合,50,第1名,12,26011,33 29 14 23 21,否,,0%
1808,26010,倒数4期两球组合,50,最后1名,34,26011,33 29 14 23 21,否,,0%
1809,26010,倒数5期两球组合,50,第1名,32,26011,33 29 14 23 21,否,,0%
1810,26010,倒数5期两球组合,50,最后1名,29 20,26011,33 29 14 23 21,是,29,50.0%
1811,26010,最新一期两球组合,30,第1名,3,26011,33 29 14 23 21,否,,0%
1812,26010,最新一期两球组合,30,最后1名,6,26011,33 29 14 23 21,否,,0%
1813,26010,倒数2期两球组合,30,第1名,26,26011,33 29 14 23 21,否,,0%
1814,26010,倒数2期两球组合,30,最后1名,34 7 23,26011,33 29 14 23 21,是,23,33.3%
1815,26010,倒数3期两球组合,30,第1名,34,26011,33 29 14 23 21,否,,0%
1816,26010,倒数3期两球组合,30,最后1名,15,26011,33 29 14 23 21,否,,0%
1817,26010,倒数4期两球组合,30,第1名,26,26011,33 29 14 23 21,否,,0%
1818,26010,倒数4期两球组合,30,最后1名,30,26011,33 29 14 23 21,否,,0%
1819,26010,倒数5期两球组合,30,第1名,2,26011,33 29 14 23 21,否,,0%
1820,26010,倒数5期两球组合,30,最后1名,19 17 22 5 8,26011,33 29 14 23 21,否,,0%
1821,26010,最新一期两球组合,20,第1名,23,26011,33 29 14 23 21,是,23,100.0%
1822,26010,最新一期两球组合,20,最后1名,19 14,26011,33 29 14 23 21,是,14,50.0%
1823,26010,倒数2期两球组合,20,第1名,13,26011,33 29 14 23 21,否,,0%
1824,26010,倒数2期两球组合,20,最后1名,34 7,26011,33 29 14 23 21,否,,0%
1825,26010,倒数3期两球组合,20,第1名,18,26011,33 29 14 23 21,否,,0%
1826,26010,倒数3期两球组合,20,最后1名,15,26011,33 29 14 23 21,否,,0%
1827,26010,倒数4期两球组合,20,第1名,26,26011,33 29 14 23 21,否,,0%
1828,26010,倒数4期两球组合,20,最后1名,8,26011,33 29 14 23 21,否,,0%
1829,26010,倒数5期两球组合,20,第1名,23,26011,33 29 14 23 21,是,23,100.0%
1830,26010,倒数5期两球组合,20,最后1名,28 30 12 20 5,26011,33 29 14 23 21,否,,0%
1831,26010,最新一期两球组合,10,第1名,9,26011,33 29 14 23 21,否,,0%
1832,26010,最新一期两球组合,10,最后1名,33,26011,33 29 14 23 21,是,33,100.0%
1833,26010,倒数2期两球组合,10,第1名,13,26011,33 29 14 23 21,否,,0%
1834,26010,倒数2期两球组合,10,最后1名,8 33,26011,33 29 14 23 21,是,33,50.0%
1835,26010,倒数3期两球组合,10,第1名,4,26011,33 29 14 23 21,否,,0%
1836,26010,倒数3期两球组合,10,最后1名,15,26011,33 29 14 23 21,否,,0%
1837,26010,倒数4期两球组合,10,第1名,26,26011,33 29 14 23 21,否,,0%
1838,26010,倒数4期两球组合,10,最后1名,32 34 6 4,26011,33 29 14 23 21,否,,0%
1839,26010,倒数5期两球组合,10,第1名,26,26011,33 29 14 23 21,否,,0%
1840,26010,倒数5期两球组合,10,最后1名,19,26011,33 29 14 23 21,否,,0%
1841,26009,最新一期两球组合,50,第1名,31,26010,26 3 13 2 18,否,,0%
1842,26009,最新一期两球组合,50,最后1名,17,26010,26 3 13 2 18,否,,0%
1843,26009,倒数2期两球组合,50,第1名,5,26010,26 3 13 2 18,否,,0%
1844,26009,倒数2期两球组合,50,最后1名,3,26010,26 3 13 2 18,是,3,100.0%
1845,26009,倒数3期两球组合,50,第1名,33,26010,26 3 13 2 18,否,,0%
1846,26009,倒数3期两球组合,50,最后1名,27 18,26010,26 3 13 2 18,是,18,50.0%
1847,26009,倒数4期两球组合,50,第1名,23,26010,26 3 13 2 18,否,,0%
1848,26009,倒数4期两球组合,50,最后1名,30,26010,26 3 13 2 18,否,,0%
1849,26009,倒数5期两球组合,50,第1名,33,26010,26 3 13 2 18,否,,0%
1850,26009,倒数5期两球组合,50,最后1名,20,26010,26 3 13 2 18,否,,0%
1851,26009,最新一期两球组合,30,第1名,33,26010,26 3 13 2 18,否,,0%
1852,26009,最新一期两球组合,30,最后1名,17,26010,26 3 13 2 18,否,,0%
1853,26009,倒数2期两球组合,30,第1名,12,26010,26 3 13 2 18,否,,0%
1854,26009,倒数2期两球组合,30,最后1名,8,26010,26 3 13 2 18,否,,0%
1855,26009,倒数3期两球组合,30,第1名,33,26010,26 3 13 2 18,否,,0%
1856,26009,倒数3期两球组合,30,最后1名,2 24,26010,26 3 13 2 18,是,2,50.0%
1857,26009,倒数4期两球组合,30,第1名,23,26010,26 3 13 2 18,否,,0%
1858,26009,倒数4期两球组合,30,最后1名,30 17,26010,26 3 13 2 18,否,,0%
1859,26009,倒数5期两球组合,30,第1名,33,26010,26 3 13 2 18,否,,0%
1860,26009,倒数5期两球组合,30,最后1名,26,26010,26 3 13 2 18,是,26,100.0%
1861,26009,最新一期两球组合,20,第1名,18,26010,26 3 13 2 18,是,18,100.0%
1862,26009,最新一期两球组合,20,最后1名,5 13 26 30 24 17,26010,26 3 13 2 18,是,13 26,33.3%
1863,26009,倒数2期两球组合,20,第1名,12,26010,26 3 13 2 18,否,,0%
1864,26009,倒数2期两球组合,20,最后1名,9 11,26010,26 3 13 2 18,否,,0%
1865,26009,倒数3期两球组合,20,第1名,13,26010,26 3 13 2 18,是,13,100.0%
1866,26009,倒数3期两球组合,20,最后1名,24,26010,26 3 13 2 18,否,,0%
1867,26009,倒数4期两球组合,20,第1名,23,26010,26 3 13 2 18,否,,0%
1868,26009,倒数4期两球组合,20,最后1名,15,26010,26 3 13 2 18,否,,0%
1869,26009,倒数5期两球组合,20,第1名,33,26010,26 3 13 2 18,否,,0%
1870,26009,倒数5期两球组合,20,最后1名,31,26010,26 3 13 2 18,否,,0%
1871,26009,最新一期两球组合,10,第1名,16,26010,26 3 13 2 18,否,,0%
1872,26009,最新一期两球组合,10,最后1名,5 17,26010,26 3 13 2 18,否,,0%
1873,26009,倒数2期两球组合,10,第1名,12,26010,26 3 13 2 18,否,,0%
1874,26009,倒数2期两球组合,10,最后1名,15,26010,26 3 13 2 18,否,,0%
1875,26009,倒数3期两球组合,10,第1名,5,26010,26 3 13 2 18,否,,0%
1876,26009,倒数3期两球组合,10,最后1名,24,26010,26 3 13 2 18,否,,0%
1877,26009,倒数4期两球组合,10,第1名,22,26010,26 3 13 2 18,否,,0%
1878,26009,倒数4期两球组合,10,最后1名,30,26010,26 3 13 2 18,否,,0%
1879,26009,倒数5期两球组合,10,第1名,12,26010,26 3 13 2 18,否,,0%
1880,26009,倒数5期两球组合,10,最后1名,26 4,26010,26 3 13 2 18,是,26,50.0%
1881,26008,最新一期两球组合,50,第1名,11,26009,12 13 33 14 5,否,,0%
1882,26008,最新一期两球组合,50,最后1名,12,26009,12 13 33 14 5,是,12,100.0%
1883,26008,倒数2期两球组合,50,第1名,5,26009,12 13 33 14 5,是,5,100.0%
1884,26008,倒数2期两球组合,50,最后1名,13,26009,12 13 33 14 5,是,13,100.0%
1885,26008,倒数3期两球组合,50,第1名,33,26009,12 13 33 14 5,是,33,100.0%
1886,26008,倒数3期两球组合,50,最后1名,4,26009,12 13 33 14 5,否,,0%
1887,26008,倒数4期两球组合,50,第1名,21,26009,12 13 33 14 5,否,,0%
1888,26008,倒数4期两球组合,50,最后1名,35 25 1,26009,12 13 33 14 5,否,,0%
1889,26008,倒数5期两球组合,50,第1名,6,26009,12 13 33 14 5,否,,0%
1890,26008,倒数5期两球组合,50,最后1名,2,26009,12 13 33 14 5,否,,0%
1891,26008,最新一期两球组合,30,第1名,11,26009,12 13 33 14 5,否,,0%
1892,26008,最新一期两球组合,30,最后1名,12,26009,12 13 33 14 5,是,12,100.0%
1893,26008,倒数2期两球组合,30,第1名,33,26009,12 13 33 14 5,是,33,100.0%
1894,26008,倒数2期两球组合,30,最后1名,29 14 10,26009,12 13 33 14 5,是,14,33.3%
1895,26008,倒数3期两球组合,30,第1名,33,26009,12 13 33 14 5,是,33,100.0%
1896,26008,倒数3期两球组合,30,最后1名,4,26009,12 13 33 14 5,否,,0%
1897,26008,倒数4期两球组合,30,第1名,3,26009,12 13 33 14 5,否,,0%
1898,26008,倒数4期两球组合,30,最后1名,33 22 27,26009,12 13 33 14 5,是,33,33.3%
1899,26008,倒数5期两球组合,30,第1名,3,26009,12 13 33 14 5,否,,0%
1900,26008,倒数5期两球组合,30,最后1名,13,26009,12 13 33 14 5,是,13,100.0%
1901,26008,最新一期两球组合,20,第1名,4,26009,12 13 33 14 5,否,,0%
1902,26008,最新一期两球组合,20,最后1名,12,26009,12 13 33 14 5,是,12,100.0%
1903,26008,倒数2期两球组合,20,第1名,17,26009,12 13 33 14 5,否,,0%
1904,26008,倒数2期两球组合,20,最后1名,14,26009,12 13 33 14 5,是,14,100.0%
1905,26008,倒数3期两球组合,20,第1名,33,26009,12 13 33 14 5,是,33,100.0%
1906,26008,倒数3期两球组合,20,最后1名,31,26009,12 13 33 14 5,否,,0%
1907,26008,倒数4期两球组合,20,第1名,6,26009,12 13 33 14 5,否,,0%
1908,26008,倒数4期两球组合,20,最后1名,10 14 28,26009,12 13 33 14 5,是,14,33.3%
1909,26008,倒数5期两球组合,20,第1名,17,26009,12 13 33 14 5,否,,0%
1910,26008,倒数5期两球组合,20,最后1名,28 26 35 32 1 13,26009,12 13 33 14 5,是,13,16.7%
1911,26008,最新一期两球组合,10,第1名,11,26009,12 13 33 14 5,否,,0%
1912,26008,最新一期两球组合,10,最后1名,12,26009,12 13 33 14 5,是,12,100.0%
1913,26008,倒数2期两球组合,10,第1名,27,26009,12 13 33 14 5,否,,0%
1914,26008,倒数2期两球组合,10,最后1名,15 19 18 25 4 13,26009,12 13 33 14 5,是,13,16.7%
1915,26008,倒数3期两球组合,10,第1名,33,26009,12 13 33 14 5,是,33,100.0%
1916,26008,倒数3期两球组合,10,最后1名,4 24,26009,12 13 33 14 5,否,,0%
1917,26008,倒数4期两球组合,10,第1名,3,26009,12 13 33 14 5,否,,0%
1918,26008,倒数4期两球组合,10,最后1名,28 14,26009,12 13 33 14 5,是,14,50.0%
1919,26008,倒数5期两球组合,10,第1名,3,26009,12 13 33 14 5,否,,0%
1920,26008,倒数5期两球组合,10,最后1名,12 26 27 11 35 13,26009,12 13 33 14 5,是,12 13,33.3%
1921,26007,最新一期两球组合,50,第1名,33,26008,17 21 3 6 33,是,33,100.0%
1922,26007,最新一期两球组合,50,最后1名,13,26008,17 21 3 6 33,否,,0%
1923,26007,倒数2期两球组合,50,第1名,13,26008,17 21 3 6 33,否,,0%
1924,26007,倒数2期两球组合,50,最后1名,15,26008,17 21 3 6 33,否,,0%
1925,26007,倒数3期两球组合,50,第1名,19,26008,17 21 3 6 33,否,,0%
1926,26007,倒数3期两球组合,50,最后1名,16,26008,17 21 3 6 33,否,,0%
1927,26007,倒数4期两球组合,50,第1名,15,26008,17 21 3 6 33,否,,0%
1928,26007,倒数4期两球组合,50,最后1名,11 30,26008,17 21 3 6 33,否,,0%
1929,26007,倒数5期两球组合,50,第1名,26,26008,17 21 3 6 33,否,,0%
1930,26007,倒数5期两球组合,50,最后1名,7 34,26008,17 21 3 6 33,否,,0%
1931,26007,最新一期两球组合,30,第1名,5,26008,17 21 3 6 33,否,,0%
1932,26007,最新一期两球组合,30,最后1名,13,26008,17 21 3 6 33,否,,0%
1933,26007,倒数2期两球组合,30,第1名,1,26008,17 21 3 6 33,否,,0%
1934,26007,倒数2期两球组合,30,最后1名,35,26008,17 21 3 6 33,否,,0%
1935,26007,倒数3期两球组合,30,第1名,19,26008,17 21 3 6 33,否,,0%
1936,26007,倒数3期两球组合,30,最后1名,30 5 34 25 2 7 10,26008,17 21 3 6 33,否,,0%
1937,26007,倒数4期两球组合,30,第1名,2,26008,17 21 3 6 33,否,,0%
1938,26007,倒数4期两球组合,30,最后1名,32 12 21 16 31,26008,17 21 3 6 33,是,21,20.0%
1939,26007,倒数5期两球组合,30,第1名,20,26008,17 21 3 6 33,否,,0%
1940,26007,倒数5期两球组合,30,最后1名,35 34,26008,17 21 3 6 33,否,,0%
1941,26007,最新一期两球组合,20,第1名,33,26008,17 21 3 6 33,是,33,100.0%
1942,26007,最新一期两球组合,20,最后1名,13,26008,17 21 3 6 33,否,,0%
1943,26007,倒数2期两球组合,20,第1名,13,26008,17 21 3 6 33,否,,0%
1944,26007,倒数2期两球组合,20,最后1名,15,26008,17 21 3 6 33,否,,0%
1945,26007,倒数3期两球组合,20,第1名,1,26008,17 21 3 6 33,否,,0%
1946,26007,倒数3期两球组合,20,最后1名,31 14,26008,17 21 3 6 33,否,,0%
1947,26007,倒数4期两球组合,20,第1名,19,26008,17 21 3 6 33,否,,0%
1948,26007,倒数4期两球组合,20,最后1名,16,26008,17 21 3 6 33,否,,0%
1949,26007,倒数5期两球组合,20,第1名,20,26008,17 21 3 6 33,否,,0%
1950,26007,倒数5期两球组合,20,最后1名,8 22 29 23 24 35 5 27 34,26008,17 21 3 6 33,否,,0%
1951,26007,最新一期两球组合,10,第1名,5,26008,17 21 3 6 33,否,,0%
1952,26007,最新一期两球组合,10,最后1名,13,26008,17 21 3 6 33,否,,0%
1953,26007,倒数2期两球组合,10,第1名,1,26008,17 21 3 6 33,否,,0%
1954,26007,倒数2期两球组合,10,最后1名,15,26008,17 21 3 6 33,否,,0%
1955,26007,倒数3期两球组合,10,第1名,26,26008,17 21 3 6 33,否,,0%
1956,26007,倒数3期两球组合,10,最后1名,12,26008,17 21 3 6 33,否,,0%
1957,26007,倒数4期两球组合,10,第1名,3,26008,17 21 3 6 33,是,3,100.0%
1958,26007,倒数4期两球组合,10,最后1名,32 24,26008,17 21 3 6 33,否,,0%
1959,26007,倒数5期两球组合,10,第1名,20,26008,17 21 3 6 33,否,,0%
1960,26007,倒数5期两球组合,10,最后1名,15 16 29 23 7 5 31 10 34,26008,17 21 3 6 33,否,,0%
1961,26006,最新一期两球组合,50,第1名,24,26007,13 1 20 3 26,否,,0%
1962,26006,最新一期两球组合,50,最后1名,14,26007,13 1 20 3 26,否,,0%
1963,26006,倒数2期两球组合,50,第1名,10,26007,13 1 20 3 26,否,,0%
1964,26006,倒数2期两球组合,50,最后1名,7,26007,13 1 20 3 26,否,,0%
1965,26006,倒数3期两球组合,50,第1名,5,26007,13 1 20 3 26,否,,0%
1966,26006,倒数3期两球组合,50,最后1名,25 8,26007,13 1 20 3 26,否,,0%
1967,26006,倒数4期两球组合,50,第1名,23,26007,13 1 20 3 26,否,,0%
1968,26006,倒数4期两球组合,50,最后1名,20,26007,13 1 20 3 26,是,20,100.0%
1969,26006,倒数5期两球组合,50,第1名,35,26007,13 1 20 3 26,否,,0%
1970,26006,倒数5期两球组合,50,最后1名,2,26007,13 1 20 3 26,否,,0%
1971,26006,最新一期两球组合,30,第1名,1,26007,13 1 20 3 26,是,1,100.0%
1972,26006,最新一期两球组合,30,最后1名,14,26007,13 1 20 3 26,否,,0%
1973,26006,倒数2期两球组合,30,第1名,22,26007,13 1 20 3 26,否,,0%
1974,26006,倒数2期两球组合,30,最后1名,7 31 20 6,26007,13 1 20 3 26,是,20,25.0%
1975,26006,倒数3期两球组合,30,第1名,23,26007,13 1 20 3 26,否,,0%
1976,26006,倒数3期两球组合,30,最后1名,29 24,26007,13 1 20 3 26,否,,0%
1977,26006,倒数4期两球组合,30,第1名,35,26007,13 1 20 3 26,否,,0%
1978,26006,倒数4期两球组合,30,最后1名,26 24 16,26007,13 1 20 3 26,是,26,33.3%
1979,26006,倒数5期两球组合,30,第1名,19,26007,13 1 20 3 26,否,,0%
1980,26006,倒数5期两球组合,30,最后1名,30,26007,13 1 20 3 26,否,,0%
1981,26006,最新一期两球组合,20,第1名,1,26007,13 1 20 3 26,是,1,100.0%
1982,26006,最新一期两球组合,20,最后1名,2 19 10 22,26007,13 1 20 3 26,否,,0%
1983,26006,倒数2期两球组合,20,第1名,5,26007,13 1 20 3 26,否,,0%
1984,26006,倒数2期两球组合,20,最后1名,7,26007,13 1 20 3 26,否,,0%
1985,26006,倒数3期两球组合,20,第1名,35,26007,13 1 20 3 26,否,,0%
1986,26006,倒数3期两球组合,20,最后1名,29 18 24,26007,13 1 20 3 26,否,,0%
1987,26006,倒数4期两球组合,20,第1名,23,26007,13 1 20 3 26,否,,0%
1988,26006,倒数4期两球组合,20,最后1名,24,26007,13 1 20 3 26,否,,0%
1989,26006,倒数5期两球组合,20,第1名,22,26007,13 1 20 3 26,否,,0%
1990,26006,倒数5期两球组合,20,最后1名,2 5 6 33 1 25 13,26007,13 1 20 3 26,是,1 13,28.6%
1991,26006,最新一期两球组合,10,第1名,1,26007,13 1 20 3 26,是,1,100.0%
1992,26006,最新一期两球组合,10,最后1名,8 27 26 9 4 30,26007,13 1 20 3 26,是,26,16.7%
1993,26006,倒数2期两球组合,10,第1名,5,26007,13 1 20 3 26,否,,0%
1994,26006,倒数2期两球组合,10,最后1名,7,26007,13 1 20 3 26,否,,0%
1995,26006,倒数3期两球组合,10,第1名,35,26007,13 1 20 3 26,否,,0%
1996,26006,倒数3期两球组合,10,最后1名,20 10 34,26007,13 1 20 3 26,是,20,33.3%
1997,26006,倒数4期两球组合,10,第1名,18,26007,13 1 20 3 26,否,,0%
1998,26006,倒数4期两球组合,10,最后1名,20 30 11 28 9 26 24 34 16,26007,13 1 20 3 26,是,20 26,22.2%
1999,26006,倒数5期两球组合,10,第1名,35,26007,13 1 20 3 26,否,,0%
2000,26006,倒数5期两球组合,10,最后1名,10 3 11,26007,13 1 20 3 26,是,3,33.3%
2001,26005,最新一期两球组合,50,第1名,33,26006,35 18 12 5 23,否,,0%
2002,26005,最新一期两球组合,50,最后1名,13,26006,35 18 12 5 23,否,,0%
2003,26005,倒数2期两球组合,50,第1名,5,26006,35 18 12 5 23,是,5,100.0%
2004,26005,倒数2期两球组合,50,最后1名,34,26006,35 18 12 5 23,否,,0%
2005,26005,倒数3期两球组合,50,第1名,16,26006,35 18 12 5 23,否,,0%
2006,26005,倒数3期两球组合,50,最后1名,29 22 20,26006,35 18 12 5 23,否,,0%
2007,26005,倒数4期两球组合,50,第1名,7,26006,35 18 12 5 23,否,,0%
2008,26005,倒数4期两球组合,50,最后1名,25,26006,35 18 12 5 23,否,,0%
2009,26005,倒数5期两球组合,50,第1名,16,26006,35 18 12 5 23,否,,0%
2010,26005,倒数5期两球组合,50,最后1名,32,26006,35 18 12 5 23,否,,0%
2011,26005,最新一期两球组合,30,第1名,29,26006,35 18 12 5 23,否,,0%
2012,26005,最新一期两球组合,30,最后1名,13,26006,35 18 12 5 23,否,,0%
2013,26005,倒数2期两球组合,30,第1名,23,26006,35 18 12 5 23,是,23,100.0%
2014,26005,倒数2期两球组合,30,最后1名,25 19,26006,35 18 12 5 23,否,,0%
2015,26005,倒数3期两球组合,30,第1名,7,26006,35 18 12 5 23,否,,0%
2016,26005,倒数3期两球组合,30,最后1名,33,26006,35 18 12 5 23,否,,0%
2017,26005,倒数4期两球组合,30,第1名,4,26006,35 18 12 5 23,否,,0%
2018,26005,倒数4期两球组合,30,最后1名,13 19 20,26006,35 18 12 5 23,否,,0%
2019,26005,倒数5期两球组合,30,第1名,22,26006,35 18 12 5 23,否,,0%
2020,26005,倒数5期两球组合,30,最后1名,24,26006,35 18 12 5 23,否,,0%
2021,26005,最新一期两球组合,20,第1名,35,26006,35 18 12 5 23,是,35,100.0%
2022,26005,最新一期两球组合,20,最后1名,13,26006,35 18 12 5 23,否,,0%
2023,26005,倒数2期两球组合,20,第1名,33,26006,35 18 12 5 23,否,,0%
2024,26005,倒数2期两球组合,20,最后1名,34,26006,35 18 12 5 23,否,,0%
2025,26005,倒数3期两球组合,20,第1名,32,26006,35 18 12 5 23,否,,0%
2026,26005,倒数3期两球组合,20,最后1名,30 8 33,26006,35 18 12 5 23,否,,0%
2027,26005,倒数4期两球组合,20,第1名,35,26006,35 18 12 5 23,是,35,100.0%
2028,26005,倒数4期两球组合,20,最后1名,20,26006,35 18 12 5 23,否,,0%
2029,26005,倒数5期两球组合,20,第1名,16,26006,35 18 12 5 23,否,,0%
2030,26005,倒数5期两球组合,20,最后1名,26 30 20 6 12 7 24,26006,35 18 12 5 23,是,12,14.3%
2031,26005,最新一期两球组合,10,第1名,8,26006,35 18 12 5 23,否,,0%
2032,26005,最新一期两球组合,10,最后1名,16 13,26006,35 18 12 5 23,否,,0%
2033,26005,倒数2期两球组合,10,第1名,4,26006,35 18 12 5 23,否,,0%
2034,26005,倒数2期两球组合,10,最后1名,34,26006,35 18 12 5 23,否,,0%
2035,26005,倒数3期两球组合,10,第1名,23,26006,35 18 12 5 23,是,23,100.0%
2036,26005,倒数3期两球组合,10,最后1名,22 5 26 8,26006,35 18 12 5 23,是,5,25.0%
2037,26005,倒数4期两球组合,10,第1名,4,26006,35 18 12 5 23,否,,0%
2038,26005,倒数4期两球组合,10,最后1名,6 29 24 14 20 17,26006,35 18 12 5 23,否,,0%
2039,26005,倒数5期两球组合,10,第1名,2,26006,35 18 12 5 23,否,,0%
2040,26005,倒数5期两球组合,10,最后1名,1 5 29 30 3,26006,35 18 12 5 23,是,5,20.0%
2041,26004,最新一期两球组合,50,第1名,13,26005,16 23 2 4 35,否,,0%
2042,26004,最新一期两球组合,50,最后1名,31 24,26005,16 23 2 4 35,否,,0%
2043,26004,倒数2期两球组合,50,第1名,25,26005,16 23 2 4 35,否,,0%
2044,26004,倒数2期两球组合,50,最后1名,29,26005,16 23 2 4 35,否,,0%
2045,26004,倒数3期两球组合,50,第1名,24,26005,16 23 2 4 35,否,,0%
2046,26004,倒数3期两球组合,50,最后1名,28,26005,16 23 2 4 35,否,,0%
2047,26004,倒数4期两球组合,50,第1名,18,26005,16 23 2 4 35,否,,0%
2048,26004,倒数4期两球组合,50,最后1名,34 22,26005,16 23 2 4 35,否,,0%
2049,26004,倒数5期两球组合,50,第1名,14,26005,16 23 2 4 35,否,,0%
2050,26004,倒数5期两球组合,50,最后1名,17 15,26005,16 23 2 4 35,否,,0%
2051,26004,最新一期两球组合,30,第1名,6,26005,16 23 2 4 35,否,,0%
2052,26004,最新一期两球组合,30,最后1名,33 22,26005,16 23 2 4 35,否,,0%
2053,26004,倒数2期两球组合,30,第1名,28,26005,16 23 2 4 35,否,,0%
2054,26004,倒数2期两球组合,30,最后1名,27,26005,16 23 2 4 35,否,,0%
2055,26004,倒数3期两球组合,30,第1名,3,26005,16 23 2 4 35,否,,0%
2056,26004,倒数3期两球组合,30,最后1名,6 31 1 21,26005,16 23 2 4 35,否,,0%
2057,26004,倒数4期两球组合,30,第1名,18,26005,16 23 2 4 35,否,,0%
2058,26004,倒数4期两球组合,30,最后1名,15,26005,16 23 2 4 35,否,,0%
2059,26004,倒数5期两球组合,30,第1名,22,26005,16 23 2 4 35,否,,0%
2060,26004,倒数5期两球组合,30,最后1名,26,26005,16 23 2 4 35,否,,0%
2061,26004,最新一期两球组合,20,第1名,18,26005,16 23 2 4 35,否,,0%
2062,26004,最新一期两球组合,20,最后1名,4,26005,16 23 2 4 35,是,4,100.0%
2063,26004,倒数2期两球组合,20,第1名,11,26005,16 23 2 4 35,否,,0%
2064,26004,倒数2期两球组合,20,最后1名,29,26005,16 23 2 4 35,否,,0%
2065,26004,倒数3期两球组合,20,第1名,10,26005,16 23 2 4 35,否,,0%
2066,26004,倒数3期两球组合,20,最后1名,14 21,26005,16 23 2 4 35,否,,0%
2067,26004,倒数4期两球组合,20,第1名,35,26005,16 23 2 4 35,是,35,100.0%
2068,26004,倒数4期两球组合,20,最后1名,34 8 22,26005,16 23 2 4 35,否,,0%
2069,26004,倒数5期两球组合,20,第1名,18,26005,16 23 2 4 35,否,,0%
2070,26004,倒数5期两球组合,20,最后1名,29 27 15,26005,16 23 2 4 35,否,,0%
2071,26004,最新一期两球组合,10,第1名,32,26005,16 23 2 4 35,否,,0%
2072,26004,最新一期两球组合,10,最后1名,10,26005,16 23 2 4 35,否,,0%
2073,26004,倒数2期两球组合,10,第1名,11,26005,16 23 2 4 35,否,,0%
2074,26004,倒数2期两球组合,10,最后1名,29,26005,16 23 2 4 35,否,,0%
2075,26004,倒数3期两球组合,10,第1名,18,26005,16 23 2 4 35,否,,0%
2076,26004,倒数3期两球组合,10,最后1名,30 35 15 11,26005,16 23 2 4 35,是,35,25.0%
2077,26004,倒数4期两球组合,10,第1名,18,26005,16 23 2 4 35,否,,0%
2078,26004,倒数4期两球组合,10,最后1名,34 24 2 17 12,26005,16 23 2 4 35,是,2,20.0%
2079,26004,倒数5期两球组合,10,第1名,32,26005,16 23 2 4 35,否,,0%
2080,26004,倒数5期两球组合,10,最后1名,2 34 1 16 26 6 15,26005,16 23 2 4 35,是,2 16,28.6%
2081,26003,最新一期两球组合,50,第1名,34,26004,32 23 18 5 25,否,,0%
2082,26003,最新一期两球组合,50,最后1名,1,26004,32 23 18 5 25,否,,0%
2083,26003,倒数2期两球组合,50,第1名,9,26004,32 23 18 5 25,否,,0%
2084,26003,倒数2期两球组合,50,最后1名,7 35,26004,32 23 18 5 25,否,,0%
2085,26003,倒数3期两球组合,50,第1名,2,26004,32 23 18 5 25,否,,0%
2086,26003,倒数3期两球组合,50,最后1名,7 33,26004,32 23 18 5 25,否,,0%
2087,26003,倒数4期两球组合,50,第1名,29,26004,32 23 18 5 25,否,,0%
2088,26003,倒数4期两球组合,50,最后1名,6 7 2 23,26004,32 23 18 5 25,是,23,25.0%
2089,26003,倒数5期两球组合,50,第1名,2,26004,32 23 18 5 25,否,,0%
2090,26003,倒数5期两球组合,50,最后1名,22,26004,32 23 18 5 25,否,,0%
2091,26003,最新一期两球组合,30,第1名,34,26004,32 23 18 5 25,否,,0%
2092,26003,最新一期两球组合,30,最后1名,16,26004,32 23 18 5 25,否,,0%
2093,26003,倒数2期两球组合,30,第1名,8,26004,32 23 18 5 25,否,,0%
2094,26003,倒数2期两球组合,30,最后1名,32 21,26004,32 23 18 5 25,是,32,50.0%
2095,26003,倒数3期两球组合,30,第1名,32,26004,32 23 18 5 25,是,32,100.0%
2096,26003,倒数3期两球组合,30,最后1名,7 18,26004,32 23 18 5 25,是,18,50.0%
2097,26003,倒数4期两球组合,30,第1名,29,26004,32 23 18 5 25,否,,0%
2098,26003,倒数4期两球组合,30,最后1名,14,26004,32 23 18 5 25,否,,0%
2099,26003,倒数5期两球组合,30,第1名,9,26004,32 23 18 5 25,否,,0%
2100,26003,倒数5期两球组合,30,最后1名,30 25 24 10,26004,32 23 18 5 25,是,25,25.0%
2101,26003,最新一期两球组合,20,第1名,6,26004,32 23 18 5 25,否,,0%
2102,26003,最新一期两球组合,20,最后1名,16 26,26004,32 23 18 5 25,否,,0%
2103,26003,倒数2期两球组合,20,第1名,11,26004,32 23 18 5 25,否,,0%
2104,26003,倒数2期两球组合,20,最后1名,35,26004,32 23 18 5 25,否,,0%
2105,26003,倒数3期两球组合,20,第1名,9,26004,32 23 18 5 25,否,,0%
2106,26003,倒数3期两球组合,20,最后1名,18,26004,32 23 18 5 25,是,18,100.0%
2107,26003,倒数4期两球组合,20,第1名,9,26004,32 23 18 5 25,否,,0%
2108,26003,倒数4期两球组合,20,最后1名,26 14 5 16,26004,32 23 18 5 25,是,5,25.0%
2109,26003,倒数5期两球组合,20,第1名,16,26004,32 23 18 5 25,否,,0%
2110,26003,倒数5期两球组合,20,最后1名,19,26004,32 23 18 5 25,否,,0%
2111,26003,最新一期两球组合,10,第1名,6,26004,32 23 18 5 25,否,,0%
2112,26003,最新一期两球组合,10,最后1名,26,26004,32 23 18 5 25,否,,0%
2113,26003,倒数2期两球组合,10,第1名,11,26004,32 23 18 5 25,否,,0%
2114,26003,倒数2期两球组合,10,最后1名,2 35,26004,32 23 18 5 25,否,,0%
2115,26003,倒数3期两球组合,10,第1名,9,26004,32 23 18 5 25,否,,0%
2116,26003,倒数3期两球组合,10,最后1名,7 33 29 18,26004,32 23 18 5 25,是,18,25.0%
2117,26003,倒数4期两球组合,10,第1名,9,26004,32 23 18 5 25,否,,0%
2118,26003,倒数4期两球组合,10,最后1名,8 16,26004,32 23 18 5 25,否,,0%
2119,26003,倒数5期两球组合,10,第1名,2,26004,32 23 18 5 25,否,,0%
2120,26003,倒数5期两球组合,10,最后1名,28 1 34 13,26004,32 23 18 5 25,否,,0%
2121,26002,最新一期两球组合,50,第1名,13,26003,2 9 11 15 16,否,,0%
2122,26002,最新一期两球组合,50,最后1名,35 16,26003,2 9 11 15 16,是,16,50.0%
2123,26002,倒数2期两球组合,50,第1名,33,26003,2 9 11 15 16,否,,0%
2124,26002,倒数2期两球组合,50,最后1名,5 27,26003,2 9 11 15 16,否,,0%
2125,26002,倒数3期两球组合,50,第1名,18,26003,2 9 11 15 16,否,,0%
2126,26002,倒数3期两球组合,50,最后1名,35 1 26 31,26003,2 9 11 15 16,否,,0%
2127,26002,倒数4期两球组合,50,第1名,10,26003,2 9 11 15 16,否,,0%
2128,26002,倒数4期两球组合,50,最后1名,29 21,26003,2 9 11 15 16,否,,0%
2129,26002,倒数5期两球组合,50,第1名,11,26003,2 9 11 15 16,是,11,100.0%
2130,26002,倒数5期两球组合,50,最后1名,35,26003,2 9 11 15 16,否,,0%
2131,26002,最新一期两球组合,30,第1名,9,26003,2 9 11 15 16,是,9,100.0%
2132,26002,最新一期两球组合,30,最后1名,29 19 27 21,26003,2 9 11 15 16,否,,0%
2133,26002,倒数2期两球组合,30,第1名,4,26003,2 9 11 15 16,否,,0%
2134,26002,倒数2期两球组合,30,最后1名,19 2 16,26003,2 9 11 15 16,是,2 16,66.7%
2135,26002,倒数3期两球组合,30,第1名,20,26003,2 9 11 15 16,否,,0%
2136,26002,倒数3期两球组合,30,最后1名,2,26003,2 9 11 15 16,是,2,100.0%
2137,26002,倒数4期两球组合,30,第1名,16,26003,2 9 11 15 16,是,16,100.0%
2138,26002,倒数4期两球组合,30,最后1名,9 25 12 14 17,26003,2 9 11 15 16,是,9,20.0%
2139,26002,倒数5期两球组合,30,第1名,5,26003,2 9 11 15 16,否,,0%
2140,26002,倒数5期两球组合,30,最后1名,30 20 29 24 10 23,26003,2 9 11 15 16,否,,0%
2141,26002,最新一期两球组合,20,第1名,1,26003,2 9 11 15 16,否,,0%
2142,26002,最新一期两球组合,20,最后1名,8,26003,2 9 11 15 16,否,,0%
2143,26002,倒数2期两球组合,20,第1名,8,26003,2 9 11 15 16,否,,0%
2144,26002,倒数2期两球组合,20,最后1名,19,26003,2 9 11 15 16,否,,0%
2145,26002,倒数3期两球组合,20,第1名,31,26003,2 9 11 15 16,否,,0%
2146,26002,倒数3期两球组合,20,最后1名,26 13 15,26003,2 9 11 15 16,是,15,33.3%
2147,26002,倒数4期两球组合,20,第1名,21,26003,2 9 11 15 16,否,,0%
2148,26002,倒数4期两球组合,20,最后1名,9 1,26003,2 9 11 15 16,是,9,50.0%
2149,26002,倒数5期两球组合,20,第1名,31,26003,2 9 11 15 16,否,,0%
2150,26002,倒数5期两球组合,20,最后1名,6,26003,2 9 11 15 16,否,,0%
2151,26002,最新一期两球组合,10,第1名,13,26003,2 9 11 15 16,否,,0%
2152,26002,最新一期两球组合,10,最后1名,17,26003,2 9 11 15 16,否,,0%
2153,26002,倒数2期两球组合,10,第1名,8,26003,2 9 11 15 16,否,,0%
2154,26002,倒数2期两球组合,10,最后1名,5,26003,2 9 11 15 16,否,,0%
2155,26002,倒数3期两球组合,10,第1名,31,26003,2 9 11 15 16,否,,0%
2156,26002,倒数3期两球组合,10,最后1名,26 29 34 28 13,26003,2 9 11 15 16,否,,0%
2157,26002,倒数4期两球组合,10,第1名,15,26003,2 9 11 15 16,是,15,100.0%
2158,26002,倒数4期两球组合,10,最后1名,13,26003,2 9 11 15 16,否,,0%
2159,26002,倒数5期两球组合,10,第1名,31,26003,2 9 11 15 16,否,,0%
2160,26002,倒数5期两球组合,10,最后1名,9 19,26003,2 9 11 15 16,是,9,50.0%
2161,26001,最新一期两球组合,50,第1名,24,26002,20 8 4 15 31,否,,0%
2162,26001,最新一期两球组合,50,最后1名,18 21 14,26002,20 8 4 15 31,否,,0%
2163,26001,倒数2期两球组合,50,第1名,28,26002,20 8 4 15 31,否,,0%
2164,26001,倒数2期两球组合,50,最后1名,9,26002,20 8 4 15 31,否,,0%
2165,26001,倒数3期两球组合,50,第1名,32,26002,20 8 4 15 31,否,,0%
2166,26001,倒数3期两球组合,50,最后1名,26,26002,20 8 4 15 31,否,,0%
2167,26001,倒数4期两球组合,50,第1名,23,26002,20 8 4 15 31,否,,0%
2168,26001,倒数4期两球组合,50,最后1名,31 17 4,26002,20 8 4 15 31,是,31 4,66.7%
2169,26001,倒数5期两球组合,50,第1名,6,26002,20 8 4 15 31,否,,0%
2170,26001,倒数5期两球组合,50,最后1名,25 2,26002,20 8 4 15 31,否,,0%
2171,26001,最新一期两球组合,30,第1名,24,26002,20 8 4 15 31,否,,0%
2172,26001,最新一期两球组合,30,最后1名,13,26002,20 8 4 15 31,否,,0%
2173,26001,倒数2期两球组合,30,第1名,14,26002,20 8 4 15 31,否,,0%
2174,26001,倒数2期两球组合,30,最后1名,32 26 16 20,26002,20 8 4 15 31,是,20,25.0%
2175,26001,倒数3期两球组合,30,第1名,20,26002,20 8 4 15 31,是,20,100.0%
2176,26001,倒数3期两球组合,30,最后1名,19 33 10 24,26002,20 8 4 15 31,否,,0%
2177,26001,倒数4期两球组合,30,第1名,23,26002,20 8 4 15 31,否,,0%
2178,26001,倒数4期两球组合,30,最后1名,29 8 11,26002,20 8 4 15 31,是,8,33.3%
2179,26001,倒数5期两球组合,30,第1名,6,26002,20 8 4 15 31,否,,0%
2180,26001,倒数5期两球组合,30,最后1名,19,26002,20 8 4 15 31,否,,0%
2181,26001,最新一期两球组合,20,第1名,15,26002,20 8 4 15 31,是,15,100.0%
2182,26001,最新一期两球组合,20,最后1名,2,26002,20 8 4 15 31,否,,0%
2183,26001,倒数2期两球组合,20,第1名,14,26002,20 8 4 15 31,否,,0%
2184,26001,倒数2期两球组合,20,最后1名,29 11,26002,20 8 4 15 31,否,,0%
2185,26001,倒数3期两球组合,20,第1名,27,26002,20 8 4 15 31,否,,0%
2186,26001,倒数3期两球组合,20,最后1名,34,26002,20 8 4 15 31,否,,0%
2187,26001,倒数4期两球组合,20,第1名,23,26002,20 8 4 15 31,否,,0%
2188,26001,倒数4期两球组合,20,最后1名,34,26002,20 8 4 15 31,否,,0%
2189,26001,倒数5期两球组合,20,第1名,22,26002,20 8 4 15 31,否,,0%
2190,26001,倒数5期两球组合,20,最后1名,31 18,26002,20 8 4 15 31,是,31,50.0%
2191,26001,最新一期两球组合,10,第1名,16,26002,20 8 4 15 31,否,,0%
2192,26001,最新一期两球组合,10,最后1名,2 9 22 28 5,26002,20 8 4 15 31,否,,0%
2193,26001,倒数2期两球组合,10,第1名,14,26002,20 8 4 15 31,否,,0%
2194,26001,倒数2期两球组合,10,最后1名,11,26002,20 8 4 15 31,否,,0%
2195,26001,倒数3期两球组合,10,第1名,27,26002,20 8 4 15 31,否,,0%
2196,26001,倒数3期两球组合,10,最后1名,34 21 33 6 10,26002,20 8 4 15 31,否,,0%
2197,26001,倒数4期两球组合,10,第1名,27,26002,20 8 4 15 31,否,,0%
2198,26001,倒数4期两球组合,10,最后1名,34,26002,20 8 4 15 31,否,,0%
2199,26001,倒数5期两球组合,10,第1名,27,26002,20 8 4 15 31,否,,0%
2200,26001,倒数5期两球组合,10,最后1名,20 6 34 3,26002,20 8 4 15 31,是,20,25.0%
2201,25150,最新一期两球组合,50,第1名,33,25151,,否,,0%
2202,25150,最新一期两球组合,50,最后1名,17,25151,,否,,0%
2203,25150,倒数2期两球组合,50,第1名,15,25151,,否,,0%
2204,25150,倒数2期两球组合,50,最后1名,3 8 35 4 2 19 20 34,25151,,否,,0%
2205,25150,倒数3期两球组合,50,第1名,17,25151,,否,,0%
2206,25150,倒数3期两球组合,50,最后1名,12 10,25151,,否,,0%
2207,25150,倒数4期两球组合,50,第1名,33,25151,,否,,0%
2208,25150,倒数4期两球组合,50,最后1名,20 29,25151,,否,,0%
2209,25150,倒数5期两球组合,50,第1名,9,25151,,否,,0%
2210,25150,倒数5期两球组合,50,最后1名,3 2,25151,,否,,0%
2211,25150,最新一期两球组合,30,第1名,27,25151,,否,,0%
2212,25150,最新一期两球组合,30,最后1名,17,25151,,否,,0%
2213,25150,倒数2期两球组合,30,第1名,31,25151,,否,,0%
2214,25150,倒数2期两球组合,30,最后1名,32 10 35,25151,,否,,0%
2215,25150,倒数3期两球组合,30,第1名,14,25151,,否,,0%
2216,25150,倒数3期两球组合,30,最后1名,6 34 35,25151,,否,,0%
2217,25150,倒数4期两球组合,30,第1名,4,25151,,否,,0%
2218,25150,倒数4期两球组合,30,最后1名,10 20 15 24 3 12,25151,,否,,0%
2219,25150,倒数5期两球组合,30,第1名,24,25151,,否,,0%
2220,25150,倒数5期两球组合,30,最后1名,25 19 5,25151,,否,,0%
2221,25150,最新一期两球组合,20,第1名,26,25151,,否,,0%
2222,25150,最新一期两球组合,20,最后1名,17,25151,,否,,0%
2223,25150,倒数2期两球组合,20,第1名,28,25151,,否,,0%
2224,25150,倒数2期两球组合,20,最后1名,1 14,25151,,否,,0%
2225,25150,倒数3期两球组合,20,第1名,15,25151,,否,,0%
2226,25150,倒数3期两球组合,20,最后1名,33 3 16 26 2,25151,,否,,0%
2227,25150,倒数4期两球组合,20,第1名,15,25151,,否,,0%
2228,25150,倒数4期两球组合,20,最后1名,1 16 2,25151,,否,,0%
2229,25150,倒数5期两球组合,20,第1名,31,25151,,否,,0%
2230,25150,倒数5期两球组合,20,最后1名,29 4 7 21 35 23 11 16 19,25151,,否,,0%
2231,25150,最新一期两球组合,10,第1名,26,25151,,否,,0%
2232,25150,最新一期两球组合,10,最后1名,12 17,25151,,否,,0%
2233,25150,倒数2期两球组合,10,第1名,15,25151,,否,,0%
2234,25150,倒数2期两球组合,10,最后1名,32 7,25151,,否,,0%
2235,25150,倒数3期两球组合,10,第1名,31,25151,,否,,0%
2236,25150,倒数3期两球组合,10,最后1名,33 2 4,25151,,否,,0%
2237,25150,倒数4期两球组合,10,第1名,15,25151,,否,,0%
2238,25150,倒数4期两球组合,10,最后1名,2,25151,,否,,0%
2239,25150,倒数5期两球组合,10,第1名,14,25151,,否,,0%
2240,25150,倒数5期两球组合,10,最后1名,3 11 5 16,25151,,否,,0%
2241,25149,最新一期两球组合,50,第1名,13,25150,31 15 13 14 28,是,13,100.0%
2242,25149,最新一期两球组合,50,最后1名,3,25150,31 15 13 14 28,否,,0%
2243,25149,倒数2期两球组合,50,第1名,5,25150,31 15 13 14 28,否,,0%
2244,25149,倒数2期两球组合,50,最后1名,9,25150,31 15 13 14 28,否,,0%
2245,25149,倒数3期两球组合,50,第1名,13,25150,31 15 13 14 28,是,13,100.0%
2246,25149,倒数3期两球组合,50,最后1名,28 18,25150,31 15 13 14 28,是,28,50.0%
2247,25149,倒数4期两球组合,50,第1名,16,25150,31 15 13 14 28,否,,0%
2248,25149,倒数4期两球组合,50,最后1名,22,25150,31 15 13 14 28,否,,0%
2249,25149,倒数5期两球组合,50,第1名,32,25150,31 15 13 14 28,否,,0%
2250,25149,倒数5期两球组合,50,最后1名,5 28 29 25,25150,31 15 13 14 28,是,28,25.0%
2251,25149,最新一期两球组合,30,第1名,32,25150,31 15 13 14 28,否,,0%
2252,25149,最新一期两球组合,30,最后1名,2 17 10 14,25150,31 15 13 14 28,是,14,25.0%
2253,25149,倒数2期两球组合,30,第1名,32,25150,31 15 13 14 28,否,,0%
2254,25149,倒数2期两球组合,30,最后1名,7 29 3,25150,31 15 13 14 28,否,,0%
2255,25149,倒数3期两球组合,30,第1名,29,25150,31 15 13 14 28,否,,0%
2256,25149,倒数3期两球组合,30,最后1名,20 8 3 5 9 12 18,25150,31 15 13 14 28,否,,0%
2257,25149,倒数4期两球组合,30,第1名,24,25150,31 15 13 14 28,否,,0%
2258,25149,倒数4期两球组合,30,最后1名,7 29 22 5,25150,31 15 13 14 28,否,,0%
2259,25149,倒数5期两球组合,30,第1名,32,25150,31 15 13 14 28,否,,0%
2260,25149,倒数5期两球组合,30,最后1名,5 22,25150,31 15 13 14 28,否,,0%
2261,25149,最新一期两球组合,20,第1名,18,25150,31 15 13 14 28,否,,0%
2262,25149,最新一期两球组合,20,最后1名,16,25150,31 15 13 14 28,否,,0%
2263,25149,倒数2期两球组合,20,第1名,34,25150,31 15 13 14 28,否,,0%
2264,25149,倒数2期两球组合,20,最后1名,13 7 33 9 16,25150,31 15 13 14 28,是,13,20.0%
2265,25149,倒数3期两球组合,20,第1名,30,25150,31 15 13 14 28,否,,0%
2266,25149,倒数3期两球组合,20,最后1名,18,25150,31 15 13 14 28,否,,0%
2267,25149,倒数4期两球组合,20,第1名,26,25150,31 15 13 14 28,否,,0%
2268,25149,倒数4期两球组合,20,最后1名,5 20,25150,31 15 13 14 28,否,,0%
2269,25149,倒数5期两球组合,20,第1名,32,25150,31 15 13 14 28,否,,0%
2270,25149,倒数5期两球组合,20,最后1名,30 5 28 17 2 33,25150,31 15 13 14 28,是,28,16.7%
2271,25149,最新一期两球组合,10,第1名,10,25150,31 15 13 14 28,否,,0%
2272,25149,最新一期两球组合,10,最后1名,5 15,25150,31 15 13 14 28,是,15,50.0%
2273,25149,倒数2期两球组合,10,第1名,31,25150,31 15 13 14 28,是,31,100.0%
2274,25149,倒数2期两球组合,10,最后1名,6,25150,31 15 13 14 28,否,,0%
2275,25149,倒数3期两球组合,10,第1名,32,25150,31 15 13 14 28,否,,0%
2276,25149,倒数3期两球组合,10,最后1名,35 3 16 18,25150,31 15 13 14 28,否,,0%
2277,25149,倒数4期两球组合,10,第1名,24,25150,31 15 13 14 28,否,,0%
2278,25149,倒数4期两球组合,10,最后1名,10,25150,31 15 13 14 28,否,,0%
2279,25149,倒数5期两球组合,10,第1名,32,25150,31 15 13 14 28,否,,0%
2280,25149,倒数5期两球组合,10,最后1名,19 17 8 34,25150,31 15 13 14 28,否,,0%
2281,25148,最新一期两球组合,50,第1名,11,25149,24 31 32 26 30,否,,0%
2282,25148,最新一期两球组合,50,最后1名,21,25149,24 31 32 26 30,否,,0%
2283,25148,倒数2期两球组合,50,第1名,23,25149,24 31 32 26 30,否,,0%
2284,25148,倒数2期两球组合,50,最后1名,18,25149,24 31 32 26 30,否,,0%
2285,25148,倒数3期两球组合,50,第1名,14,25149,24 31 32 26 30,否,,0%
2286,25148,倒数3期两球组合,50,最后1名,29 27 24,25149,24 31 32 26 30,是,24,33.3%
2287,25148,倒数4期两球组合,50,第1名,30,25149,24 31 32 26 30,是,30,100.0%
2288,25148,倒数4期两球组合,50,最后1名,11,25149,24 31 32 26 30,否,,0%
2289,25148,倒数5期两球组合,50,第1名,20,25149,24 31 32 26 30,否,,0%
2290,25148,倒数5期两球组合,50,最后1名,17,25149,24 31 32 26 30,否,,0%
2291,25148,最新一期两球组合,30,第1名,15,25149,24 31 32 26 30,否,,0%
2292,25148,最新一期两球组合,30,最后1名,21 4,25149,24 31 32 26 30,否,,0%
2293,25148,倒数2期两球组合,30,第1名,30,25149,24 31 32 26 30,是,30,100.0%
2294,25148,倒数2期两球组合,30,最后1名,9 35 18,25149,24 31 32 26 30,否,,0%
2295,25148,倒数3期两球组合,30,第1名,5,25149,24 31 32 26 30,否,,0%
2296,25148,倒数3期两球组合,30,最后1名,9 35 7 10 31 19 34 26 24,25149,24 31 32 26 30,是,31 26 24,33.3%
2297,25148,倒数4期两球组合,30,第1名,30,25149,24 31 32 26 30,是,30,100.0%
2298,25148,倒数4期两球组合,30,最后1名,15,25149,24 31 32 26 30,否,,0%
2299,25148,倒数5期两球组合,30,第1名,14,25149,24 31 32 26 30,否,,0%
2300,25148,倒数5期两球组合,30,最后1名,17,25149,24 31 32 26 30,否,,0%
2301,25148,最新一期两球组合,20,第1名,1,25149,24 31 32 26 30,否,,0%
2302,25148,最新一期两球组合,20,最后1名,21 4,25149,24 31 32 26 30,否,,0%
2303,25148,倒数2期两球组合,20,第1名,4,25149,24 31 32 26 30,否,,0%
2304,25148,倒数2期两球组合,20,最后1名,26 18,25149,24 31 32 26 30,是,26,50.0%
2305,25148,倒数3期两球组合,20,第1名,14,25149,24 31 32 26 30,否,,0%
2306,25148,倒数3期两球组合,20,最后1名,24,25149,24 31 32 26 30,是,24,100.0%
2307,25148,倒数4期两球组合,20,第1名,30,25149,24 31 32 26 30,是,30,100.0%
2308,25148,倒数4期两球组合,20,最后1名,35 9 6 20 5 15 17,25149,24 31 32 26 30,否,,0%
2309,25148,倒数5期两球组合,20,第1名,32,25149,24 31 32 26 30,是,32,100.0%
2310,25148,倒数5期两球组合,20,最后1名,21 4 12 3,25149,24 31 32 26 30,否,,0%
2311,25148,最新一期两球组合,10,第1名,22,25149,24 31 32 26 30,否,,0%
2312,25148,最新一期两球组合,10,最后1名,17 21,25149,24 31 32 26 30,否,,0%
2313,25148,倒数2期两球组合,10,第1名,4,25149,24 31 32 26 30,否,,0%
2314,25148,倒数2期两球组合,10,最后1名,17 6 20 5 33,25149,24 31 32 26 30,否,,0%
2315,25148,倒数3期两球组合,10,第1名,3,25149,24 31 32 26 30,否,,0%
2316,25148,倒数3期两球组合,10,最后1名,27 34 31 19 12 24,25149,24 31 32 26 30,是,31 24,33.3%
2317,25148,倒数4期两球组合,10,第1名,30,25149,24 31 32 26 30,是,30,100.0%
2318,25148,倒数4期两球组合,10,最后1名,17,25149,24 31 32 26 30,否,,0%
2319,25148,倒数5期两球组合,10,第1名,32,25149,24 31 32 26 30,是,32,100.0%
2320,25148,倒数5期两球组合,10,最后1名,17 19 31 10 29,25149,24 31 32 26 30,是,31,20.0%
2321,25147,最新一期两球组合,50,第1名,31,25148,30 32 3 4 14,否,,0%
2322,25147,最新一期两球组合,50,最后1名,24,25148,30 32 3 4 14,否,,0%
2323,25147,倒数2期两球组合,50,第1名,16,25148,30 32 3 4 14,否,,0%
2324,25147,倒数2期两球组合,50,最后1名,29 2,25148,30 32 3 4 14,否,,0%
2325,25147,倒数3期两球组合,50,第1名,24,25148,30 32 3 4 14,否,,0%
2326,25147,倒数3期两球组合,50,最后1名,19 29,25148,30 32 3 4 14,否,,0%
2327,25147,倒数4期两球组合,50,第1名,16,25148,30 32 3 4 14,否,,0%
2328,25147,倒数4期两球组合,50,最后1名,33 6,25148,30 32 3 4 14,否,,0%
2329,25147,倒数5期两球组合,50,第1名,15,25148,30 32 3 4 14,否,,0%
2330,25147,倒数5期两球组合,50,最后1名,14,25148,30 32 3 4 14,是,14,100.0%
2331,25147,最新一期两球组合,30,第1名,22,25148,30 32 3 4 14,否,,0%
2332,25147,最新一期两球组合,30,最后1名,24,25148,30 32 3 4 14,否,,0%
2333,25147,倒数2期两球组合,30,第1名,16,25148,30 32 3 4 14,否,,0%
2334,25147,倒数2期两球组合,30,最后1名,29 11 32 4 9 19,25148,30 32 3 4 14,是,32 4,33.3%
2335,25147,倒数3期两球组合,30,第1名,24,25148,30 32 3 4 14,否,,0%
2336,25147,倒数3期两球组合,30,最后1名,19 8,25148,30 32 3 4 14,否,,0%
2337,25147,倒数4期两球组合,30,第1名,16,25148,30 32 3 4 14,否,,0%
2338,25147,倒数4期两球组合,30,最后1名,33,25148,30 32 3 4 14,否,,0%
2339,25147,倒数5期两球组合,30,第1名,12,25148,30 32 3 4 14,否,,0%
2340,25147,倒数5期两球组合,30,最后1名,29 27,25148,30 32 3 4 14,否,,0%
2341,25147,最新一期两球组合,20,第1名,22,25148,30 32 3 4 14,否,,0%
2342,25147,最新一期两球组合,20,最后1名,24,25148,30 32 3 4 14,否,,0%
2343,25147,倒数2期两球组合,20,第1名,25,25148,30 32 3 4 14,否,,0%
2344,25147,倒数2期两球组合,20,最后1名,23 19,25148,30 32 3 4 14,否,,0%
2345,25147,倒数3期两球组合,20,第1名,33,25148,30 32 3 4 14,否,,0%
2346,25147,倒数3期两球组合,20,最后1名,19 27 14 8,25148,30 32 3 4 14,是,14,25.0%
2347,25147,倒数4期两球组合,20,第1名,21,25148,30 32 3 4 14,否,,0%
2348,25147,倒数4期两球组合,20,最后1名,33 1 23 32 27 9,25148,30 32 3 4 14,是,32,16.7%
2349,25147,倒数5期两球组合,20,第1名,4,25148,30 32 3 4 14,是,4,100.0%
2350,25147,倒数5期两球组合,20,最后1名,34 22 24,25148,30 32 3 4 14,否,,0%
2351,25147,最新一期两球组合,10,第1名,18,25148,30 32 3 4 14,否,,0%
2352,25147,最新一期两球组合,10,最后1名,24,25148,30 32 3 4 14,否,,0%
2353,25147,倒数2期两球组合,10,第1名,25,25148,30 32 3 4 14,否,,0%
2354,25147,倒数2期两球组合,10,最后1名,29 5 27,25148,30 32 3 4 14,否,,0%
2355,25147,倒数3期两球组合,10,第1名,25,25148,30 32 3 4 14,否,,0%
2356,25147,倒数3期两球组合,10,最后1名,14,25148,30 32 3 4 14,是,14,100.0%
2357,25147,倒数4期两球组合,10,第1名,21,25148,30 32 3 4 14,否,,0%
2358,25147,倒数4期两球组合,10,最后1名,9,25148,30 32 3 4 14,否,,0%
2359,25147,倒数5期两球组合,10,第1名,12,25148,30 32 3 4 14,否,,0%
2360,25147,倒数5期两球组合,10,最后1名,28 9 7 30 1 10 24,25148,30 32 3 4 14,是,30,14.3%
2361,25146,最新一期两球组合,50,第1名,2,25147,6 25 16 33 21,否,,0%
2362,25146,最新一期两球组合,50,最后1名,24,25147,6 25 16 33 21,否,,0%
2363,25146,倒数2期两球组合,50,第1名,2,25147,6 25 16 33 21,否,,0%
2364,25146,倒数2期两球组合,50,最后1名,1,25147,6 25 16 33 21,否,,0%
2365,25146,倒数3期两球组合,50,第1名,17,25147,6 25 16 33 21,否,,0%
2366,25146,倒数3期两球组合,50,最后1名,24,25147,6 25 16 33 21,否,,0%
2367,25146,倒数4期两球组合,50,第1名,19,25147,6 25 16 33 21,否,,0%
2368,25146,倒数4期两球组合,50,最后1名,35,25147,6 25 16 33 21,否,,0%
2369,25146,倒数5期两球组合,50,第1名,32,25147,6 25 16 33 21,否,,0%
2370,25146,倒数5期两球组合,50,最后1名,12 14 18,25147,6 25 16 33 21,否,,0%
2371,25146,最新一期两球组合,30,第1名,27,25147,6 25 16 33 21,否,,0%
2372,25146,最新一期两球组合,30,最后1名,24,25147,6 25 16 33 21,否,,0%
2373,25146,倒数2期两球组合,30,第1名,21,25147,6 25 16 33 21,是,21,100.0%
2374,25146,倒数2期两球组合,30,最后1名,4 20,25147,6 25 16 33 21,否,,0%
2375,25146,倒数3期两球组合,30,第1名,13,25147,6 25 16 33 21,否,,0%
2376,25146,倒数3期两球组合,30,最后1名,1 24,25147,6 25 16 33 21,否,,0%
2377,25146,倒数4期两球组合,30,第1名,4,25147,6 25 16 33 21,否,,0%
2378,25146,倒数4期两球组合,30,最后1名,11 29,25147,6 25 16 33 21,否,,0%
2379,25146,倒数5期两球组合,30,第1名,16,25147,6 25 16 33 21,是,16,100.0%
2380,25146,倒数5期两球组合,30,最后1名,12 27 24,25147,6 25 16 33 21,否,,0%
2381,25146,最新一期两球组合,20,第1名,2,25147,6 25 16 33 21,否,,0%
2382,25146,最新一期两球组合,20,最后1名,24 23,25147,6 25 16 33 21,否,,0%
2383,25146,倒数2期两球组合,20,第1名,21,25147,6 25 16 33 21,是,21,100.0%
2384,25146,倒数2期两球组合,20,最后1名,29,25147,6 25 16 33 21,否,,0%
2385,25146,倒数3期两球组合,20,第1名,6,25147,6 25 16 33 21,是,6,100.0%
2386,25146,倒数3期两球组合,20,最后1名,24,25147,6 25 16 33 21,否,,0%
2387,25146,倒数4期两球组合,20,第1名,22,25147,6 25 16 33 21,否,,0%
2388,25146,倒数4期两球组合,20,最后1名,32,25147,6 25 16 33 21,否,,0%
2389,25146,倒数5期两球组合,20,第1名,6,25147,6 25 16 33 21,是,6,100.0%
2390,25146,倒数5期两球组合,20,最后1名,18,25147,6 25 16 33 21,否,,0%
2391,25146,最新一期两球组合,10,第1名,2,25147,6 25 16 33 21,否,,0%
2392,25146,最新一期两球组合,10,最后1名,1 35 14 22 26 32 23 16 24,25147,6 25 16 33 21,是,16,11.1%
2393,25146,倒数2期两球组合,10,第1名,13,25147,6 25 16 33 21,否,,0%
2394,25146,倒数2期两球组合,10,最后1名,7,25147,6 25 16 33 21,否,,0%
2395,25146,倒数3期两球组合,10,第1名,6,25147,6 25 16 33 21,是,6,100.0%
2396,25146,倒数3期两球组合,10,最后1名,19 24,25147,6 25 16 33 21,否,,0%
2397,25146,倒数4期两球组合,10,第1名,13,25147,6 25 16 33 21,否,,0%
2398,25146,倒数4期两球组合,10,最后1名,24,25147,6 25 16 33 21,否,,0%
2399,25146,倒数5期两球组合,10,第1名,16,25147,6 25 16 33 21,是,16,100.0%
2400,25146,倒数5期两球组合,10,最后1名,12 2 31 28 32 3 18,25147,6 25 16 33 21,否,,0%
2401,25145,最新一期两球组合,50,第1名,10,25146,22 6 11 16 13,否,,0%
2402,25145,最新一期两球组合,50,最后1名,24,25146,22 6 11 16 13,否,,0%
2403,25145,倒数2期两球组合,50,第1名,7,25146,22 6 11 16 13,否,,0%
2404,25145,倒数2期两球组合,50,最后1名,3 33 9 16 10 29,25146,22 6 11 16 13,是,16,16.7%
2405,25145,倒数3期两球组合,50,第1名,22,25146,22 6 11 16 13,是,22,100.0%
2406,25145,倒数3期两球组合,50,最后1名,24,25146,22 6 11 16 13,否,,0%
2407,25145,倒数4期两球组合,50,第1名,13,25146,22 6 11 16 13,是,13,100.0%
2408,25145,倒数4期两球组合,50,最后1名,34 29,25146,22 6 11 16 13,否,,0%
2409,25145,倒数5期两球组合,50,第1名,18,25146,22 6 11 16 13,否,,0%
2410,25145,倒数5期两球组合,50,最后1名,3 35,25146,22 6 11 16 13,否,,0%
2411,25145,最新一期两球组合,30,第1名,18,25146,22 6 11 16 13,否,,0%
2412,25145,最新一期两球组合,30,最后1名,24,25146,22 6 11 16 13,否,,0%
2413,25145,倒数2期两球组合,30,第1名,7,25146,22 6 11 16 13,否,,0%
2414,25145,倒数2期两球组合,30,最后1名,3 9 19,25146,22 6 11 16 13,否,,0%
2415,25145,倒数3期两球组合,30,第1名,5,25146,22 6 11 16 13,否,,0%
2416,25145,倒数3期两球组合,30,最后1名,29,25146,22 6 11 16 13,否,,0%
2417,25145,倒数4期两球组合,30,第1名,30,25146,22 6 11 16 13,否,,0%
2418,25145,倒数4期两球组合,30,最后1名,33,25146,22 6 11 16 13,否,,0%
2419,25145,倒数5期两球组合,30,第1名,20,25146,22 6 11 16 13,否,,0%
2420,25145,倒数5期两球组合,30,最后1名,3,25146,22 6 11 16 13,否,,0%
2421,25145,最新一期两球组合,20,第1名,18,25146,22 6 11 16 13,否,,0%
2422,25145,最新一期两球组合,20,最后1名,24,25146,22 6 11 16 13,否,,0%
2423,25145,倒数2期两球组合,20,第1名,25,25146,22 6 11 16 13,否,,0%
2424,25145,倒数2期两球组合,20,最后1名,31 19 13 16,25146,22 6 11 16 13,是,13 16,50.0%
2425,25145,倒数3期两球组合,20,第1名,5,25146,22 6 11 16 13,否,,0%
2426,25145,倒数3期两球组合,20,最后1名,4,25146,22 6 11 16 13,否,,0%
2427,25145,倒数4期两球组合,20,第1名,30,25146,22 6 11 16 13,否,,0%
2428,25145,倒数4期两球组合,20,最后1名,33 34 29 26,25146,22 6 11 16 13,否,,0%
2429,25145,倒数5期两球组合,20,第1名,5,25146,22 6 11 16 13,否,,0%
2430,25145,倒数5期两球组合,20,最后1名,3 24,25146,22 6 11 16 13,否,,0%
2431,25145,最新一期两球组合,10,第1名,18,25146,22 6 11 16 13,否,,0%
2432,25145,最新一期两球组合,10,最后1名,24,25146,22 6 11 16 13,否,,0%
2433,25145,倒数2期两球组合,10,第1名,25,25146,22 6 11 16 13,否,,0%
2434,25145,倒数2期两球组合,10,最后1名,33 4 12 17,25146,22 6 11 16 13,否,,0%
2435,25145,倒数3期两球组合,10,第1名,20,25146,22 6 11 16 13,否,,0%
2436,25145,倒数3期两球组合,10,最后1名,19 4,25146,22 6 11 16 13,否,,0%
2437,25145,倒数4期两球组合,10,第1名,31,25146,22 6 11 16 13,否,,0%
2438,25145,倒数4期两球组合,10,最后1名,21,25146,22 6 11 16 13,否,,0%
2439,25145,倒数5期两球组合,10,第1名,20,25146,22 6 11 16 13,否,,0%
2440,25145,倒数5期两球组合,10,最后1名,22 3 15 23 21,25146,22 6 11 16 13,是,22,20.0%
2441,25144,最新一期两球组合,50,第1名,3,25145,20 25 7 22 5,否,,0%
2442,25144,最新一期两球组合,50,最后1名,19,25145,20 25 7 22 5,否,,0%
2443,25144,倒数2期两球组合,50,第1名,17,25145,20 25 7 22 5,否,,0%
2444,25144,倒数2期两球组合,50,最后1名,10,25145,20 25 7 22 5,否,,0%
2445,25144,倒数3期两球组合,50,第1名,30,25145,20 25 7 22 5,否,,0%
2446,25144,倒数3期两球组合,50,最后1名,25,25145,20 25 7 22 5,是,25,100.0%
2447,25144,倒数4期两球组合,50,第1名,7,25145,20 25 7 22 5,是,7,100.0%
2448,25144,倒数4期两球组合,50,最后1名,34 19,25145,20 25 7 22 5,否,,0%
2449,25144,倒数5期两球组合,50,第1名,2,25145,20 25 7 22 5,否,,0%
2450,25144,倒数5期两球组合,50,最后1名,29,25145,20 25 7 22 5,否,,0%
2451,25144,最新一期两球组合,30,第1名,28,25145,20 25 7 22 5,否,,0%
2452,25144,最新一期两球组合,30,最后1名,19,25145,20 25 7 22 5,否,,0%
2453,25144,倒数2期两球组合,30,第1名,27,25145,20 25 7 22 5,否,,0%
2454,25144,倒数2期两球组合,30,最后1名,16,25145,20 25 7 22 5,否,,0%
2455,25144,倒数3期两球组合,30,第1名,3,25145,20 25 7 22 5,否,,0%
2456,25144,倒数3期两球组合,30,最后1名,1 28 21,25145,20 25 7 22 5,否,,0%
2457,25144,倒数4期两球组合,30,第1名,15,25145,20 25 7 22 5,否,,0%
2458,25144,倒数4期两球组合,30,最后1名,34,25145,20 25 7 22 5,否,,0%
2459,25144,倒数5期两球组合,30,第1名,8,25145,20 25 7 22 5,否,,0%
2460,25144,倒数5期两球组合,30,最后1名,29,25145,20 25 7 22 5,否,,0%
2461,25144,最新一期两球组合,20,第1名,1,25145,20 25 7 22 5,否,,0%
2462,25144,最新一期两球组合,20,最后1名,19,25145,20 25 7 22 5,否,,0%
2463,25144,倒数2期两球组合,20,第1名,28,25145,20 25 7 22 5,否,,0%
2464,25144,倒数2期两球组合,20,最后1名,33,25145,20 25 7 22 5,否,,0%
2465,25144,倒数3期两球组合,20,第1名,3,25145,20 25 7 22 5,否,,0%
2466,25144,倒数3期两球组合,20,最后1名,25 21,25145,20 25 7 22 5,是,25,50.0%
2467,25144,倒数4期两球组合,20,第1名,5,25145,20 25 7 22 5,是,5,100.0%
2468,25144,倒数4期两球组合,20,最后1名,34 19 20 23 8,25145,20 25 7 22 5,是,20,20.0%
2469,25144,倒数5期两球组合,20,第1名,32,25145,20 25 7 22 5,否,,0%
2470,25144,倒数5期两球组合,20,最后1名,11,25145,20 25 7 22 5,否,,0%
2471,25144,最新一期两球组合,10,第1名,33,25145,20 25 7 22 5,否,,0%
2472,25144,最新一期两球组合,10,最后1名,19,25145,20 25 7 22 5,否,,0%
2473,25144,倒数2期两球组合,10,第1名,28,25145,20 25 7 22 5,否,,0%
2474,25144,倒数2期两球组合,10,最后1名,35,25145,20 25 7 22 5,否,,0%
2475,25144,倒数3期两球组合,10,第1名,15,25145,20 25 7 22 5,否,,0%
2476,25144,倒数3期两球组合,10,最后1名,16 20 4 11 17 32,25145,20 25 7 22 5,是,20,16.7%
2477,25144,倒数4期两球组合,10,第1名,5,25145,20 25 7 22 5,是,5,100.0%
2478,25144,倒数4期两球组合,10,最后1名,24,25145,20 25 7 22 5,否,,0%
2479,25144,倒数5期两球组合,10,第1名,13,25145,20 25 7 22 5,否,,0%
2480,25144,倒数5期两球组合,10,最后1名,19 1 26 9,25145,20 25 7 22 5,否,,0%
2481,25143,最新一期两球组合,50,第1名,25,25144,2 5 28 13 15,否,,0%
2482,25143,最新一期两球组合,50,最后1名,28,25144,2 5 28 13 15,是,28,100.0%
2483,25143,倒数2期两球组合,50,第1名,4,25144,2 5 28 13 15,否,,0%
2484,25143,倒数2期两球组合,50,最后1名,32 16,25144,2 5 28 13 15,否,,0%
2485,25143,倒数3期两球组合,50,第1名,3,25144,2 5 28 13 15,否,,0%
2486,25143,倒数3期两球组合,50,最后1名,9,25144,2 5 28 13 15,否,,0%
2487,25143,倒数4期两球组合,50,第1名,24,25144,2 5 28 13 15,否,,0%
2488,25143,倒数4期两球组合,50,最后1名,22,25144,2 5 28 13 15,否,,0%
2489,25143,倒数5期两球组合,50,第1名,16,25144,2 5 28 13 15,否,,0%
2490,25143,倒数5期两球组合,50,最后1名,5 23 19,25144,2 5 28 13 15,是,5,33.3%
2491,25143,最新一期两球组合,30,第1名,25,25144,2 5 28 13 15,否,,0%
2492,25143,最新一期两球组合,30,最后1名,21,25144,2 5 28 13 15,否,,0%
2493,25143,倒数2期两球组合,30,第1名,24,25144,2 5 28 13 15,否,,0%
2494,25143,倒数2期两球组合,30,最后1名,16,25144,2 5 28 13 15,否,,0%
2495,25143,倒数3期两球组合,30,第1名,27,25144,2 5 28 13 15,否,,0%
2496,25143,倒数3期两球组合,30,最后1名,19,25144,2 5 28 13 15,否,,0%
2497,25143,倒数4期两球组合,30,第1名,24,25144,2 5 28 13 15,否,,0%
2498,25143,倒数4期两球组合,30,最后1名,22,25144,2 5 28 13 15,否,,0%
2499,25143,倒数5期两球组合,30,第1名,18,25144,2 5 28 13 15,否,,0%
2500,25143,倒数5期两球组合,30,最后1名,19 22 23,25144,2 5 28 13 15,否,,0%
2501,25143,最新一期两球组合,20,第1名,14,25144,2 5 28 13 15,否,,0%
2502,25143,最新一期两球组合,20,最后1名,21,25144,2 5 28 13 15,否,,0%
2503,25143,倒数2期两球组合,20,第1名,4,25144,2 5 28 13 15,否,,0%
2504,25143,倒数2期两球组合,20,最后1名,16,25144,2 5 28 13 15,否,,0%
2505,25143,倒数3期两球组合,20,第1名,27,25144,2 5 28 13 15,否,,0%
2506,25143,倒数3期两球组合,20,最后1名,9,25144,2 5 28 13 15,否,,0%
2507,25143,倒数4期两球组合,20,第1名,24,25144,2 5 28 13 15,否,,0%
2508,25143,倒数4期两球组合,20,最后1名,23 15 5 4 2 14,25144,2 5 28 13 15,是,15 5 2,50.0%
2509,25143,倒数5期两球组合,20,第1名,18,25144,2 5 28 13 15,否,,0%
2510,25143,倒数5期两球组合,20,最后1名,22 2 10,25144,2 5 28 13 15,是,2,33.3%
2511,25143,最新一期两球组合,10,第1名,9,25144,2 5 28 13 15,否,,0%
2512,25143,最新一期两球组合,10,最后1名,21,25144,2 5 28 13 15,否,,0%
2513,25143,倒数2期两球组合,10,第1名,4,25144,2 5 28 13 15,否,,0%
2514,25143,倒数2期两球组合,10,最后1名,30,25144,2 5 28 13 15,否,,0%
2515,25143,倒数3期两球组合,10,第1名,3,25144,2 5 28 13 15,否,,0%
2516,25143,倒数3期两球组合,10,最后1名,5 15 32 34 11 16 9,25144,2 5 28 13 15,是,5 15,28.6%
2517,25143,倒数4期两球组合,10,第1名,24,25144,2 5 28 13 15,否,,0%
2518,25143,倒数4期两球组合,10,最后1名,22 13 11 26,25144,2 5 28 13 15,是,13,25.0%
2519,25143,倒数5期两球组合,10,第1名,18,25144,2 5 28 13 15,否,,0%
2520,25143,倒数5期两球组合,10,最后1名,22 2,25144,2 5 28 13 15,是,2,50.0%
2521,25142,最新一期两球组合,50,第1名,23,25143,24 3 29 18 4,否,,0%
2522,25142,最新一期两球组合,50,最后1名,17,25143,24 3 29 18 4,否,,0%
2523,25142,倒数2期两球组合,50,第1名,27,25143,24 3 29 18 4,否,,0%
2524,25142,倒数2期两球组合,50,最后1名,1 24,25143,24 3 29 18 4,是,24,50.0%
2525,25142,倒数3期两球组合,50,第1名,14,25143,24 3 29 18 4,否,,0%
2526,25142,倒数3期两球组合,50,最后1名,35 28 8 5 15,25143,24 3 29 18 4,否,,0%
2527,25142,倒数4期两球组合,50,第1名,3,25143,24 3 29 18 4,是,3,100.0%
2528,25142,倒数4期两球组合,50,最后1名,18,25143,24 3 29 18 4,是,18,100.0%
2529,25142,倒数5期两球组合,50,第1名,27,25143,24 3 29 18 4,否,,0%
2530,25142,倒数5期两球组合,50,最后1名,20 2,25143,24 3 29 18 4,否,,0%
2531,25142,最新一期两球组合,30,第1名,11,25143,24 3 29 18 4,否,,0%
2532,25142,最新一期两球组合,30,最后1名,30 2 16,25143,24 3 29 18 4,否,,0%
2533,25142,倒数2期两球组合,30,第1名,9,25143,24 3 29 18 4,否,,0%
2534,25142,倒数2期两球组合,30,最后1名,29 7 5 6,25143,24 3 29 18 4,是,29,25.0%
2535,25142,倒数3期两球组合,30,第1名,20,25143,24 3 29 18 4,否,,0%
2536,25142,倒数3期两球组合,30,最后1名,19,25143,24 3 29 18 4,否,,0%
2537,25142,倒数4期两球组合,30,第1名,27,25143,24 3 29 18 4,否,,0%
2538,25142,倒数4期两球组合,30,最后1名,30,25143,24 3 29 18 4,否,,0%
2539,25142,倒数5期两球组合,30,第1名,10,25143,24 3 29 18 4,否,,0%
2540,25142,倒数5期两球组合,30,最后1名,29 7 2,25143,24 3 29 18 4,是,29,33.3%
2541,25142,最新一期两球组合,20,第1名,7,25143,24 3 29 18 4,否,,0%
2542,25142,最新一期两球组合,20,最后1名,16,25143,24 3 29 18 4,否,,0%
2543,25142,倒数2期两球组合,20,第1名,27,25143,24 3 29 18 4,否,,0%
2544,25142,倒数2期两球组合,20,最后1名,34 21 32 28,25143,24 3 29 18 4,否,,0%
2545,25142,倒数3期两球组合,20,第1名,20,25143,24 3 29 18 4,否,,0%
2546,25142,倒数3期两球组合,20,最后1名,8 15,25143,24 3 29 18 4,否,,0%
2547,25142,倒数4期两球组合,20,第1名,9,25143,24 3 29 18 4,否,,0%
2548,25142,倒数4期两球组合,20,最后1名,4 3,25143,24 3 29 18 4,是,4 3,100.0%
2549,25142,倒数5期两球组合,20,第1名,14,25143,24 3 29 18 4,否,,0%
2550,25142,倒数5期两球组合,20,最后1名,29 7,25143,24 3 29 18 4,是,29,50.0%
2551,25142,最新一期两球组合,10,第1名,23,25143,24 3 29 18 4,否,,0%
2552,25142,最新一期两球组合,10,最后1名,29,25143,24 3 29 18 4,是,29,100.0%
2553,25142,倒数2期两球组合,10,第1名,27,25143,24 3 29 18 4,否,,0%
2554,25142,倒数2期两球组合,10,最后1名,21 5 17 8,25143,24 3 29 18 4,否,,0%
2555,25142,倒数3期两球组合,10,第1名,14,25143,24 3 29 18 4,否,,0%
2556,25142,倒数3期两球组合,10,最后1名,13 26 12 25 21 4 15,25143,24 3 29 18 4,是,4,14.3%
2557,25142,倒数4期两球组合,10,第1名,9,25143,24 3 29 18 4,否,,0%
2558,25142,倒数4期两球组合,10,最后1名,3,25143,24 3 29 18 4,是,3,100.0%
2559,25142,倒数5期两球组合,10,第1名,9,25143,24 3 29 18 4,否,,0%
2560,25142,倒数5期两球组合,10,最后1名,29,25143,24 3 29 18 4,是,29,100.0%
2561,25141,最新一期两球组合,50,第1名,24,25142,14 27 29 10 9,否,,0%
2562,25141,最新一期两球组合,50,最后1名,35,25142,14 27 29 10 9,否,,0%
2563,25141,倒数2期两球组合,50,第1名,29,25142,14 27 29 10 9,是,29,100.0%
2564,25141,倒数2期两球组合,50,最后1名,16 14 6 12,25142,14 27 29 10 9,是,14,25.0%
2565,25141,倒数3期两球组合,50,第1名,17,25142,14 27 29 10 9,否,,0%
2566,25141,倒数3期两球组合,50,最后1名,23 16,25142,14 27 29 10 9,否,,0%
2567,25141,倒数4期两球组合,50,第1名,28,25142,14 27 29 10 9,否,,0%
2568,25141,倒数4期两球组合,50,最后1名,25,25142,14 27 29 10 9,否,,0%
2569,25141,倒数5期两球组合,50,第1名,20,25142,14 27 29 10 9,否,,0%
2570,25141,倒数5期两球组合,50,最后1名,1 28,25142,14 27 29 10 9,否,,0%
2571,25141,最新一期两球组合,30,第1名,14,25142,14 27 29 10 9,是,14,100.0%
2572,25141,最新一期两球组合,30,最后1名,16,25142,14 27 29 10 9,否,,0%
2573,25141,倒数2期两球组合,30,第1名,29,25142,14 27 29 10 9,是,29,100.0%
2574,25141,倒数2期两球组合,30,最后1名,21 31,25142,14 27 29 10 9,否,,0%
2575,25141,倒数3期两球组合,30,第1名,26,25142,14 27 29 10 9,否,,0%
2576,25141,倒数3期两球组合,30,最后1名,33,25142,14 27 29 10 9,否,,0%
2577,25141,倒数4期两球组合,30,第1名,14,25142,14 27 29 10 9,是,14,100.0%
2578,25141,倒数4期两球组合,30,最后1名,25,25142,14 27 29 10 9,否,,0%
2579,25141,倒数5期两球组合,30,第1名,13,25142,14 27 29 10 9,否,,0%
2580,25141,倒数5期两球组合,30,最后1名,21 30,25142,14 27 29 10 9,否,,0%
2581,25141,最新一期两球组合,20,第1名,14,25142,14 27 29 10 9,是,14,100.0%
2582,25141,最新一期两球组合,20,最后1名,16,25142,14 27 29 10 9,否,,0%
2583,25141,倒数2期两球组合,20,第1名,9,25142,14 27 29 10 9,是,9,100.0%
2584,25141,倒数2期两球组合,20,最后1名,31 30 7 12 3,25142,14 27 29 10 9,否,,0%
2585,25141,倒数3期两球组合,20,第1名,21,25142,14 27 29 10 9,否,,0%
2586,25141,倒数3期两球组合,20,最后1名,16,25142,14 27 29 10 9,否,,0%
2587,25141,倒数4期两球组合,20,第1名,3,25142,14 27 29 10 9,否,,0%
2588,25141,倒数4期两球组合,20,最后1名,25 32,25142,14 27 29 10 9,否,,0%
2589,25141,倒数5期两球组合,20,第1名,9,25142,14 27 29 10 9,是,9,100.0%
2590,25141,倒数5期两球组合,20,最后1名,18,25142,14 27 29 10 9,否,,0%
2591,25141,最新一期两球组合,10,第1名,6,25142,14 27 29 10 9,否,,0%
2592,25141,最新一期两球组合,10,最后1名,16,25142,14 27 29 10 9,否,,0%
2593,25141,倒数2期两球组合,10,第1名,29,25142,14 27 29 10 9,是,29,100.0%
2594,25141,倒数2期两球组合,10,最后1名,31 22 32 23 15,25142,14 27 29 10 9,否,,0%
2595,25141,倒数3期两球组合,10,第1名,17,25142,14 27 29 10 9,否,,0%
2596,25141,倒数3期两球组合,10,最后1名,31 6 10 1 23,25142,14 27 29 10 9,是,10,20.0%
2597,25141,倒数4期两球组合,10,第1名,28,25142,14 27 29 10 9,否,,0%
2598,25141,倒数4期两球组合,10,最后1名,25 32,25142,14 27 29 10 9,否,,0%
2599,25141,倒数5期两球组合,10,第1名,28,25142,14 27 29 10 9,否,,0%
2600,25141,倒数5期两球组合,10,最后1名,18,25142,14 27 29 10 9,否,,0%
2601,25140,最新一期两球组合,50,第1名,24,25141,24 9 4 29 28,是,24,100.0%
2602,25140,最新一期两球组合,50,最后1名,7,25141,24 9 4 29 28,否,,0%
2603,25140,倒数2期两球组合,50,第1名,5,25141,24 9 4 29 28,否,,0%
2604,25140,倒数2期两球组合,50,最后1名,33 27,25141,24 9 4 29 28,否,,0%
2605,25140,倒数3期两球组合,50,第1名,30,25141,24 9 4 29 28,否,,0%
2606,25140,倒数3期两球组合,50,最后1名,14,25141,24 9 4 29 28,否,,0%
2607,25140,倒数4期两球组合,50,第1名,9,25141,24 9 4 29 28,是,9,100.0%
2608,25140,倒数4期两球组合,50,最后1名,30,25141,24 9 4 29 28,否,,0%
2609,25140,倒数5期两球组合,50,第1名,28,25141,24 9 4 29 28,是,28,100.0%
2610,25140,倒数5期两球组合,50,最后1名,8,25141,24 9 4 29 28,否,,0%
2611,25140,最新一期两球组合,30,第1名,22,25141,24 9 4 29 28,否,,0%
2612,25140,最新一期两球组合,30,最后1名,5 28,25141,24 9 4 29 28,是,28,50.0%
2613,25140,倒数2期两球组合,30,第1名,5,25141,24 9 4 29 28,否,,0%
2614,25140,倒数2期两球组合,30,最后1名,33 30,25141,24 9 4 29 28,否,,0%
2615,25140,倒数3期两球组合,30,第1名,30,25141,24 9 4 29 28,否,,0%
2616,25140,倒数3期两球组合,30,最后1名,2,25141,24 9 4 29 28,否,,0%
2617,25140,倒数4期两球组合,30,第1名,13,25141,24 9 4 29 28,否,,0%
2618,25140,倒数4期两球组合,30,最后1名,25,25141,24 9 4 29 28,否,,0%
2619,25140,倒数5期两球组合,30,第1名,34,25141,24 9 4 29 28,否,,0%
2620,25140,倒数5期两球组合,30,最后1名,24 32,25141,24 9 4 29 28,是,24,50.0%
2621,25140,最新一期两球组合,20,第1名,6,25141,24 9 4 29 28,否,,0%
2622,25140,最新一期两球组合,20,最后1名,5 28,25141,24 9 4 29 28,是,28,50.0%
2623,25140,倒数2期两球组合,20,第1名,5,25141,24 9 4 29 28,否,,0%
2624,25140,倒数2期两球组合,20,最后1名,33 2 29 26,25141,24 9 4 29 28,是,29,25.0%
2625,25140,倒数3期两球组合,20,第1名,30,25141,24 9 4 29 28,否,,0%
2626,25140,倒数3期两球组合,20,最后1名,10 14,25141,24 9 4 29 28,否,,0%
2627,25140,倒数4期两球组合,20,第1名,35,25141,24 9 4 29 28,否,,0%
2628,25140,倒数4期两球组合,20,最后1名,22 33 27 19 24 12,25141,24 9 4 29 28,是,24,16.7%
2629,25140,倒数5期两球组合,20,第1名,34,25141,24 9 4 29 28,否,,0%
2630,25140,倒数5期两球组合,20,最后1名,1,25141,24 9 4 29 28,否,,0%
2631,25140,最新一期两球组合,10,第1名,23,25141,24 9 4 29 28,否,,0%
2632,25140,最新一期两球组合,10,最后1名,28,25141,24 9 4 29 28,是,28,100.0%
2633,25140,倒数2期两球组合,10,第1名,4,25141,24 9 4 29 28,是,4,100.0%
2634,25140,倒数2期两球组合,10,最后1名,33 19 16 2 18 26,25141,24 9 4 29 28,否,,0%
2635,25140,倒数3期两球组合,10,第1名,5,25141,24 9 4 29 28,否,,0%
2636,25140,倒数3期两球组合,10,最后1名,19 3 16 23 14,25141,24 9 4 29 28,否,,0%
2637,25140,倒数4期两球组合,10,第1名,4,25141,24 9 4 29 28,是,4,100.0%
2638,25140,倒数4期两球组合,10,最后1名,29,25141,24 9 4 29 28,是,29,100.0%
2639,25140,倒数5期两球组合,10,第1名,4,25141,24 9 4 29 28,是,4,100.0%
2640,25140,倒数5期两球组合,10,最后1名,1,25141,24 9 4 29 28,否,,0%
2641,25139,最新一期两球组合,50,第1名,6,25140,18 34 4 5 13,否,,0%
2642,25139,最新一期两球组合,50,最后1名,1 16 12,25140,18 34 4 5 13,否,,0%
2643,25139,倒数2期两球组合,50,第1名,5,25140,18 34 4 5 13,是,5,100.0%
2644,25139,倒数2期两球组合,50,最后1名,2 4,25140,18 34 4 5 13,是,4,50.0%
2645,25139,倒数3期两球组合,50,第1名,8,25140,18 34 4 5 13,否,,0%
2646,25139,倒数3期两球组合,50,最后1名,1 14 24,25140,18 34 4 5 13,否,,0%
2647,25139,倒数4期两球组合,50,第1名,22,25140,18 34 4 5 13,否,,0%
2648,25139,倒数4期两球组合,50,最后1名,31,25140,18 34 4 5 13,否,,0%
2649,25139,倒数5期两球组合,50,第1名,35,25140,18 34 4 5 13,否,,0%
2650,25139,倒数5期两球组合,50,最后1名,2,25140,18 34 4 5 13,否,,0%
2651,25139,最新一期两球组合,30,第1名,22,25140,18 34 4 5 13,否,,0%
2652,25139,最新一期两球组合,30,最后1名,30,25140,18 34 4 5 13,否,,0%
2653,25139,倒数2期两球组合,30,第1名,30,25140,18 34 4 5 13,否,,0%
2654,25139,倒数2期两球组合,30,最后1名,2,25140,18 34 4 5 13,否,,0%
2655,25139,倒数3期两球组合,30,第1名,18,25140,18 34 4 5 13,是,18,100.0%
2656,25139,倒数3期两球组合,30,最后1名,32 33,25140,18 34 4 5 13,否,,0%
2657,25139,倒数4期两球组合,30,第1名,8,25140,18 34 4 5 13,否,,0%
2658,25139,倒数4期两球组合,30,最后1名,11,25140,18 34 4 5 13,否,,0%
2659,25139,倒数5期两球组合,30,第1名,35,25140,18 34 4 5 13,否,,0%
2660,25139,倒数5期两球组合,30,最后1名,30 8,25140,18 34 4 5 13,否,,0%
2661,25139,最新一期两球组合,20,第1名,2,25140,18 34 4 5 13,否,,0%
2662,25139,最新一期两球组合,20,最后1名,30,25140,18 34 4 5 13,否,,0%
2663,25139,倒数2期两球组合,20,第1名,30,25140,18 34 4 5 13,否,,0%
2664,25139,倒数2期两球组合,20,最后1名,2 32 4,25140,18 34 4 5 13,是,4,33.3%
2665,25139,倒数3期两球组合,20,第1名,8,25140,18 34 4 5 13,否,,0%
2666,25139,倒数3期两球组合,20,最后1名,35 10 23,25140,18 34 4 5 13,否,,0%
2667,25139,倒数4期两球组合,20,第1名,8,25140,18 34 4 5 13,否,,0%
2668,25139,倒数4期两球组合,20,最后1名,11 31,25140,18 34 4 5 13,否,,0%
2669,25139,倒数5期两球组合,20,第1名,35,25140,18 34 4 5 13,否,,0%
2670,25139,倒数5期两球组合,20,最后1名,29,25140,18 34 4 5 13,否,,0%
2671,25139,最新一期两球组合,10,第1名,19,25140,18 34 4 5 13,否,,0%
2672,25139,最新一期两球组合,10,最后1名,29 30,25140,18 34 4 5 13,否,,0%
2673,25139,倒数2期两球组合,10,第1名,22,25140,18 34 4 5 13,否,,0%
2674,25139,倒数2期两球组合,10,最后1名,4 20 31,25140,18 34 4 5 13,是,4,33.3%
2675,25139,倒数3期两球组合,10,第1名,18,25140,18 34 4 5 13,是,18,100.0%
2676,25139,倒数3期两球组合,10,最后1名,10 35 16 21 15,25140,18 34 4 5 13,否,,0%
2677,25139,倒数4期两球组合,10,第1名,30,25140,18 34 4 5 13,否,,0%
2678,25139,倒数4期两球组合,10,最后1名,11,25140,18 34 4 5 13,否,,0%
2679,25139,倒数5期两球组合,10,第1名,18,25140,18 34 4 5 13,是,18,100.0%
2680,25139,倒数5期两球组合,10,最后1名,29 2 16,25140,18 34 4 5 13,否,,0%
2681,25138,最新一期两球组合,50,第1名,26,25139,22 8 18 35 30,否,,0%
2682,25138,最新一期两球组合,50,最后1名,35,25139,22 8 18 35 30,是,35,100.0%
2683,25138,倒数2期两球组合,50,第1名,21,25139,22 8 18 35 30,否,,0%
2684,25138,倒数2期两球组合,50,最后1名,30 26,25139,22 8 18 35 30,是,30,50.0%
2685,25138,倒数3期两球组合,50,第1名,1,25139,22 8 18 35 30,否,,0%
2686,25138,倒数3期两球组合,50,最后1名,16,25139,22 8 18 35 30,否,,0%
2687,25138,倒数4期两球组合,50,第1名,34,25139,22 8 18 35 30,否,,0%
2688,25138,倒数4期两球组合,50,最后1名,32 29,25139,22 8 18 35 30,否,,0%
2689,25138,倒数5期两球组合,50,第1名,25,25139,22 8 18 35 30,否,,0%
2690,25138,倒数5期两球组合,50,最后1名,22,25139,22 8 18 35 30,是,22,100.0%
2691,25138,最新一期两球组合,30,第1名,12,25139,22 8 18 35 30,否,,0%
2692,25138,最新一期两球组合,30,最后1名,13,25139,22 8 18 35 30,否,,0%
2693,25138,倒数2期两球组合,30,第1名,21,25139,22 8 18 35 30,否,,0%
2694,25138,倒数2期两球组合,30,最后1名,31,25139,22 8 18 35 30,否,,0%
2695,25138,倒数3期两球组合,30,第1名,11,25139,22 8 18 35 30,否,,0%
2696,25138,倒数3期两球组合,30,最后1名,34 29 35,25139,22 8 18 35 30,是,35,33.3%
2697,25138,倒数4期两球组合,30,第1名,24,25139,22 8 18 35 30,否,,0%
2698,25138,倒数4期两球组合,30,最后1名,29,25139,22 8 18 35 30,否,,0%
2699,25138,倒数5期两球组合,30,第1名,35,25139,22 8 18 35 30,是,35,100.0%
2700,25138,倒数5期两球组合,30,最后1名,22,25139,22 8 18 35 30,是,22,100.0%
2701,25138,最新一期两球组合,20,第1名,23,25139,22 8 18 35 30,否,,0%
2702,25138,最新一期两球组合,20,最后1名,35 13,25139,22 8 18 35 30,是,35,50.0%
2703,25138,倒数2期两球组合,20,第1名,23,25139,22 8 18 35 30,否,,0%
2704,25138,倒数2期两球组合,20,最后1名,34 5,25139,22 8 18 35 30,否,,0%
2705,25138,倒数3期两球组合,20,第1名,24,25139,22 8 18 35 30,否,,0%
2706,25138,倒数3期两球组合,20,最后1名,29 34,25139,22 8 18 35 30,否,,0%
2707,25138,倒数4期两球组合,20,第1名,24,25139,22 8 18 35 30,否,,0%
2708,25138,倒数4期两球组合,20,最后1名,29,25139,22 8 18 35 30,否,,0%
2709,25138,倒数5期两球组合,20,第1名,35,25139,22 8 18 35 30,是,35,100.0%
2710,25138,倒数5期两球组合,20,最后1名,16,25139,22 8 18 35 30,否,,0%
2711,25138,最新一期两球组合,10,第1名,26,25139,22 8 18 35 30,否,,0%
2712,25138,最新一期两球组合,10,最后1名,35 29 13,25139,22 8 18 35 30,是,35,33.3%
2713,25138,倒数2期两球组合,10,第1名,23,25139,22 8 18 35 30,否,,0%
2714,25138,倒数2期两球组合,10,最后1名,8 31,25139,22 8 18 35 30,是,8,50.0%
2715,25138,倒数3期两球组合,10,第1名,3,25139,22 8 18 35 30,否,,0%
2716,25138,倒数3期两球组合,10,最后1名,35 29 34 7,25139,22 8 18 35 30,是,35,25.0%
2717,25138,倒数4期两球组合,10,第1名,35,25139,22 8 18 35 30,是,35,100.0%
2718,25138,倒数4期两球组合,10,最后1名,29,25139,22 8 18 35 30,否,,0%
2719,25138,倒数5期两球组合,10,第1名,19,25139,22 8 18 35 30,否,,0%
2720,25138,倒数5期两球组合,10,最后1名,34 22,25139,22 8 18 35 30,是,22,50.0%
2721,25137,最新一期两球组合,50,第1名,9,25138,3 19 23 21 1,否,,0%
2722,25137,最新一期两球组合,50,最后1名,12,25138,3 19 23 21 1,否,,0%
2723,25137,倒数2期两球组合,50,第1名,2,25138,3 19 23 21 1,否,,0%
2724,25137,倒数2期两球组合,50,最后1名,26 12,25138,3 19 23 21 1,否,,0%
2725,25137,倒数3期两球组合,50,第1名,11,25138,3 19 23 21 1,否,,0%
2726,25137,倒数3期两球组合,50,最后1名,5,25138,3 19 23 21 1,否,,0%
2727,25137,倒数4期两球组合,50,第1名,11,25138,3 19 23 21 1,否,,0%
2728,25137,倒数4期两球组合,50,最后1名,25 32,25138,3 19 23 21 1,否,,0%
2729,25137,倒数5期两球组合,50,第1名,20,25138,3 19 23 21 1,否,,0%
2730,25137,倒数5期两球组合,50,最后1名,29,25138,3 19 23 21 1,否,,0%
2731,25137,最新一期两球组合,30,第1名,9,25138,3 19 23 21 1,否,,0%
2732,25137,最新一期两球组合,30,最后1名,1 24,25138,3 19 23 21 1,是,1,50.0%
2733,25137,倒数2期两球组合,30,第1名,32,25138,3 19 23 21 1,否,,0%
2734,25137,倒数2期两球组合,30,最后1名,10 35,25138,3 19 23 21 1,否,,0%
2735,25137,倒数3期两球组合,30,第1名,19,25138,3 19 23 21 1,是,19,100.0%
2736,25137,倒数3期两球组合,30,最后1名,5,25138,3 19 23 21 1,否,,0%
2737,25137,倒数4期两球组合,30,第1名,11,25138,3 19 23 21 1,否,,0%
2738,25137,倒数4期两球组合,30,最后1名,25,25138,3 19 23 21 1,否,,0%
2739,25137,倒数5期两球组合,30,第1名,31,25138,3 19 23 21 1,否,,0%
2740,25137,倒数5期两球组合,30,最后1名,7,25138,3 19 23 21 1,否,,0%
2741,25137,最新一期两球组合,20,第1名,30,25138,3 19 23 21 1,否,,0%
2742,25137,最新一期两球组合,20,最后1名,8,25138,3 19 23 21 1,否,,0%
2743,25137,倒数2期两球组合,20,第1名,16,25138,3 19 23 21 1,否,,0%
2744,25137,倒数2期两球组合,20,最后1名,6,25138,3 19 23 21 1,否,,0%
2745,25137,倒数3期两球组合,20,第1名,17,25138,3 19 23 21 1,否,,0%
2746,25137,倒数3期两球组合,20,最后1名,5,25138,3 19 23 21 1,否,,0%
2747,25137,倒数4期两球组合,20,第1名,11,25138,3 19 23 21 1,否,,0%
2748,25137,倒数4期两球组合,20,最后1名,28 29,25138,3 19 23 21 1,否,,0%
2749,25137,倒数5期两球组合,20,第1名,31,25138,3 19 23 21 1,否,,0%
2750,25137,倒数5期两球组合,20,最后1名,29 2,25138,3 19 23 21 1,否,,0%
2751,25137,最新一期两球组合,10,第1名,31,25138,3 19 23 21 1,否,,0%
2752,25137,最新一期两球组合,10,最后1名,23 8,25138,3 19 23 21 1,是,23,50.0%
2753,25137,倒数2期两球组合,10,第1名,9,25138,3 19 23 21 1,否,,0%
2754,25137,倒数2期两球组合,10,最后1名,31 10 12,25138,3 19 23 21 1,否,,0%
2755,25137,倒数3期两球组合,10,第1名,14,25138,3 19 23 21 1,否,,0%
2756,25137,倒数3期两球组合,10,最后1名,24 27,25138,3 19 23 21 1,否,,0%
2757,25137,倒数4期两球组合,10,第1名,9,25138,3 19 23 21 1,否,,0%
2758,25137,倒数4期两球组合,10,最后1名,28,25138,3 19 23 21 1,否,,0%
2759,25137,倒数5期两球组合,10,第1名,31,25138,3 19 23 21 1,否,,0%
2760,25137,倒数5期两球组合,10,最后1名,29 30 4 5,25138,3 19 23 21 1,否,,0%
2761,25136,最新一期两球组合,50,第1名,19,25137,11 8 9 7 22,否,,0%
2762,25136,最新一期两球组合,50,最后1名,28,25137,11 8 9 7 22,否,,0%
2763,25136,倒数2期两球组合,50,第1名,11,25137,11 8 9 7 22,是,11,100.0%
2764,25136,倒数2期两球组合,50,最后1名,30 8 27 24,25137,11 8 9 7 22,是,8,25.0%
2765,25136,倒数3期两球组合,50,第1名,16,25137,11 8 9 7 22,否,,0%
2766,25136,倒数3期两球组合,50,最后1名,32,25137,11 8 9 7 22,否,,0%
2767,25136,倒数4期两球组合,50,第1名,11,25137,11 8 9 7 22,是,11,100.0%
2768,25136,倒数4期两球组合,50,最后1名,5,25137,11 8 9 7 22,否,,0%
2769,25136,倒数5期两球组合,50,第1名,4,25137,11 8 9 7 22,否,,0%
2770,25136,倒数5期两球组合,50,最后1名,8,25137,11 8 9 7 22,是,8,100.0%
2771,25136,最新一期两球组合,30,第1名,8,25137,11 8 9 7 22,是,8,100.0%
2772,25136,最新一期两球组合,30,最后1名,16,25137,11 8 9 7 22,否,,0%
2773,25136,倒数2期两球组合,30,第1名,23,25137,11 8 9 7 22,否,,0%
2774,25136,倒数2期两球组合,30,最后1名,30,25137,11 8 9 7 22,否,,0%
2775,25136,倒数3期两球组合,30,第1名,22,25137,11 8 9 7 22,是,22,100.0%
2776,25136,倒数3期两球组合,30,最后1名,10,25137,11 8 9 7 22,否,,0%
2777,25136,倒数4期两球组合,30,第1名,8,25137,11 8 9 7 22,是,8,100.0%
2778,25136,倒数4期两球组合,30,最后1名,26,25137,11 8 9 7 22,否,,0%
2779,25136,倒数5期两球组合,30,第1名,11,25137,11 8 9 7 22,是,11,100.0%
2780,25136,倒数5期两球组合,30,最后1名,20 8 9 32 19,25137,11 8 9 7 22,是,8 9,40.0%
2781,25136,最新一期两球组合,20,第1名,8,25137,11 8 9 7 22,是,8,100.0%
2782,25136,最新一期两球组合,20,最后1名,16,25137,11 8 9 7 22,否,,0%
2783,25136,倒数2期两球组合,20,第1名,29,25137,11 8 9 7 22,否,,0%
2784,25136,倒数2期两球组合,20,最后1名,16 27,25137,11 8 9 7 22,否,,0%
2785,25136,倒数3期两球组合,20,第1名,15,25137,11 8 9 7 22,否,,0%
2786,25136,倒数3期两球组合,20,最后1名,34,25137,11 8 9 7 22,否,,0%
2787,25136,倒数4期两球组合,20,第1名,7,25137,11 8 9 7 22,是,7,100.0%
2788,25136,倒数4期两球组合,20,最后1名,32,25137,11 8 9 7 22,否,,0%
2789,25136,倒数5期两球组合,20,第1名,11,25137,11 8 9 7 22,是,11,100.0%
2790,25136,倒数5期两球组合,20,最后1名,20 27,25137,11 8 9 7 22,否,,0%
2791,25136,最新一期两球组合,10,第1名,33,25137,11 8 9 7 22,否,,0%
2792,25136,最新一期两球组合,10,最后1名,16,25137,11 8 9 7 22,否,,0%
2793,25136,倒数2期两球组合,10,第1名,23,25137,11 8 9 7 22,否,,0%
2794,25136,倒数2期两球组合,10,最后1名,5 20 34 32 10 24,25137,11 8 9 7 22,否,,0%
2795,25136,倒数3期两球组合,10,第1名,7,25137,11 8 9 7 22,是,7,100.0%
2796,25136,倒数3期两球组合,10,最后1名,8 34 14 26 4 27 24,25137,11 8 9 7 22,是,8,14.3%
2797,25136,倒数4期两球组合,10,第1名,19,25137,11 8 9 7 22,否,,0%
2798,25136,倒数4期两球组合,10,最后1名,35 12,25137,11 8 9 7 22,否,,0%
2799,25136,倒数5期两球组合,10,第1名,16,25137,11 8 9 7 22,否,,0%
2800,25136,倒数5期两球组合,10,最后1名,29 22 35 33 26 10 1 21 27 34 6,25137,11 8 9 7 22,是,22,9.1%
2801,25135,最新一期两球组合,50,第1名,4,25136,16 23 15 11 7,否,,0%
2802,25135,最新一期两球组合,50,最后1名,21,25136,16 23 15 11 7,否,,0%
2803,25135,倒数2期两球组合,50,第1名,29,25136,16 23 15 11 7,否,,0%
2804,25135,倒数2期两球组合,50,最后1名,22 14 16 23,25136,16 23 15 11 7,是,16 23,50.0%
2805,25135,倒数3期两球组合,50,第1名,11,25136,16 23 15 11 7,是,11,100.0%
2806,25135,倒数3期两球组合,50,最后1名,29,25136,16 23 15 11 7,否,,0%
2807,25135,倒数4期两球组合,50,第1名,14,25136,16 23 15 11 7,否,,0%
2808,25135,倒数4期两球组合,50,最后1名,34,25136,16 23 15 11 7,否,,0%
2809,25135,倒数5期两球组合,50,第1名,19,25136,16 23 15 11 7,否,,0%
2810,25135,倒数5期两球组合,50,最后1名,13 11,25136,16 23 15 11 7,是,11,50.0%
2811,25135,最新一期两球组合,30,第1名,13,25136,16 23 15 11 7,否,,0%
2812,25135,最新一期两球组合,30,最后1名,17,25136,16 23 15 11 7,否,,0%
2813,25135,倒数2期两球组合,30,第1名,8,25136,16 23 15 11 7,否,,0%
2814,25135,倒数2期两球组合,30,最后1名,17,25136,16 23 15 11 7,否,,0%
2815,25135,倒数3期两球组合,30,第1名,11,25136,16 23 15 11 7,是,11,100.0%
2816,25135,倒数3期两球组合,30,最后1名,29,25136,16 23 15 11 7,否,,0%
2817,25135,倒数4期两球组合,30,第1名,5,25136,16 23 15 11 7,否,,0%
2818,25135,倒数4期两球组合,30,最后1名,30 22 8,25136,16 23 15 11 7,否,,0%
2819,25135,倒数5期两球组合,30,第1名,28,25136,16 23 15 11 7,否,,0%
2820,25135,倒数5期两球组合,30,最后1名,13,25136,16 23 15 11 7,否,,0%
2821,25135,最新一期两球组合,20,第1名,31,25136,16 23 15 11 7,否,,0%
2822,25135,最新一期两球组合,20,最后1名,17,25136,16 23 15 11 7,否,,0%
2823,25135,倒数2期两球组合,20,第1名,32,25136,16 23 15 11 7,否,,0%
2824,25135,倒数2期两球组合,20,最后1名,18,25136,16 23 15 11 7,否,,0%
2825,25135,倒数3期两球组合,20,第1名,10,25136,16 23 15 11 7,否,,0%
2826,25135,倒数3期两球组合,20,最后1名,31,25136,16 23 15 11 7,否,,0%
2827,25135,倒数4期两球组合,20,第1名,16,25136,16 23 15 11 7,是,16,100.0%
2828,25135,倒数4期两球组合,20,最后1名,30,25136,16 23 15 11 7,否,,0%
2829,25135,倒数5期两球组合,20,第1名,32,25136,16 23 15 11 7,否,,0%
2830,25135,倒数5期两球组合,20,最后1名,6 13 11,25136,16 23 15 11 7,是,11,33.3%
2831,25135,最新一期两球组合,10,第1名,23,25136,16 23 15 11 7,是,23,100.0%
2832,25135,最新一期两球组合,10,最后1名,21 17,25136,16 23 15 11 7,否,,0%
2833,25135,倒数2期两球组合,10,第1名,32,25136,16 23 15 11 7,否,,0%
2834,25135,倒数2期两球组合,10,最后1名,7 3 14 21 11 20 17 23 34,25136,16 23 15 11 7,是,7 11 23,33.3%
2835,25135,倒数3期两球组合,10,第1名,10,25136,16 23 15 11 7,否,,0%
2836,25135,倒数3期两球组合,10,最后1名,34 13 21 31,25136,16 23 15 11 7,否,,0%
2837,25135,倒数4期两球组合,10,第1名,16,25136,16 23 15 11 7,是,16,100.0%
2838,25135,倒数4期两球组合,10,最后1名,30 8 6,25136,16 23 15 11 7,否,,0%
2839,25135,倒数5期两球组合,10,第1名,10,25136,16 23 15 11 7,否,,0%
2840,25135,倒数5期两球组合,10,最后1名,12 18,25136,16 23 15 11 7,否,,0%
2841,25134,最新一期两球组合,50,第1名,35,25135,10 2 32 16 28,否,,0%
2842,25134,最新一期两球组合,50,最后1名,2,25135,10 2 32 16 28,是,2,100.0%
2843,25134,倒数2期两球组合,50,第1名,32,25135,10 2 32 16 28,是,32,100.0%
2844,25134,倒数2期两球组合,50,最后1名,21,25135,10 2 32 16 28,否,,0%
2845,25134,倒数3期两球组合,50,第1名,21,25135,10 2 32 16 28,否,,0%
2846,25134,倒数3期两球组合,50,最后1名,29 22,25135,10 2 32 16 28,否,,0%
2847,25134,倒数4期两球组合,50,第1名,10,25135,10 2 32 16 28,是,10,100.0%
2848,25134,倒数4期两球组合,50,最后1名,5,25135,10 2 32 16 28,否,,0%
2849,25134,倒数5期两球组合,50,第1名,18,25135,10 2 32 16 28,否,,0%
2850,25134,倒数5期两球组合,50,最后1名,28,25135,10 2 32 16 28,是,28,100.0%
2851,25134,最新一期两球组合,30,第1名,20,25135,10 2 32 16 28,否,,0%
2852,25134,最新一期两球组合,30,最后1名,24,25135,10 2 32 16 28,否,,0%
2853,25134,倒数2期两球组合,30,第1名,27,25135,10 2 32 16 28,否,,0%
2854,25134,倒数2期两球组合,30,最后1名,28 2 8,25135,10 2 32 16 28,是,28 2,66.7%
2855,25134,倒数3期两球组合,30,第1名,18,25135,10 2 32 16 28,否,,0%
2856,25134,倒数3期两球组合,30,最后1名,29,25135,10 2 32 16 28,否,,0%
2857,25134,倒数4期两球组合,30,第1名,32,25135,10 2 32 16 28,是,32,100.0%
2858,25134,倒数4期两球组合,30,最后1名,11 26,25135,10 2 32 16 28,否,,0%
2859,25134,倒数5期两球组合,30,第1名,18,25135,10 2 32 16 28,否,,0%
2860,25134,倒数5期两球组合,30,最后1名,30 5,25135,10 2 32 16 28,否,,0%
2861,25134,最新一期两球组合,20,第1名,7,25135,10 2 32 16 28,否,,0%
2862,25134,最新一期两球组合,20,最后1名,24,25135,10 2 32 16 28,否,,0%
2863,25134,倒数2期两球组合,20,第1名,27,25135,10 2 32 16 28,否,,0%
2864,25134,倒数2期两球组合,20,最后1名,17,25135,10 2 32 16 28,否,,0%
2865,25134,倒数3期两球组合,20,第1名,27,25135,10 2 32 16 28,否,,0%
2866,25134,倒数3期两球组合,20,最后1名,23,25135,10 2 32 16 28,否,,0%
2867,25134,倒数4期两球组合,20,第1名,33,25135,10 2 32 16 28,否,,0%
2868,25134,倒数4期两球组合,20,最后1名,30,25135,10 2 32 16 28,否,,0%
2869,25134,倒数5期两球组合,20,第1名,18,25135,10 2 32 16 28,否,,0%
2870,25134,倒数5期两球组合,20,最后1名,8,25135,10 2 32 16 28,否,,0%
2871,25134,最新一期两球组合,10,第1名,20,25135,10 2 32 16 28,否,,0%
2872,25134,最新一期两球组合,10,最后1名,24,25135,10 2 32 16 28,否,,0%
2873,25134,倒数2期两球组合,10,第1名,27,25135,10 2 32 16 28,否,,0%
2874,25134,倒数2期两球组合,10,最后1名,19 1 6 8,25135,10 2 32 16 28,否,,0%
2875,25134,倒数3期两球组合,10,第1名,3,25135,10 2 32 16 28,否,,0%
2876,25134,倒数3期两球组合,10,最后1名,7 5 22 4 25 9 8,25135,10 2 32 16 28,否,,0%
2877,25134,倒数4期两球组合,10,第1名,33,25135,10 2 32 16 28,否,,0%
2878,25134,倒数4期两球组合,10,最后1名,3,25135,10 2 32 16 28,否,,0%
2879,25134,倒数5期两球组合,10,第1名,18,25135,10 2 32 16 28,否,,0%
2880,25134,倒数5期两球组合,10,最后1名,28,25135,10 2 32 16 28,是,28,100.0%
2881,25133,最新一期两球组合,50,第1名,20,25134,33 7 12 18 27,否,,0%
2882,25133,最新一期两球组合,50,最后1名,6,25134,33 7 12 18 27,否,,0%
2883,25133,倒数2期两球组合,50,第1名,4,25134,33 7 12 18 27,否,,0%
2884,25133,倒数2期两球组合,50,最后1名,26 13 24,25134,33 7 12 18 27,否,,0%
2885,25133,倒数3期两球组合,50,第1名,27,25134,33 7 12 18 27,是,27,100.0%
2886,25133,倒数3期两球组合,50,最后1名,7 3,25134,33 7 12 18 27,是,7,50.0%
2887,25133,倒数4期两球组合,50,第1名,2,25134,33 7 12 18 27,否,,0%
2888,25133,倒数4期两球组合,50,最后1名,28,25134,33 7 12 18 27,否,,0%
2889,25133,倒数5期两球组合,50,第1名,16,25134,33 7 12 18 27,否,,0%
2890,25133,倒数5期两球组合,50,最后1名,30,25134,33 7 12 18 27,否,,0%
2891,25133,最新一期两球组合,30,第1名,20,25134,33 7 12 18 27,否,,0%
2892,25133,最新一期两球组合,30,最后1名,13,25134,33 7 12 18 27,否,,0%
2893,25133,倒数2期两球组合,30,第1名,4,25134,33 7 12 18 27,否,,0%
2894,25133,倒数2期两球组合,30,最后1名,11,25134,33 7 12 18 27,否,,0%
2895,25133,倒数3期两球组合,30,第1名,27,25134,33 7 12 18 27,是,27,100.0%
2896,25133,倒数3期两球组合,30,最后1名,3 18,25134,33 7 12 18 27,是,18,50.0%
2897,25133,倒数4期两球组合,30,第1名,4,25134,33 7 12 18 27,否,,0%
2898,25133,倒数4期两球组合,30,最后1名,6,25134,33 7 12 18 27,否,,0%
2899,25133,倒数5期两球组合,30,第1名,16,25134,33 7 12 18 27,否,,0%
2900,25133,倒数5期两球组合,30,最后1名,24,25134,33 7 12 18 27,否,,0%
2901,25133,最新一期两球组合,20,第1名,32,25134,33 7 12 18 27,否,,0%
2902,25133,最新一期两球组合,20,最后1名,13,25134,33 7 12 18 27,否,,0%
2903,25133,倒数2期两球组合,20,第1名,4,25134,33 7 12 18 27,否,,0%
2904,25133,倒数2期两球组合,20,最后1名,21,25134,33 7 12 18 27,否,,0%
2905,25133,倒数3期两球组合,20,第1名,10,25134,33 7 12 18 27,否,,0%
2906,25133,倒数3期两球组合,20,最后1名,29,25134,33 7 12 18 27,否,,0%
2907,25133,倒数4期两球组合,20,第1名,2,25134,33 7 12 18 27,否,,0%
2908,25133,倒数4期两球组合,20,最后1名,5 7 15 33 16,25134,33 7 12 18 27,是,7 33,40.0%
2909,25133,倒数5期两球组合,20,第1名,35,25134,33 7 12 18 27,否,,0%
2910,25133,倒数5期两球组合,20,最后1名,33 5,25134,33 7 12 18 27,是,33,50.0%
2911,25133,最新一期两球组合,10,第1名,20,25134,33 7 12 18 27,否,,0%
2912,25133,最新一期两球组合,10,最后1名,16 13,25134,33 7 12 18 27,否,,0%
2913,25133,倒数2期两球组合,10,第1名,4,25134,33 7 12 18 27,否,,0%
2914,25133,倒数2期两球组合,10,最后1名,16 22 21,25134,33 7 12 18 27,否,,0%
2915,25133,倒数3期两球组合,10,第1名,11,25134,33 7 12 18 27,否,,0%
2916,25133,倒数3期两球组合,10,最后1名,6 7 19 30 22 15 5 18 21,25134,33 7 12 18 27,是,7 18,22.2%
2917,25133,倒数4期两球组合,10,第1名,4,25134,33 7 12 18 27,否,,0%
2918,25133,倒数4期两球组合,10,最后1名,29 22,25134,33 7 12 18 27,否,,0%
2919,25133,倒数5期两球组合,10,第1名,22,25134,33 7 12 18 27,否,,0%
2920,25133,倒数5期两球组合,10,最后1名,21,25134,33 7 12 18 27,否,,0%
2921,25132,最新一期两球组合,50,第1名,31,25133,23 27 11 35 4,否,,0%
2922,25132,最新一期两球组合,50,最后1名,18 33 35 22,25133,23 27 11 35 4,是,35,25.0%
2923,25132,倒数2期两球组合,50,第1名,18,25133,23 27 11 35 4,否,,0%
2924,25132,倒数2期两球组合,50,最后1名,25,25133,23 27 11 35 4,否,,0%
2925,25132,倒数3期两球组合,50,第1名,6,25133,23 27 11 35 4,否,,0%
2926,25132,倒数3期两球组合,50,最后1名,7 2,25133,23 27 11 35 4,否,,0%
2927,25132,倒数4期两球组合,50,第1名,1,25133,23 27 11 35 4,否,,0%
2928,25132,倒数4期两球组合,50,最后1名,7,25133,23 27 11 35 4,否,,0%
2929,25132,倒数5期两球组合,50,第1名,27,25133,23 27 11 35 4,是,27,100.0%
2930,25132,倒数5期两球组合,50,最后1名,30,25133,23 27 11 35 4,否,,0%
2931,25132,最新一期两球组合,30,第1名,20,25133,23 27 11 35 4,否,,0%
2932,25132,最新一期两球组合,30,最后1名,13,25133,23 27 11 35 4,否,,0%
2933,25132,倒数2期两球组合,30,第1名,14,25133,23 27 11 35 4,否,,0%
2934,25132,倒数2期两球组合,30,最后1名,23 25,25133,23 27 11 35 4,是,23,50.0%
2935,25132,倒数3期两球组合,30,第1名,12,25133,23 27 11 35 4,否,,0%
2936,25132,倒数3期两球组合,30,最后1名,7,25133,23 27 11 35 4,否,,0%
2937,25132,倒数4期两球组合,30,第1名,12,25133,23 27 11 35 4,否,,0%
2938,25132,倒数4期两球组合,30,最后1名,33,25133,23 27 11 35 4,否,,0%
2939,25132,倒数5期两球组合,30,第1名,8,25133,23 27 11 35 4,否,,0%
2940,25132,倒数5期两球组合,30,最后1名,24,25133,23 27 11 35 4,否,,0%
2941,25132,最新一期两球组合,20,第1名,22,25133,23 27 11 35 4,否,,0%
2942,25132,最新一期两球组合,20,最后1名,13,25133,23 27 11 35 4,否,,0%
2943,25132,倒数2期两球组合,20,第1名,10,25133,23 27 11 35 4,否,,0%
2944,25132,倒数2期两球组合,20,最后1名,25,25133,23 27 11 35 4,否,,0%
2945,25132,倒数3期两球组合,20,第1名,19,25133,23 27 11 35 4,否,,0%
2946,25132,倒数3期两球组合,20,最后1名,7,25133,23 27 11 35 4,否,,0%
2947,25132,倒数4期两球组合,20,第1名,9,25133,23 27 11 35 4,否,,0%
2948,25132,倒数4期两球组合,20,最后1名,26,25133,23 27 11 35 4,否,,0%
2949,25132,倒数5期两球组合,20,第1名,7,25133,23 27 11 35 4,否,,0%
2950,25132,倒数5期两球组合,20,最后1名,3 25,25133,23 27 11 35 4,否,,0%
2951,25132,最新一期两球组合,10,第1名,26,25133,23 27 11 35 4,否,,0%
2952,25132,最新一期两球组合,10,最后1名,13,25133,23 27 11 35 4,否,,0%
2953,25132,倒数2期两球组合,10,第1名,1,25133,23 27 11 35 4,否,,0%
2954,25132,倒数2期两球组合,10,最后1名,17 6 21,25133,23 27 11 35 4,否,,0%
2955,25132,倒数3期两球组合,10,第1名,12,25133,23 27 11 35 4,否,,0%
2956,25132,倒数3期两球组合,10,最后1名,29 5,25133,23 27 11 35 4,否,,0%
2957,25132,倒数4期两球组合,10,第1名,1,25133,23 27 11 35 4,否,,0%
2958,25132,倒数4期两球组合,10,最后1名,34 6,25133,23 27 11 35 4,否,,0%
2959,25132,倒数5期两球组合,10,第1名,19,25133,23 27 11 35 4,否,,0%
2960,25132,倒数5期两球组合,10,最后1名,30 18 31 3 28 25 15,25133,23 27 11 35 4,否,,0%
2961,25131,最新一期两球组合,50,第1名,16,25132,9 19 12 1 10,否,,0%
2962,25131,最新一期两球组合,50,最后1名,33,25132,9 19 12 1 10,否,,0%
2963,25131,倒数2期两球组合,50,第1名,2,25132,9 19 12 1 10,否,,0%
2964,25131,倒数2期两球组合,50,最后1名,10 11,25132,9 19 12 1 10,是,10,50.0%
2965,25131,倒数3期两球组合,50,第1名,7,25132,9 19 12 1 10,否,,0%
2966,25131,倒数3期两球组合,50,最后1名,5,25132,9 19 12 1 10,否,,0%
2967,25131,倒数4期两球组合,50,第1名,6,25132,9 19 12 1 10,否,,0%
2968,25131,倒数4期两球组合,50,最后1名,33,25132,9 19 12 1 10,否,,0%
2969,25131,倒数5期两球组合,50,第1名,8,25132,9 19 12 1 10,否,,0%
2970,25131,倒数5期两球组合,50,最后1名,35 29 6 7,25132,9 19 12 1 10,否,,0%
2971,25131,最新一期两球组合,30,第1名,17,25132,9 19 12 1 10,否,,0%
2972,25131,最新一期两球组合,30,最后1名,23,25132,9 19 12 1 10,否,,0%
2973,25131,倒数2期两球组合,30,第1名,33,25132,9 19 12 1 10,否,,0%
2974,25131,倒数2期两球组合,30,最后1名,19 35 30 6 20 12,25132,9 19 12 1 10,是,19 12,33.3%
2975,25131,倒数3期两球组合,30,第1名,7,25132,9 19 12 1 10,否,,0%
2976,25131,倒数3期两球组合,30,最后1名,33,25132,9 19 12 1 10,否,,0%
2977,25131,倒数4期两球组合,30,第1名,27,25132,9 19 12 1 10,否,,0%
2978,25131,倒数4期两球组合,30,最后1名,34 2,25132,9 19 12 1 10,否,,0%
2979,25131,倒数5期两球组合,30,第1名,2,25132,9 19 12 1 10,否,,0%
2980,25131,倒数5期两球组合,30,最后1名,11 29,25132,9 19 12 1 10,否,,0%
2981,25131,最新一期两球组合,20,第1名,17,25132,9 19 12 1 10,否,,0%
2982,25131,最新一期两球组合,20,最后1名,23,25132,9 19 12 1 10,否,,0%
2983,25131,倒数2期两球组合,20,第1名,28,25132,9 19 12 1 10,否,,0%
2984,25131,倒数2期两球组合,20,最后1名,11 20 13,25132,9 19 12 1 10,否,,0%
2985,25131,倒数3期两球组合,20,第1名,8,25132,9 19 12 1 10,否,,0%
2986,25131,倒数3期两球组合,20,最后1名,1,25132,9 19 12 1 10,是,1,100.0%
2987,25131,倒数4期两球组合,20,第1名,3,25132,9 19 12 1 10,否,,0%
2988,25131,倒数4期两球组合,20,最后1名,11,25132,9 19 12 1 10,否,,0%
2989,25131,倒数5期两球组合,20,第1名,3,25132,9 19 12 1 10,否,,0%
2990,25131,倒数5期两球组合,20,最后1名,9,25132,9 19 12 1 10,是,9,100.0%
2991,25131,最新一期两球组合,10,第1名,25,25132,9 19 12 1 10,否,,0%
2992,25131,最新一期两球组合,10,最后1名,23 4,25132,9 19 12 1 10,否,,0%
2993,25131,倒数2期两球组合,10,第1名,3,25132,9 19 12 1 10,否,,0%
2994,25131,倒数2期两球组合,10,最后1名,31 34 16,25132,9 19 12 1 10,否,,0%
2995,25131,倒数3期两球组合,10,第1名,25,25132,9 19 12 1 10,否,,0%
2996,25131,倒数3期两球组合,10,最后1名,33 34 24,25132,9 19 12 1 10,否,,0%
2997,25131,倒数4期两球组合,10,第1名,3,25132,9 19 12 1 10,否,,0%
2998,25131,倒数4期两球组合,10,最后1名,19 33 4 15 13 21,25132,9 19 12 1 10,是,19,16.7%
2999,25131,倒数5期两球组合,10,第1名,3,25132,9 19 12 1 10,否,,0%
3000,25131,倒数5期两球组合,10,最后1名,22 14 34 5,25132,9 19 12 1 10,否,,0%
3001,25130,最新一期两球组合,50,第1名,25,25131,8 29 25 3 32,是,25,100.0%
3002,25130,最新一期两球组合,50,最后1名,26,25131,8 29 25 3 32,否,,0%
3003,25130,倒数2期两球组合,50,第1名,13,25131,8 29 25 3 32,否,,0%
3004,25130,倒数2期两球组合,50,最后1名,1 19 5 12,25131,8 29 25 3 32,否,,0%
3005,25130,倒数3期两球组合,50,第1名,25,25131,8 29 25 3 32,是,25,100.0%
3006,25130,倒数3期两球组合,50,最后1名,30,25131,8 29 25 3 32,否,,0%
3007,25130,倒数4期两球组合,50,第1名,1,25131,8 29 25 3 32,否,,0%
3008,25130,倒数4期两球组合,50,最后1名,29 34,25131,8 29 25 3 32,是,29,50.0%
3009,25130,倒数5期两球组合,50,第1名,16,25131,8 29 25 3 32,否,,0%
3010,25130,倒数5期两球组合,50,最后1名,8 17,25131,8 29 25 3 32,是,8,50.0%
3011,25130,最新一期两球组合,30,第1名,4,25131,8 29 25 3 32,否,,0%
3012,25130,最新一期两球组合,30,最后1名,16,25131,8 29 25 3 32,否,,0%
3013,25130,倒数2期两球组合,30,第1名,13,25131,8 29 25 3 32,否,,0%
3014,25130,倒数2期两球组合,30,最后1名,30 12,25131,8 29 25 3 32,否,,0%
3015,25130,倒数3期两球组合,30,第1名,25,25131,8 29 25 3 32,是,25,100.0%
3016,25130,倒数3期两球组合,30,最后1名,29,25131,8 29 25 3 32,是,29,100.0%
3017,25130,倒数4期两球组合,30,第1名,21,25131,8 29 25 3 32,否,,0%
3018,25130,倒数4期两球组合,30,最后1名,8 3 33 35 32,25131,8 29 25 3 32,是,8 3 32,60.0%
3019,25130,倒数5期两球组合,30,第1名,16,25131,8 29 25 3 32,否,,0%
3020,25130,倒数5期两球组合,30,最后1名,19 7 26 25 14 15,25131,8 29 25 3 32,是,25,16.7%
3021,25130,最新一期两球组合,20,第1名,8,25131,8 29 25 3 32,是,8,100.0%
3022,25130,最新一期两球组合,20,最后1名,16,25131,8 29 25 3 32,否,,0%
3023,25130,倒数2期两球组合,20,第1名,27,25131,8 29 25 3 32,否,,0%
3024,25130,倒数2期两球组合,20,最后1名,7 30 21 12,25131,8 29 25 3 32,否,,0%
3025,25130,倒数3期两球组合,20,第1名,13,25131,8 29 25 3 32,否,,0%
3026,25130,倒数3期两球组合,20,最后1名,7 31 4 21 17,25131,8 29 25 3 32,否,,0%
3027,25130,倒数4期两球组合,20,第1名,1,25131,8 29 25 3 32,否,,0%
3028,25130,倒数4期两球组合,20,最后1名,31,25131,8 29 25 3 32,否,,0%
3029,25130,倒数5期两球组合,20,第1名,16,25131,8 29 25 3 32,否,,0%
3030,25130,倒数5期两球组合,20,最后1名,14,25131,8 29 25 3 32,否,,0%
3031,25130,最新一期两球组合,10,第1名,21,25131,8 29 25 3 32,否,,0%
3032,25130,最新一期两球组合,10,最后1名,16,25131,8 29 25 3 32,否,,0%
3033,25130,倒数2期两球组合,10,第1名,13,25131,8 29 25 3 32,否,,0%
3034,25130,倒数2期两球组合,10,最后1名,15 4 30,25131,8 29 25 3 32,否,,0%
3035,25130,倒数3期两球组合,10,第1名,25,25131,8 29 25 3 32,是,25,100.0%
3036,25130,倒数3期两球组合,10,最后1名,19 31 21,25131,8 29 25 3 32,否,,0%
3037,25130,倒数4期两球组合,10,第1名,4,25131,8 29 25 3 32,否,,0%
3038,25130,倒数4期两球组合,10,最后1名,3 11 28,25131,8 29 25 3 32,是,3,33.3%
3039,25130,倒数5期两球组合,10,第1名,16,25131,8 29 25 3 32,否,,0%
3040,25130,倒数5期两球组合,10,最后1名,18 15,25131,8 29 25 3 32,否,,0%
3041,25129,最新一期两球组合,50,第1名,7,25130,13 1 27 29 16,否,,0%
3042,25129,最新一期两球组合,50,最后1名,15 17,25130,13 1 27 29 16,否,,0%
3043,25129,倒数2期两球组合,50,第1名,9,25130,13 1 27 29 16,否,,0%
3044,25129,倒数2期两球组合,50,最后1名,33 14,25130,13 1 27 29 16,否,,0%
3045,25129,倒数3期两球组合,50,第1名,28,25130,13 1 27 29 16,否,,0%
3046,25129,倒数3期两球组合,50,最后1名,29,25130,13 1 27 29 16,是,29,100.0%
3047,25129,倒数4期两球组合,50,第1名,5,25130,13 1 27 29 16,否,,0%
3048,25129,倒数4期两球组合,50,最后1名,1 34 26,25130,13 1 27 29 16,是,1,33.3%
3049,25129,倒数5期两球组合,50,第1名,8,25130,13 1 27 29 16,否,,0%
3050,25129,倒数5期两球组合,50,最后1名,14,25130,13 1 27 29 16,否,,0%
3051,25129,最新一期两球组合,30,第1名,26,25130,13 1 27 29 16,否,,0%
3052,25129,最新一期两球组合,30,最后1名,24,25130,13 1 27 29 16,否,,0%
3053,25129,倒数2期两球组合,30,第1名,3,25130,13 1 27 29 16,否,,0%
3054,25129,倒数2期两球组合,30,最后1名,26 20,25130,13 1 27 29 16,否,,0%
3055,25129,倒数3期两球组合,30,第1名,3,25130,13 1 27 29 16,否,,0%
3056,25129,倒数3期两球组合,30,最后1名,34,25130,13 1 27 29 16,否,,0%
3057,25129,倒数4期两球组合,30,第1名,18,25130,13 1 27 29 16,否,,0%
3058,25129,倒数4期两球组合,30,最后1名,32,25130,13 1 27 29 16,否,,0%
3059,25129,倒数5期两球组合,30,第1名,2,25130,13 1 27 29 16,否,,0%
3060,25129,倒数5期两球组合,30,最后1名,14 34 7 19 21,25130,13 1 27 29 16,否,,0%
3061,25129,最新一期两球组合,20,第1名,7,25130,13 1 27 29 16,否,,0%
3062,25129,最新一期两球组合,20,最后1名,24,25130,13 1 27 29 16,否,,0%
3063,25129,倒数2期两球组合,20,第1名,9,25130,13 1 27 29 16,否,,0%
3064,25129,倒数2期两球组合,20,最后1名,17 23 20 13,25130,13 1 27 29 16,是,13,25.0%
3065,25129,倒数3期两球组合,20,第1名,28,25130,13 1 27 29 16,否,,0%
3066,25129,倒数3期两球组合,20,最后1名,19 24,25130,13 1 27 29 16,否,,0%
3067,25129,倒数4期两球组合,20,第1名,35,25130,13 1 27 29 16,否,,0%
3068,25129,倒数4期两球组合,20,最后1名,1 19,25130,13 1 27 29 16,是,1,50.0%
3069,25129,倒数5期两球组合,20,第1名,35,25130,13 1 27 29 16,否,,0%
3070,25129,倒数5期两球组合,20,最后1名,7 23,25130,13 1 27 29 16,否,,0%
3071,25129,最新一期两球组合,10,第1名,29,25130,13 1 27 29 16,是,29,100.0%
3072,25129,最新一期两球组合,10,最后1名,24,25130,13 1 27 29 16,否,,0%
3073,25129,倒数2期两球组合,10,第1名,9,25130,13 1 27 29 16,否,,0%
3074,25129,倒数2期两球组合,10,最后1名,34 18 15,25130,13 1 27 29 16,否,,0%
3075,25129,倒数3期两球组合,10,第1名,2,25130,13 1 27 29 16,否,,0%
3076,25129,倒数3期两球组合,10,最后1名,21,25130,13 1 27 29 16,否,,0%
3077,25129,倒数4期两球组合,10,第1名,14,25130,13 1 27 29 16,否,,0%
3078,25129,倒数4期两球组合,10,最后1名,1 32 26 34 19 15 7 16,25130,13 1 27 29 16,是,1 16,25.0%
3079,25129,倒数5期两球组合,10,第1名,35,25130,13 1 27 29 16,否,,0%
3080,25129,倒数5期两球组合,10,最后1名,14 5 7 12 31 10,25130,13 1 27 29 16,否,,0%
3081,25128,最新一期两球组合,50,第1名,23,25129,35 9 28 3 14,否,,0%
3082,25128,最新一期两球组合,50,最后1名,9,25129,35 9 28 3 14,是,9,100.0%
3083,25128,倒数2期两球组合,50,第1名,13,25129,35 9 28 3 14,否,,0%
3084,25128,倒数2期两球组合,50,最后1名,30 24,25129,35 9 28 3 14,否,,0%
3085,25128,倒数3期两球组合,50,第1名,6,25129,35 9 28 3 14,否,,0%
3086,25128,倒数3期两球组合,50,最后1名,2,25129,35 9 28 3 14,否,,0%
3087,25128,倒数4期两球组合,50,第1名,29,25129,35 9 28 3 14,否,,0%
3088,25128,倒数4期两球组合,50,最后1名,11,25129,35 9 28 3 14,否,,0%
3089,25128,倒数5期两球组合,50,第1名,26,25129,35 9 28 3 14,否,,0%
3090,25128,倒数5期两球组合,50,最后1名,35 2 8,25129,35 9 28 3 14,是,35,33.3%
3091,25128,最新一期两球组合,30,第1名,33,25129,35 9 28 3 14,否,,0%
3092,25128,最新一期两球组合,30,最后1名,13,25129,35 9 28 3 14,否,,0%
3093,25128,倒数2期两球组合,30,第1名,33,25129,35 9 28 3 14,否,,0%
3094,25128,倒数2期两球组合,30,最后1名,28,25129,35 9 28 3 14,是,28,100.0%
3095,25128,倒数3期两球组合,30,第1名,6,25129,35 9 28 3 14,否,,0%
3096,25128,倒数3期两球组合,30,最后1名,2,25129,35 9 28 3 14,否,,0%
3097,25128,倒数4期两球组合,30,第1名,6,25129,35 9 28 3 14,否,,0%
3098,25128,倒数4期两球组合,30,最后1名,22,25129,35 9 28 3 14,否,,0%
3099,25128,倒数5期两球组合,30,第1名,6,25129,35 9 28 3 14,否,,0%
3100,25128,倒数5期两球组合,30,最后1名,30 2 23,25129,35 9 28 3 14,否,,0%
3101,25128,最新一期两球组合,20,第1名,11,25129,35 9 28 3 14,否,,0%
3102,25128,最新一期两球组合,20,最后1名,9 5 4,25129,35 9 28 3 14,是,9,33.3%
3103,25128,倒数2期两球组合,20,第1名,6,25129,35 9 28 3 14,否,,0%
3104,25128,倒数2期两球组合,20,最后1名,17 24,25129,35 9 28 3 14,否,,0%
3105,25128,倒数3期两球组合,20,第1名,3,25129,35 9 28 3 14,是,3,100.0%
3106,25128,倒数3期两球组合,20,最后1名,1,25129,35 9 28 3 14,否,,0%
3107,25128,倒数4期两球组合,20,第1名,33,25129,35 9 28 3 14,否,,0%
3108,25128,倒数4期两球组合,20,最后1名,11 17 23,25129,35 9 28 3 14,否,,0%
3109,25128,倒数5期两球组合,20,第1名,6,25129,35 9 28 3 14,否,,0%
3110,25128,倒数5期两球组合,20,最后1名,2 29 20 15,25129,35 9 28 3 14,否,,0%
3111,25128,最新一期两球组合,10,第1名,33,25129,35 9 28 3 14,否,,0%
3112,25128,最新一期两球组合,10,最后1名,29,25129,35 9 28 3 14,否,,0%
3113,25128,倒数2期两球组合,10,第1名,6,25129,35 9 28 3 14,否,,0%
3114,25128,倒数2期两球组合,10,最后1名,25 21 4 35,25129,35 9 28 3 14,是,35,25.0%
3115,25128,倒数3期两球组合,10,第1名,20,25129,35 9 28 3 14,否,,0%
3116,25128,倒数3期两球组合,10,最后1名,2 19 1 15,25129,35 9 28 3 14,否,,0%
3117,25128,倒数4期两球组合,10,第1名,33,25129,35 9 28 3 14,否,,0%
3118,25128,倒数4期两球组合,10,最后1名,11 5 7 9 35 31 14 24 23,25129,35 9 28 3 14,是,9 35 14,33.3%
3119,25128,倒数5期两球组合,10,第1名,3,25129,35 9 28 3 14,是,3,100.0%
3120,25128,倒数5期两球组合,10,最后1名,33 4 27,25129,35 9 28 3 14,否,,0%
3121,25127,最新一期两球组合,50,第1名,34,25128,6 3 30 33 26,否,,0%
3122,25127,最新一期两球组合,50,最后1名,6 20,25128,6 3 30 33 26,是,6,50.0%
3123,25127,倒数2期两球组合,50,第1名,28,25128,6 3 30 33 26,否,,0%
3124,25127,倒数2期两球组合,50,最后1名,24 7 13,25128,6 3 30 33 26,否,,0%
3125,25127,倒数3期两球组合,50,第1名,3,25128,6 3 30 33 26,是,3,100.0%
3126,25127,倒数3期两球组合,50,最后1名,7,25128,6 3 30 33 26,否,,0%
3127,25127,倒数4期两球组合,50,第1名,15,25128,6 3 30 33 26,否,,0%
3128,25127,倒数4期两球组合,50,最后1名,6,25128,6 3 30 33 26,是,6,100.0%
3129,25127,倒数5期两球组合,50,第1名,4,25128,6 3 30 33 26,否,,0%
3130,25127,倒数5期两球组合,50,最后1名,21,25128,6 3 30 33 26,否,,0%
3131,25127,最新一期两球组合,30,第1名,33,25128,6 3 30 33 26,是,33,100.0%
3132,25127,最新一期两球组合,30,最后1名,6,25128,6 3 30 33 26,是,6,100.0%
3133,25127,倒数2期两球组合,30,第1名,19,25128,6 3 30 33 26,否,,0%
3134,25127,倒数2期两球组合,30,最后1名,26,25128,6 3 30 33 26,是,26,100.0%
3135,25127,倒数3期两球组合,30,第1名,24,25128,6 3 30 33 26,否,,0%
3136,25127,倒数3期两球组合,30,最后1名,33,25128,6 3 30 33 26,是,33,100.0%
3137,25127,倒数4期两球组合,30,第1名,14,25128,6 3 30 33 26,否,,0%
3138,25127,倒数4期两球组合,30,最后1名,35,25128,6 3 30 33 26,否,,0%
3139,25127,倒数5期两球组合,30,第1名,5,25128,6 3 30 33 26,否,,0%
3140,25127,倒数5期两球组合,30,最后1名,21 1 30,25128,6 3 30 33 26,是,30,33.3%
3141,25127,最新一期两球组合,20,第1名,11,25128,6 3 30 33 26,否,,0%
3142,25127,最新一期两球组合,20,最后1名,29,25128,6 3 30 33 26,否,,0%
3143,25127,倒数2期两球组合,20,第1名,19,25128,6 3 30 33 26,否,,0%
3144,25127,倒数2期两球组合,20,最后1名,35 27 16 15 13,25128,6 3 30 33 26,否,,0%
3145,25127,倒数3期两球组合,20,第1名,24,25128,6 3 30 33 26,否,,0%
3146,25127,倒数3期两球组合,20,最后1名,33,25128,6 3 30 33 26,是,33,100.0%
3147,25127,倒数4期两球组合,20,第1名,22,25128,6 3 30 33 26,否,,0%
3148,25127,倒数4期两球组合,20,最后1名,35 5 7 6,25128,6 3 30 33 26,是,6,25.0%
3149,25127,倒数5期两球组合,20,第1名,4,25128,6 3 30 33 26,否,,0%
3150,25127,倒数5期两球组合,20,最后1名,14 30 13 11,25128,6 3 30 33 26,是,30,25.0%
3151,25127,最新一期两球组合,10,第1名,3,25128,6 3 30 33 26,是,3,100.0%
3152,25127,最新一期两球组合,10,最后1名,6 30,25128,6 3 30 33 26,是,6 30,100.0%
3153,25127,倒数2期两球组合,10,第1名,29,25128,6 3 30 33 26,否,,0%
3154,25127,倒数2期两球组合,10,最后1名,6,25128,6 3 30 33 26,是,6,100.0%
3155,25127,倒数3期两球组合,10,第1名,28,25128,6 3 30 33 26,否,,0%
3156,25127,倒数3期两球组合,10,最后1名,35 11,25128,6 3 30 33 26,否,,0%
3157,25127,倒数4期两球组合,10,第1名,22,25128,6 3 30 33 26,否,,0%
3158,25127,倒数4期两球组合,10,最后1名,30 6 3 8 33 17 12 26,25128,6 3 30 33 26,是,30 6 3 33 26,62.5%
3159,25127,倒数5期两球组合,10,第1名,4,25128,6 3 30 33 26,否,,0%
3160,25127,倒数5期两球组合,10,最后1名,6,25128,6 3 30 33 26,是,6,100.0%
3161,25126,最新一期两球组合,50,第1名,13,25127,28 4 5 19 29,否,,0%
3162,25126,最新一期两球组合,50,最后1名,1 14,25127,28 4 5 19 29,否,,0%
3163,25126,倒数2期两球组合,50,第1名,33,25127,28 4 5 19 29,否,,0%
3164,25126,倒数2期两球组合,50,最后1名,2,25127,28 4 5 19 29,否,,0%
3165,25126,倒数3期两球组合,50,第1名,3,25127,28 4 5 19 29,否,,0%
3166,25126,倒数3期两球组合,50,最后1名,29 16 23,25127,28 4 5 19 29,是,29,33.3%
3167,25126,倒数4期两球组合,50,第1名,4,25127,28 4 5 19 29,是,4,100.0%
3168,25126,倒数4期两球组合,50,最后1名,11,25127,28 4 5 19 29,否,,0%
3169,25126,倒数5期两球组合,50,第1名,25,25127,28 4 5 19 29,否,,0%
3170,25126,倒数5期两球组合,50,最后1名,26,25127,28 4 5 19 29,否,,0%
3171,25126,最新一期两球组合,30,第1名,22,25127,28 4 5 19 29,否,,0%
3172,25126,最新一期两球组合,30,最后1名,1,25127,28 4 5 19 29,否,,0%
3173,25126,倒数2期两球组合,30,第1名,30,25127,28 4 5 19 29,否,,0%
3174,25126,倒数2期两球组合,30,最后1名,25,25127,28 4 5 19 29,否,,0%
3175,25126,倒数3期两球组合,30,第1名,18,25127,28 4 5 19 29,否,,0%
3176,25126,倒数3期两球组合,30,最后1名,7,25127,28 4 5 19 29,否,,0%
3177,25126,倒数4期两球组合,30,第1名,4,25127,28 4 5 19 29,是,4,100.0%
3178,25126,倒数4期两球组合,30,最后1名,32,25127,28 4 5 19 29,否,,0%
3179,25126,倒数5期两球组合,30,第1名,25,25127,28 4 5 19 29,否,,0%
3180,25126,倒数5期两球组合,30,最后1名,29 35,25127,28 4 5 19 29,是,29,50.0%
3181,25126,最新一期两球组合,20,第1名,5,25127,28 4 5 19 29,是,5,100.0%
3182,25126,最新一期两球组合,20,最后1名,1 8 30 6,25127,28 4 5 19 29,否,,0%
3183,25126,倒数2期两球组合,20,第1名,30,25127,28 4 5 19 29,否,,0%
3184,25126,倒数2期两球组合,20,最后1名,22 10 32 34 33 23 7,25127,28 4 5 19 29,否,,0%
3185,25126,倒数3期两球组合,20,第1名,30,25127,28 4 5 19 29,否,,0%
3186,25126,倒数3期两球组合,20,最后1名,14,25127,28 4 5 19 29,否,,0%
3187,25126,倒数4期两球组合,20,第1名,1,25127,28 4 5 19 29,否,,0%
3188,25126,倒数4期两球组合,20,最后1名,12 17,25127,28 4 5 19 29,否,,0%
3189,25126,倒数5期两球组合,20,第1名,25,25127,28 4 5 19 29,否,,0%
3190,25126,倒数5期两球组合,20,最后1名,11 35 34 18,25127,28 4 5 19 29,否,,0%
3191,25126,最新一期两球组合,10,第1名,31,25127,28 4 5 19 29,否,,0%
3192,25126,最新一期两球组合,10,最后1名,1 16,25127,28 4 5 19 29,否,,0%
3193,25126,倒数2期两球组合,10,第1名,30,25127,28 4 5 19 29,否,,0%
3194,25126,倒数2期两球组合,10,最后1名,29 33,25127,28 4 5 19 29,是,29,50.0%
3195,25126,倒数3期两球组合,10,第1名,18,25127,28 4 5 19 29,否,,0%
3196,25126,倒数3期两球组合,10,最后1名,9 23 12 13 7 29 15,25127,28 4 5 19 29,是,29,14.3%
3197,25126,倒数4期两球组合,10,第1名,30,25127,28 4 5 19 29,否,,0%
3198,25126,倒数4期两球组合,10,最后1名,28 33 29,25127,28 4 5 19 29,是,28 29,66.7%
3199,25126,倒数5期两球组合,10,第1名,1,25127,28 4 5 19 29,否,,0%
3200,25126,倒数5期两球组合,10,最后1名,11 32 34 14,25127,28 4 5 19 29,否,,0%
3201,25125,最新一期两球组合,50,第1名,10,25126,1 27 30 18 8,否,,0%
3202,25125,最新一期两球组合,50,最后1名,29,25126,1 27 30 18 8,否,,0%
3203,25125,倒数2期两球组合,50,第1名,19,25126,1 27 30 18 8,否,,0%
3204,25125,倒数2期两球组合,50,最后1名,2,25126,1 27 30 18 8,否,,0%
3205,25125,倒数3期两球组合,50,第1名,35,25126,1 27 30 18 8,否,,0%
3206,25125,倒数3期两球组合,50,最后1名,32,25126,1 27 30 18 8,否,,0%
3207,25125,倒数4期两球组合,50,第1名,35,25126,1 27 30 18 8,否,,0%
3208,25125,倒数4期两球组合,50,最后1名,5,25126,1 27 30 18 8,否,,0%
3209,25125,倒数5期两球组合,50,第1名,5,25126,1 27 30 18 8,否,,0%
3210,25125,倒数5期两球组合,50,最后1名,7 32,25126,1 27 30 18 8,否,,0%
3211,25125,最新一期两球组合,30,第1名,10,25126,1 27 30 18 8,否,,0%
3212,25125,最新一期两球组合,30,最后1名,29,25126,1 27 30 18 8,否,,0%
3213,25125,倒数2期两球组合,30,第1名,35,25126,1 27 30 18 8,否,,0%
3214,25125,倒数2期两球组合,30,最后1名,20 26 14,25126,1 27 30 18 8,否,,0%
3215,25125,倒数3期两球组合,30,第1名,13,25126,1 27 30 18 8,否,,0%
3216,25125,倒数3期两球组合,30,最后1名,28 15,25126,1 27 30 18 8,否,,0%
3217,25125,倒数4期两球组合,30,第1名,15,25126,1 27 30 18 8,否,,0%
3218,25125,倒数4期两球组合,30,最后1名,5,25126,1 27 30 18 8,否,,0%
3219,25125,倒数5期两球组合,30,第1名,10,25126,1 27 30 18 8,否,,0%
3220,25125,倒数5期两球组合,30,最后1名,28 8 30,25126,1 27 30 18 8,是,8 30,66.7%
3221,25125,最新一期两球组合,20,第1名,10,25126,1 27 30 18 8,否,,0%
3222,25125,最新一期两球组合,20,最后1名,11,25126,1 27 30 18 8,否,,0%
3223,25125,倒数2期两球组合,20,第1名,5,25126,1 27 30 18 8,否,,0%
3224,25125,倒数2期两球组合,20,最后1名,26,25126,1 27 30 18 8,否,,0%
3225,25125,倒数3期两球组合,20,第1名,10,25126,1 27 30 18 8,否,,0%
3226,25125,倒数3期两球组合,20,最后1名,15,25126,1 27 30 18 8,否,,0%
3227,25125,倒数4期两球组合,20,第1名,10,25126,1 27 30 18 8,否,,0%
3228,25125,倒数4期两球组合,20,最后1名,5 2 12,25126,1 27 30 18 8,否,,0%
3229,25125,倒数5期两球组合,20,第1名,35,25126,1 27 30 18 8,否,,0%
3230,25125,倒数5期两球组合,20,最后1名,7 33 2 14,25126,1 27 30 18 8,否,,0%
3231,25125,最新一期两球组合,10,第1名,35,25126,1 27 30 18 8,否,,0%
3232,25125,最新一期两球组合,10,最后1名,15 29 4,25126,1 27 30 18 8,否,,0%
3233,25125,倒数2期两球组合,10,第1名,11,25126,1 27 30 18 8,否,,0%
3234,25125,倒数2期两球组合,10,最后1名,23,25126,1 27 30 18 8,否,,0%
3235,25125,倒数3期两球组合,10,第1名,35,25126,1 27 30 18 8,否,,0%
3236,25125,倒数3期两球组合,10,最后1名,15,25126,1 27 30 18 8,否,,0%
3237,25125,倒数4期两球组合,10,第1名,13,25126,1 27 30 18 8,否,,0%
3238,25125,倒数4期两球组合,10,最后1名,5,25126,1 27 30 18 8,否,,0%
3239,25125,倒数5期两球组合,10,第1名,10,25126,1 27 30 18 8,否,,0%
3240,25125,倒数5期两球组合,10,最后1名,34 2 16 15,25126,1 27 30 18 8,否,,0%
3241,25124,最新一期两球组合,50,第1名,28,25125,11 19 10 35 13,否,,0%
3242,25124,最新一期两球组合,50,最后1名,5 16,25125,11 19 10 35 13,否,,0%
3243,25124,倒数2期两球组合,50,第1名,26,25125,11 19 10 35 13,否,,0%
3244,25124,倒数2期两球组合,50,最后1名,11,25125,11 19 10 35 13,是,11,100.0%
3245,25124,倒数3期两球组合,50,第1名,34,25125,11 19 10 35 13,否,,0%
3246,25124,倒数3期两球组合,50,最后1名,12,25125,11 19 10 35 13,否,,0%
3247,25124,倒数4期两球组合,50,第1名,27,25125,11 19 10 35 13,否,,0%
3248,25124,倒数4期两球组合,50,最后1名,5,25125,11 19 10 35 13,否,,0%
3249,25124,倒数5期两球组合,50,第1名,21,25125,11 19 10 35 13,否,,0%
3250,25124,倒数5期两球组合,50,最后1名,29,25125,11 19 10 35 13,否,,0%
3251,25124,最新一期两球组合,30,第1名,18,25125,11 19 10 35 13,否,,0%
3252,25124,最新一期两球组合,30,最后1名,1,25125,11 19 10 35 13,否,,0%
3253,25124,倒数2期两球组合,30,第1名,6,25125,11 19 10 35 13,否,,0%
3254,25124,倒数2期两球组合,30,最后1名,17,25125,11 19 10 35 13,否,,0%
3255,25124,倒数3期两球组合,30,第1名,34,25125,11 19 10 35 13,否,,0%
3256,25124,倒数3期两球组合,30,最后1名,7,25125,11 19 10 35 13,否,,0%
3257,25124,倒数4期两球组合,30,第1名,3,25125,11 19 10 35 13,否,,0%
3258,25124,倒数4期两球组合,30,最后1名,20 35,25125,11 19 10 35 13,是,35,50.0%
3259,25124,倒数5期两球组合,30,第1名,21,25125,11 19 10 35 13,否,,0%
3260,25124,倒数5期两球组合,30,最后1名,30,25125,11 19 10 35 13,否,,0%
3261,25124,最新一期两球组合,20,第1名,30,25125,11 19 10 35 13,否,,0%
3262,25124,最新一期两球组合,20,最后1名,13,25125,11 19 10 35 13,是,13,100.0%
3263,25124,倒数2期两球组合,20,第1名,6,25125,11 19 10 35 13,否,,0%
3264,25124,倒数2期两球组合,20,最后1名,11 20 8 17,25125,11 19 10 35 13,是,11,25.0%
3265,25124,倒数3期两球组合,20,第1名,14,25125,11 19 10 35 13,否,,0%
3266,25124,倒数3期两球组合,20,最后1名,22 5,25125,11 19 10 35 13,否,,0%
3267,25124,倒数4期两球组合,20,第1名,3,25125,11 19 10 35 13,否,,0%
3268,25124,倒数4期两球组合,20,最后1名,35,25125,11 19 10 35 13,是,35,100.0%
3269,25124,倒数5期两球组合,20,第1名,21,25125,11 19 10 35 13,否,,0%
3270,25124,倒数5期两球组合,20,最后1名,22 19,25125,11 19 10 35 13,是,19,50.0%
3271,25124,最新一期两球组合,10,第1名,30,25125,11 19 10 35 13,否,,0%
3272,25124,最新一期两球组合,10,最后1名,13,25125,11 19 10 35 13,是,13,100.0%
3273,25124,倒数2期两球组合,10,第1名,9,25125,11 19 10 35 13,否,,0%
3274,25124,倒数2期两球组合,10,最后1名,11,25125,11 19 10 35 13,是,11,100.0%
3275,25124,倒数3期两球组合,10,第1名,14,25125,11 19 10 35 13,否,,0%
3276,25124,倒数3期两球组合,10,最后1名,23,25125,11 19 10 35 13,否,,0%
3277,25124,倒数4期两球组合,10,第1名,26,25125,11 19 10 35 13,否,,0%
3278,25124,倒数4期两球组合,10,最后1名,35 4 12,25125,11 19 10 35 13,是,35,33.3%
3279,25124,倒数5期两球组合,10,第1名,27,25125,11 19 10 35 13,否,,0%
3280,25124,倒数5期两球组合,10,最后1名,15 28 1,25125,11 19 10 35 13,否,,0%
3281,25123,最新一期两球组合,50,第1名,16,25124,14 6 9 26 27,否,,0%
3282,25123,最新一期两球组合,50,最后1名,29,25124,14 6 9 26 27,否,,0%
3283,25123,倒数2期两球组合,50,第1名,8,25124,14 6 9 26 27,否,,0%
3284,25123,倒数2期两球组合,50,最后1名,6,25124,14 6 9 26 27,是,6,100.0%
3285,25123,倒数3期两球组合,50,第1名,8,25124,14 6 9 26 27,否,,0%
3286,25123,倒数3期两球组合,50,最后1名,35 3,25124,14 6 9 26 27,否,,0%
3287,25123,倒数4期两球组合,50,第1名,33,25124,14 6 9 26 27,否,,0%
3288,25123,倒数4期两球组合,50,最后1名,4,25124,14 6 9 26 27,否,,0%
3289,25123,倒数5期两球组合,50,第1名,14,25124,14 6 9 26 27,是,14,100.0%
3290,25123,倒数5期两球组合,50,最后1名,8,25124,14 6 9 26 27,否,,0%
3291,25123,最新一期两球组合,30,第1名,2,25124,14 6 9 26 27,否,,0%
3292,25123,最新一期两球组合,30,最后1名,33,25124,14 6 9 26 27,否,,0%
3293,25123,倒数2期两球组合,30,第1名,8,25124,14 6 9 26 27,否,,0%
3294,25123,倒数2期两球组合,30,最后1名,19,25124,14 6 9 26 27,否,,0%
3295,25123,倒数3期两球组合,30,第1名,8,25124,14 6 9 26 27,否,,0%
3296,25123,倒数3期两球组合,30,最后1名,7,25124,14 6 9 26 27,否,,0%
3297,25123,倒数4期两球组合,30,第1名,33,25124,14 6 9 26 27,否,,0%
3298,25123,倒数4期两球组合,30,最后1名,8,25124,14 6 9 26 27,否,,0%
3299,25123,倒数5期两球组合,30,第1名,14,25124,14 6 9 26 27,是,14,100.0%
3300,25123,倒数5期两球组合,30,最后1名,4 11 1,25124,14 6 9 26 27,否,,0%
3301,25123,最新一期两球组合,20,第1名,13,25124,14 6 9 26 27,否,,0%
3302,25123,最新一期两球组合,20,最后1名,17,25124,14 6 9 26 27,否,,0%
3303,25123,倒数2期两球组合,20,第1名,31,25124,14 6 9 26 27,否,,0%
3304,25123,倒数2期两球组合,20,最后1名,18 27,25124,14 6 9 26 27,是,27,50.0%
3305,25123,倒数3期两球组合,20,第1名,8,25124,14 6 9 26 27,否,,0%
3306,25123,倒数3期两球组合,20,最后1名,4,25124,14 6 9 26 27,否,,0%
3307,25123,倒数4期两球组合,20,第1名,33,25124,14 6 9 26 27,否,,0%
3308,25123,倒数4期两球组合,20,最后1名,2,25124,14 6 9 26 27,否,,0%
3309,25123,倒数5期两球组合,20,第1名,14,25124,14 6 9 26 27,是,14,100.0%
3310,25123,倒数5期两球组合,20,最后1名,11,25124,14 6 9 26 27,否,,0%
3311,25123,最新一期两球组合,10,第1名,2,25124,14 6 9 26 27,否,,0%
3312,25123,最新一期两球组合,10,最后1名,17,25124,14 6 9 26 27,否,,0%
3313,25123,倒数2期两球组合,10,第1名,31,25124,14 6 9 26 27,否,,0%
3314,25123,倒数2期两球组合,10,最后1名,35 1 33 9,25124,14 6 9 26 27,是,9,25.0%
3315,25123,倒数3期两球组合,10,第1名,8,25124,14 6 9 26 27,否,,0%
3316,25123,倒数3期两球组合,10,最后1名,4,25124,14 6 9 26 27,否,,0%
3317,25123,倒数4期两球组合,10,第1名,25,25124,14 6 9 26 27,否,,0%
3318,25123,倒数4期两球组合,10,最后1名,2 26,25124,14 6 9 26 27,是,26,50.0%
3319,25123,倒数5期两球组合,10,第1名,3,25124,14 6 9 26 27,否,,0%
3320,25123,倒数5期两球组合,10,最后1名,11,25124,14 6 9 26 27,否,,0%
3321,25122,最新一期两球组合,50,第1名,4,25123,31 8 13 24 25,否,,0%
3322,25122,最新一期两球组合,50,最后1名,10,25123,31 8 13 24 25,否,,0%
3323,25122,倒数2期两球组合,50,第1名,10,25123,31 8 13 24 25,否,,0%
3324,25122,倒数2期两球组合,50,最后1名,22 14 8 13,25123,31 8 13 24 25,是,8 13,50.0%
3325,25122,倒数3期两球组合,50,第1名,13,25123,31 8 13 24 25,是,13,100.0%
3326,25122,倒数3期两球组合,50,最后1名,30,25123,31 8 13 24 25,否,,0%
3327,25122,倒数4期两球组合,50,第1名,17,25123,31 8 13 24 25,否,,0%
3328,25122,倒数4期两球组合,50,最后1名,32,25123,31 8 13 24 25,否,,0%
3329,25122,倒数5期两球组合,50,第1名,14,25123,31 8 13 24 25,否,,0%
3330,25122,倒数5期两球组合,50,最后1名,7,25123,31 8 13 24 25,否,,0%
3331,25122,最新一期两球组合,30,第1名,24,25123,31 8 13 24 25,是,24,100.0%
3332,25122,最新一期两球组合,30,最后1名,2 10 17 19,25123,31 8 13 24 25,否,,0%
3333,25122,倒数2期两球组合,30,第1名,21,25123,31 8 13 24 25,否,,0%
3334,25122,倒数2期两球组合,30,最后1名,22 24 18 5,25123,31 8 13 24 25,是,24,25.0%
3335,25122,倒数3期两球组合,30,第1名,2,25123,31 8 13 24 25,否,,0%
3336,25122,倒数3期两球组合,30,最后1名,30,25123,31 8 13 24 25,否,,0%
3337,25122,倒数4期两球组合,30,第1名,28,25123,31 8 13 24 25,否,,0%
3338,25122,倒数4期两球组合,30,最后1名,32 5,25123,31 8 13 24 25,否,,0%
3339,25122,倒数5期两球组合,30,第1名,8,25123,31 8 13 24 25,是,8,100.0%
3340,25122,倒数5期两球组合,30,最后1名,35 14 33 23 34,25123,31 8 13 24 25,否,,0%
3341,25122,最新一期两球组合,20,第1名,24,25123,31 8 13 24 25,是,24,100.0%
3342,25122,最新一期两球组合,20,最后1名,2 5 34 9 35,25123,31 8 13 24 25,否,,0%
3343,25122,倒数2期两球组合,20,第1名,17,25123,31 8 13 24 25,否,,0%
3344,25122,倒数2期两球组合,20,最后1名,19 24 15,25123,31 8 13 24 25,是,24,33.3%
3345,25122,倒数3期两球组合,20,第1名,2,25123,31 8 13 24 25,否,,0%
3346,25122,倒数3期两球组合,20,最后1名,29,25123,31 8 13 24 25,否,,0%
3347,25122,倒数4期两球组合,20,第1名,28,25123,31 8 13 24 25,否,,0%
3348,25122,倒数4期两球组合,20,最后1名,34 29,25123,31 8 13 24 25,否,,0%
3349,25122,倒数5期两球组合,20,第1名,26,25123,31 8 13 24 25,否,,0%
3350,25122,倒数5期两球组合,20,最后1名,7,25123,31 8 13 24 25,否,,0%
3351,25122,最新一期两球组合,10,第1名,1,25123,31 8 13 24 25,否,,0%
3352,25122,最新一期两球组合,10,最后1名,12,25123,31 8 13 24 25,否,,0%
3353,25122,倒数2期两球组合,10,第1名,16,25123,31 8 13 24 25,否,,0%
3354,25122,倒数2期两球组合,10,最后1名,4,25123,31 8 13 24 25,否,,0%
3355,25122,倒数3期两球组合,10,第1名,3,25123,31 8 13 24 25,否,,0%
3356,25122,倒数3期两球组合,10,最后1名,30 29 33,25123,31 8 13 24 25,否,,0%
3357,25122,倒数4期两球组合,10,第1名,16,25123,31 8 13 24 25,否,,0%
3358,25122,倒数4期两球组合,10,最后1名,32,25123,31 8 13 24 25,否,,0%
3359,25122,倒数5期两球组合,10,第1名,19,25123,31 8 13 24 25,否,,0%
3360,25122,倒数5期两球组合,10,最后1名,23 33 34 18,25123,31 8 13 24 25,否,,0%
3361,25121,最新一期两球组合,50,第1名,24,25122,6 3 2 16 17,否,,0%
3362,25121,最新一期两球组合,50,最后1名,10 34,25122,6 3 2 16 17,否,,0%
3363,25121,倒数2期两球组合,50,第1名,8,25122,6 3 2 16 17,否,,0%
3364,25121,倒数2期两球组合,50,最后1名,29,25122,6 3 2 16 17,否,,0%
3365,25121,倒数3期两球组合,50,第1名,15,25122,6 3 2 16 17,否,,0%
3366,25121,倒数3期两球组合,50,最后1名,11,25122,6 3 2 16 17,否,,0%
3367,25121,倒数4期两球组合,50,第1名,23,25122,6 3 2 16 17,否,,0%
3368,25121,倒数4期两球组合,50,最后1名,22,25122,6 3 2 16 17,否,,0%
3369,25121,倒数5期两球组合,50,第1名,14,25122,6 3 2 16 17,否,,0%
3370,25121,倒数5期两球组合,50,最后1名,32 22,25122,6 3 2 16 17,否,,0%
3371,25121,最新一期两球组合,30,第1名,2,25122,6 3 2 16 17,是,2,100.0%
3372,25121,最新一期两球组合,30,最后1名,35 4 26,25122,6 3 2 16 17,否,,0%
3373,25121,倒数2期两球组合,30,第1名,21,25122,6 3 2 16 17,否,,0%
3374,25121,倒数2期两球组合,30,最后1名,10 5,25122,6 3 2 16 17,否,,0%
3375,25121,倒数3期两球组合,30,第1名,15,25122,6 3 2 16 17,否,,0%
3376,25121,倒数3期两球组合,30,最后1名,23,25122,6 3 2 16 17,否,,0%
3377,25121,倒数4期两球组合,30,第1名,13,25122,6 3 2 16 17,否,,0%
3378,25121,倒数4期两球组合,30,最后1名,22,25122,6 3 2 16 17,否,,0%
3379,25121,倒数5期两球组合,30,第1名,21,25122,6 3 2 16 17,否,,0%
3380,25121,倒数5期两球组合,30,最后1名,22 35,25122,6 3 2 16 17,否,,0%
3381,25121,最新一期两球组合,20,第1名,13,25122,6 3 2 16 17,否,,0%
3382,25121,最新一期两球组合,20,最后1名,2,25122,6 3 2 16 17,是,2,100.0%
3383,25121,倒数2期两球组合,20,第1名,8,25122,6 3 2 16 17,否,,0%
3384,25121,倒数2期两球组合,20,最后1名,14,25122,6 3 2 16 17,否,,0%
3385,25121,倒数3期两球组合,20,第1名,27,25122,6 3 2 16 17,否,,0%
3386,25121,倒数3期两球组合,20,最后1名,11 23,25122,6 3 2 16 17,否,,0%
3387,25121,倒数4期两球组合,20,第1名,13,25122,6 3 2 16 17,否,,0%
3388,25121,倒数4期两球组合,20,最后1名,22 34 14,25122,6 3 2 16 17,否,,0%
3389,25121,倒数5期两球组合,20,第1名,2,25122,6 3 2 16 17,是,2,100.0%
3390,25121,倒数5期两球组合,20,最后1名,33 29,25122,6 3 2 16 17,否,,0%
3391,25121,最新一期两球组合,10,第1名,27,25122,6 3 2 16 17,否,,0%
3392,25121,最新一期两球组合,10,最后1名,24 12,25122,6 3 2 16 17,否,,0%
3393,25121,倒数2期两球组合,10,第1名,13,25122,6 3 2 16 17,否,,0%
3394,25121,倒数2期两球组合,10,最后1名,16,25122,6 3 2 16 17,是,16,100.0%
3395,25121,倒数3期两球组合,10,第1名,27,25122,6 3 2 16 17,否,,0%
3396,25121,倒数3期两球组合,10,最后1名,29 23 2,25122,6 3 2 16 17,是,2,33.3%
3397,25121,倒数4期两球组合,10,第1名,13,25122,6 3 2 16 17,否,,0%
3398,25121,倒数4期两球组合,10,最后1名,22 6,25122,6 3 2 16 17,是,6,50.0%
3399,25121,倒数5期两球组合,10,第1名,21,25122,6 3 2 16 17,否,,0%
3400,25121,倒数5期两球组合,10,最后1名,1 6 11 18 31,25122,6 3 2 16 17,是,6,20.0%
3401,25120,最新一期两球组合,50,第1名,12,25121,13 8 3 2 21,否,,0%
3402,25120,最新一期两球组合,50,最后1名,19,25121,13 8 3 2 21,否,,0%
3403,25120,倒数2期两球组合,50,第1名,26,25121,13 8 3 2 21,否,,0%
3404,25120,倒数2期两球组合,50,最后1名,32,25121,13 8 3 2 21,否,,0%
3405,25120,倒数3期两球组合,50,第1名,33,25121,13 8 3 2 21,否,,0%
3406,25120,倒数3期两球组合,50,最后1名,30,25121,13 8 3 2 21,否,,0%
3407,25120,倒数4期两球组合,50,第1名,13,25121,13 8 3 2 21,是,13,100.0%
3408,25120,倒数4期两球组合,50,最后1名,4,25121,13 8 3 2 21,否,,0%
3409,25120,倒数5期两球组合,50,第1名,22,25121,13 8 3 2 21,否,,0%
3410,25120,倒数5期两球组合,50,最后1名,33 27,25121,13 8 3 2 21,否,,0%
3411,25120,最新一期两球组合,30,第1名,5,25121,13 8 3 2 21,否,,0%
3412,25120,最新一期两球组合,30,最后1名,27 30 22,25121,13 8 3 2 21,否,,0%
3413,25120,倒数2期两球组合,30,第1名,19,25121,13 8 3 2 21,否,,0%
3414,25120,倒数2期两球组合,30,最后1名,20 6 4 17,25121,13 8 3 2 21,否,,0%
3415,25120,倒数3期两球组合,30,第1名,29,25121,13 8 3 2 21,否,,0%
3416,25120,倒数3期两球组合,30,最后1名,14,25121,13 8 3 2 21,否,,0%
3417,25120,倒数4期两球组合,30,第1名,13,25121,13 8 3 2 21,是,13,100.0%
3418,25120,倒数4期两球组合,30,最后1名,4,25121,13 8 3 2 21,否,,0%
3419,25120,倒数5期两球组合,30,第1名,35,25121,13 8 3 2 21,否,,0%
3420,25120,倒数5期两球组合,30,最后1名,6,25121,13 8 3 2 21,否,,0%
3421,25120,最新一期两球组合,20,第1名,6,25121,13 8 3 2 21,否,,0%
3422,25120,最新一期两球组合,20,最后1名,23 19 10,25121,13 8 3 2 21,否,,0%
3423,25120,倒数2期两球组合,20,第1名,26,25121,13 8 3 2 21,否,,0%
3424,25120,倒数2期两球组合,20,最后1名,6,25121,13 8 3 2 21,否,,0%
3425,25120,倒数3期两球组合,20,第1名,26,25121,13 8 3 2 21,否,,0%
3426,25120,倒数3期两球组合,20,最后1名,30 14,25121,13 8 3 2 21,否,,0%
3427,25120,倒数4期两球组合,20,第1名,34,25121,13 8 3 2 21,否,,0%
3428,25120,倒数4期两球组合,20,最后1名,4 29 19 12 18 28,25121,13 8 3 2 21,否,,0%
3429,25120,倒数5期两球组合,20,第1名,26,25121,13 8 3 2 21,否,,0%
3430,25120,倒数5期两球组合,20,最后1名,16,25121,13 8 3 2 21,否,,0%
3431,25120,最新一期两球组合,10,第1名,6,25121,13 8 3 2 21,否,,0%
3432,25120,最新一期两球组合,10,最后1名,10,25121,13 8 3 2 21,否,,0%
3433,25120,倒数2期两球组合,10,第1名,11,25121,13 8 3 2 21,否,,0%
3434,25120,倒数2期两球组合,10,最后1名,28 23,25121,13 8 3 2 21,否,,0%
3435,25120,倒数3期两球组合,10,第1名,26,25121,13 8 3 2 21,否,,0%
3436,25120,倒数3期两球组合,10,最后1名,30 3 23 14,25121,13 8 3 2 21,是,3,25.0%
3437,25120,倒数4期两球组合,10,第1名,35,25121,13 8 3 2 21,否,,0%
3438,25120,倒数4期两球组合,10,最后1名,4,25121,13 8 3 2 21,否,,0%
3439,25120,倒数5期两球组合,10,第1名,26,25121,13 8 3 2 21,否,,0%
3440,25120,倒数5期两球组合,10,最后1名,28 31 21,25121,13 8 3 2 21,是,21,33.3%
3441,25119,最新一期两球组合,50,第1名,26,25120,35 11 22 13 26,是,26,100.0%
3442,25119,最新一期两球组合,50,最后1名,7 33,25120,35 11 22 13 26,否,,0%
3443,25119,倒数2期两球组合,50,第1名,8,25120,35 11 22 13 26,否,,0%
3444,25119,倒数2期两球组合,50,最后1名,2,25120,35 11 22 13 26,否,,0%
3445,25119,倒数3期两球组合,50,第1名,31,25120,35 11 22 13 26,否,,0%
3446,25119,倒数3期两球组合,50,最后1名,32 28,25120,35 11 22 13 26,否,,0%
3447,25119,倒数4期两球组合,50,第1名,31,25120,35 11 22 13 26,否,,0%
3448,25119,倒数4期两球组合,50,最后1名,5 28,25120,35 11 22 13 26,否,,0%
3449,25119,倒数5期两球组合,50,第1名,13,25120,35 11 22 13 26,是,13,100.0%
3450,25119,倒数5期两球组合,50,最后1名,29 4,25120,35 11 22 13 26,否,,0%
3451,25119,最新一期两球组合,30,第1名,26,25120,35 11 22 13 26,是,26,100.0%
3452,25119,最新一期两球组合,30,最后1名,29 7 33 20,25120,35 11 22 13 26,否,,0%
3453,25119,倒数2期两球组合,30,第1名,31,25120,35 11 22 13 26,否,,0%
3454,25119,倒数2期两球组合,30,最后1名,35 2,25120,35 11 22 13 26,是,35,50.0%
3455,25119,倒数3期两球组合,30,第1名,31,25120,35 11 22 13 26,否,,0%
3456,25119,倒数3期两球组合,30,最后1名,22,25120,35 11 22 13 26,是,22,100.0%
3457,25119,倒数4期两球组合,30,第1名,8,25120,35 11 22 13 26,否,,0%
3458,25119,倒数4期两球组合,30,最后1名,28,25120,35 11 22 13 26,否,,0%
3459,25119,倒数5期两球组合,30,第1名,24,25120,35 11 22 13 26,否,,0%
3460,25119,倒数5期两球组合,30,最后1名,18,25120,35 11 22 13 26,否,,0%
3461,25119,最新一期两球组合,20,第1名,3,25120,35 11 22 13 26,否,,0%
3462,25119,最新一期两球组合,20,最后1名,16,25120,35 11 22 13 26,否,,0%
3463,25119,倒数2期两球组合,20,第1名,8,25120,35 11 22 13 26,否,,0%
3464,25119,倒数2期两球组合,20,最后1名,2,25120,35 11 22 13 26,否,,0%
3465,25119,倒数3期两球组合,20,第1名,14,25120,35 11 22 13 26,否,,0%
3466,25119,倒数3期两球组合,20,最后1名,32 22,25120,35 11 22 13 26,是,22,50.0%
3467,25119,倒数4期两球组合,20,第1名,8,25120,35 11 22 13 26,否,,0%
3468,25119,倒数4期两球组合,20,最后1名,32 23 11 3,25120,35 11 22 13 26,是,11,25.0%
3469,25119,倒数5期两球组合,20,第1名,8,25120,35 11 22 13 26,否,,0%
3470,25119,倒数5期两球组合,20,最后1名,18,25120,35 11 22 13 26,否,,0%
3471,25119,最新一期两球组合,10,第1名,30,25120,35 11 22 13 26,否,,0%
3472,25119,最新一期两球组合,10,最后1名,16,25120,35 11 22 13 26,否,,0%
3473,25119,倒数2期两球组合,10,第1名,15,25120,35 11 22 13 26,否,,0%
3474,25119,倒数2期两球组合,10,最后1名,30,25120,35 11 22 13 26,否,,0%
3475,25119,倒数3期两球组合,10,第1名,8,25120,35 11 22 13 26,否,,0%
3476,25119,倒数3期两球组合,10,最后1名,22,25120,35 11 22 13 26,是,22,100.0%
3477,25119,倒数4期两球组合,10,第1名,8,25120,35 11 22 13 26,否,,0%
3478,25119,倒数4期两球组合,10,最后1名,32 28 21 3,25120,35 11 22 13 26,否,,0%
3479,25119,倒数5期两球组合,10,第1名,8,25120,35 11 22 13 26,否,,0%
3480,25119,倒数5期两球组合,10,最后1名,18 30,25120,35 11 22 13 26,否,,0%
3481,25118,最新一期两球组合,50,第1名,16,25119,29 15 8 31 27,否,,0%
3482,25118,最新一期两球组合,50,最后1名,2 21 29,25119,29 15 8 31 27,是,29,33.3%
3483,25118,倒数2期两球组合,50,第1名,26,25119,29 15 8 31 27,否,,0%
3484,25118,倒数2期两球组合,50,最后1名,3,25119,29 15 8 31 27,否,,0%
3485,25118,倒数3期两球组合,50,第1名,8,25119,29 15 8 31 27,是,8,100.0%
3486,25118,倒数3期两球组合,50,最后1名,29 15,25119,29 15 8 31 27,是,29 15,100.0%
3487,25118,倒数4期两球组合,50,第1名,16,25119,29 15 8 31 27,否,,0%
3488,25118,倒数4期两球组合,50,最后1名,5,25119,29 15 8 31 27,否,,0%
3489,25118,倒数5期两球组合,50,第1名,2,25119,29 15 8 31 27,否,,0%
3490,25118,倒数5期两球组合,50,最后1名,34 6,25119,29 15 8 31 27,否,,0%
3491,25118,最新一期两球组合,30,第1名,16,25119,29 15 8 31 27,否,,0%
3492,25118,最新一期两球组合,30,最后1名,2 7 18,25119,29 15 8 31 27,否,,0%
3493,25118,倒数2期两球组合,30,第1名,12,25119,29 15 8 31 27,否,,0%
3494,25118,倒数2期两球组合,30,最后1名,17 27 3,25119,29 15 8 31 27,是,27,33.3%
3495,25118,倒数3期两球组合,30,第1名,32,25119,29 15 8 31 27,否,,0%
3496,25118,倒数3期两球组合,30,最后1名,22,25119,29 15 8 31 27,否,,0%
3497,25118,倒数4期两球组合,30,第1名,14,25119,29 15 8 31 27,否,,0%
3498,25118,倒数4期两球组合,30,最后1名,5,25119,29 15 8 31 27,否,,0%
3499,25118,倒数5期两球组合,30,第1名,9,25119,29 15 8 31 27,否,,0%
3500,25118,倒数5期两球组合,30,最后1名,34 33,25119,29 15 8 31 27,否,,0%
3501,25118,最新一期两球组合,20,第1名,29,25119,29 15 8 31 27,是,29,100.0%
3502,25118,最新一期两球组合,20,最后1名,15 24 25,25119,29 15 8 31 27,是,15,33.3%
3503,25118,倒数2期两球组合,20,第1名,1,25119,29 15 8 31 27,否,,0%
3504,25118,倒数2期两球组合,20,最后1名,3,25119,29 15 8 31 27,否,,0%
3505,25118,倒数3期两球组合,20,第1名,8,25119,29 15 8 31 27,是,8,100.0%
3506,25118,倒数3期两球组合,20,最后1名,6,25119,29 15 8 31 27,否,,0%
3507,25118,倒数4期两球组合,20,第1名,33,25119,29 15 8 31 27,否,,0%
3508,25118,倒数4期两球组合,20,最后1名,5 13 3,25119,29 15 8 31 27,否,,0%
3509,25118,倒数5期两球组合,20,第1名,26,25119,29 15 8 31 27,否,,0%
3510,25118,倒数5期两球组合,20,最后1名,34,25119,29 15 8 31 27,否,,0%
3511,25118,最新一期两球组合,10,第1名,11,25119,29 15 8 31 27,否,,0%
3512,25118,最新一期两球组合,10,最后1名,3 24 25,25119,29 15 8 31 27,否,,0%
3513,25118,倒数2期两球组合,10,第1名,12,25119,29 15 8 31 27,否,,0%
3514,25118,倒数2期两球组合,10,最后1名,3,25119,29 15 8 31 27,否,,0%
3515,25118,倒数3期两球组合,10,第1名,8,25119,29 15 8 31 27,是,8,100.0%
3516,25118,倒数3期两球组合,10,最后1名,24,25119,29 15 8 31 27,否,,0%
3517,25118,倒数4期两球组合,10,第1名,8,25119,29 15 8 31 27,是,8,100.0%
3518,25118,倒数4期两球组合,10,最后1名,5,25119,29 15 8 31 27,否,,0%
3519,25118,倒数5期两球组合,10,第1名,12,25119,29 15 8 31 27,否,,0%
3520,25118,倒数5期两球组合,10,最后1名,28 35 25 16 24,25119,29 15 8 31 27,否,,0%
3521,25117,最新一期两球组合,50,第1名,6,25118,8 12 21 9 2,否,,0%
3522,25117,最新一期两球组合,50,最后1名,2 30,25118,8 12 21 9 2,是,2,50.0%
3523,25117,倒数2期两球组合,50,第1名,26,25118,8 12 21 9 2,否,,0%
3524,25117,倒数2期两球组合,50,最后1名,18 6,25118,8 12 21 9 2,否,,0%
3525,25117,倒数3期两球组合,50,第1名,18,25118,8 12 21 9 2,否,,0%
3526,25117,倒数3期两球组合,50,最后1名,28 7 23,25118,8 12 21 9 2,否,,0%
3527,25117,倒数4期两球组合,50,第1名,21,25118,8 12 21 9 2,是,21,100.0%
3528,25117,倒数4期两球组合,50,最后1名,34,25118,8 12 21 9 2,否,,0%
3529,25117,倒数5期两球组合,50,第1名,1,25118,8 12 21 9 2,否,,0%
3530,25117,倒数5期两球组合,50,最后1名,22,25118,8 12 21 9 2,否,,0%
3531,25117,最新一期两球组合,30,第1名,25,25118,8 12 21 9 2,否,,0%
3532,25117,最新一期两球组合,30,最后1名,2,25118,8 12 21 9 2,是,2,100.0%
3533,25117,倒数2期两球组合,30,第1名,29,25118,8 12 21 9 2,否,,0%
3534,25117,倒数2期两球组合,30,最后1名,15,25118,8 12 21 9 2,否,,0%
3535,25117,倒数3期两球组合,30,第1名,10,25118,8 12 21 9 2,否,,0%
3536,25117,倒数3期两球组合,30,最后1名,34,25118,8 12 21 9 2,否,,0%
3537,25117,倒数4期两球组合,30,第1名,5,25118,8 12 21 9 2,否,,0%
3538,25117,倒数4期两球组合,30,最后1名,34 2,25118,8 12 21 9 2,是,2,50.0%
3539,25117,倒数5期两球组合,30,第1名,5,25118,8 12 21 9 2,否,,0%
3540,25117,倒数5期两球组合,30,最后1名,22 17 35 30 3,25118,8 12 21 9 2,否,,0%
3541,25117,最新一期两球组合,20,第1名,35,25118,8 12 21 9 2,否,,0%
3542,25117,最新一期两球组合,20,最后1名,22,25118,8 12 21 9 2,否,,0%
3543,25117,倒数2期两球组合,20,第1名,25,25118,8 12 21 9 2,否,,0%
3544,25117,倒数2期两球组合,20,最后1名,13,25118,8 12 21 9 2,否,,0%
3545,25117,倒数3期两球组合,20,第1名,5,25118,8 12 21 9 2,否,,0%
3546,25117,倒数3期两球组合,20,最后1名,11,25118,8 12 21 9 2,否,,0%
3547,25117,倒数4期两球组合,20,第1名,5,25118,8 12 21 9 2,否,,0%
3548,25117,倒数4期两球组合,20,最后1名,31,25118,8 12 21 9 2,否,,0%
3549,25117,倒数5期两球组合,20,第1名,5,25118,8 12 21 9 2,否,,0%
3550,25117,倒数5期两球组合,20,最后1名,22 35,25118,8 12 21 9 2,否,,0%
3551,25117,最新一期两球组合,10,第1名,12,25118,8 12 21 9 2,是,12,100.0%
3552,25117,最新一期两球组合,10,最后1名,2 14 28 9 22,25118,8 12 21 9 2,是,2 9,40.0%
3553,25117,倒数2期两球组合,10,第1名,10,25118,8 12 21 9 2,否,,0%
3554,25117,倒数2期两球组合,10,最后1名,15 33 22,25118,8 12 21 9 2,否,,0%
3555,25117,倒数3期两球组合,10,第1名,5,25118,8 12 21 9 2,否,,0%
3556,25117,倒数3期两球组合,10,最后1名,28 7 11 16,25118,8 12 21 9 2,否,,0%
3557,25117,倒数4期两球组合,10,第1名,18,25118,8 12 21 9 2,否,,0%
3558,25117,倒数4期两球组合,10,最后1名,34 28 33,25118,8 12 21 9 2,否,,0%
3559,25117,倒数5期两球组合,10,第1名,10,25118,8 12 21 9 2,否,,0%
3560,25117,倒数5期两球组合,10,最后1名,17 35 4 3 20 25 28 21,25118,8 12 21 9 2,是,21,12.5%
3561,25116,最新一期两球组合,50,第1名,10,25117,29 10 21 5 18,是,10,100.0%
3562,25116,最新一期两球组合,50,最后1名,7 30 1 13,25117,29 10 21 5 18,否,,0%
3563,25116,倒数2期两球组合,50,第1名,6,25117,29 10 21 5 18,否,,0%
3564,25116,倒数2期两球组合,50,最后1名,23,25117,29 10 21 5 18,否,,0%
3565,25116,倒数3期两球组合,50,第1名,6,25117,29 10 21 5 18,否,,0%
3566,25116,倒数3期两球组合,50,最后1名,4,25117,29 10 21 5 18,否,,0%
3567,25116,倒数4期两球组合,50,第1名,8,25117,29 10 21 5 18,否,,0%
3568,25116,倒数4期两球组合,50,最后1名,28,25117,29 10 21 5 18,否,,0%
3569,25116,倒数5期两球组合,50,第1名,28,25117,29 10 21 5 18,否,,0%
3570,25116,倒数5期两球组合,50,最后1名,1 10 27 14,25117,29 10 21 5 18,是,10,25.0%
3571,25116,最新一期两球组合,30,第1名,16,25117,29 10 21 5 18,否,,0%
3572,25116,最新一期两球组合,30,最后1名,13,25117,29 10 21 5 18,否,,0%
3573,25116,倒数2期两球组合,30,第1名,9,25117,29 10 21 5 18,否,,0%
3574,25116,倒数2期两球组合,30,最后1名,28,25117,29 10 21 5 18,否,,0%
3575,25116,倒数3期两球组合,30,第1名,6,25117,29 10 21 5 18,否,,0%
3576,25116,倒数3期两球组合,30,最后1名,30,25117,29 10 21 5 18,否,,0%
3577,25116,倒数4期两球组合,30,第1名,18,25117,29 10 21 5 18,是,18,100.0%
3578,25116,倒数4期两球组合,30,最后1名,28 30 12,25117,29 10 21 5 18,否,,0%
3579,25116,倒数5期两球组合,30,第1名,19,25117,29 10 21 5 18,否,,0%
3580,25116,倒数5期两球组合,30,最后1名,30 7,25117,29 10 21 5 18,否,,0%
3581,25116,最新一期两球组合,20,第1名,17,25117,29 10 21 5 18,否,,0%
3582,25116,最新一期两球组合,20,最后1名,13,25117,29 10 21 5 18,否,,0%
3583,25116,倒数2期两球组合,20,第1名,16,25117,29 10 21 5 18,否,,0%
3584,25116,倒数2期两球组合,20,最后1名,23 33 13 5,25117,29 10 21 5 18,是,5,25.0%
3585,25116,倒数3期两球组合,20,第1名,6,25117,29 10 21 5 18,否,,0%
3586,25116,倒数3期两球组合,20,最后1名,7 29 33,25117,29 10 21 5 18,是,29,33.3%
3587,25116,倒数4期两球组合,20,第1名,8,25117,29 10 21 5 18,否,,0%
3588,25116,倒数4期两球组合,20,最后1名,30,25117,29 10 21 5 18,否,,0%
3589,25116,倒数5期两球组合,20,第1名,2,25117,29 10 21 5 18,否,,0%
3590,25116,倒数5期两球组合,20,最后1名,30 34 7 3 4,25117,29 10 21 5 18,否,,0%
3591,25116,最新一期两球组合,10,第1名,22,25117,29 10 21 5 18,否,,0%
3592,25116,最新一期两球组合,10,最后1名,4 27,25117,29 10 21 5 18,否,,0%
3593,25116,倒数2期两球组合,10,第1名,22,25117,29 10 21 5 18,否,,0%
3594,25116,倒数2期两球组合,10,最后1名,25,25117,29 10 21 5 18,否,,0%
3595,25116,倒数3期两球组合,10,第1名,6,25117,29 10 21 5 18,否,,0%
3596,25116,倒数3期两球组合,10,最后1名,30,25117,29 10 21 5 18,否,,0%
3597,25116,倒数4期两球组合,10,第1名,2,25117,29 10 21 5 18,否,,0%
3598,25116,倒数4期两球组合,10,最后1名,30,25117,29 10 21 5 18,否,,0%
3599,25116,倒数5期两球组合,10,第1名,2,25117,29 10 21 5 18,否,,0%
3600,25116,倒数5期两球组合,10,最后1名,12 7 27 14 3 15,25117,29 10 21 5 18,否,,0%
3601,25115,最新一期两球组合,50,第1名,27,25116,16 2 29 6 22,否,,0%
3602,25115,最新一期两球组合,50,最后1名,17 28,25116,16 2 29 6 22,否,,0%
3603,25115,倒数2期两球组合,50,第1名,14,25116,16 2 29 6 22,否,,0%
3604,25115,倒数2期两球组合,50,最后1名,6,25116,16 2 29 6 22,是,6,100.0%
3605,25115,倒数3期两球组合,50,第1名,3,25116,16 2 29 6 22,否,,0%
3606,25115,倒数3期两球组合,50,最后1名,9,25116,16 2 29 6 22,否,,0%
3607,25115,倒数4期两球组合,50,第1名,10,25116,16 2 29 6 22,否,,0%
3608,25115,倒数4期两球组合,50,最后1名,7,25116,16 2 29 6 22,否,,0%
3609,25115,倒数5期两球组合,50,第1名,14,25116,16 2 29 6 22,否,,0%
3610,25115,倒数5期两球组合,50,最后1名,35,25116,16 2 29 6 22,否,,0%
3611,25115,最新一期两球组合,30,第1名,23,25116,16 2 29 6 22,否,,0%
3612,25115,最新一期两球组合,30,最后1名,17 35 19 13 25 26,25116,16 2 29 6 22,否,,0%
3613,25115,倒数2期两球组合,30,第1名,34,25116,16 2 29 6 22,否,,0%
3614,25115,倒数2期两球组合,30,最后1名,19 31 22 16,25116,16 2 29 6 22,是,22 16,50.0%
3615,25115,倒数3期两球组合,30,第1名,3,25116,16 2 29 6 22,否,,0%
3616,25115,倒数3期两球组合,30,最后1名,22 9 30,25116,16 2 29 6 22,是,22,33.3%
3617,25115,倒数4期两球组合,30,第1名,35,25116,16 2 29 6 22,否,,0%
3618,25115,倒数4期两球组合,30,最后1名,15,25116,16 2 29 6 22,否,,0%
3619,25115,倒数5期两球组合,30,第1名,14,25116,16 2 29 6 22,否,,0%
3620,25115,倒数5期两球组合,30,最后1名,1,25116,16 2 29 6 22,否,,0%
3621,25115,最新一期两球组合,20,第1名,3,25116,16 2 29 6 22,否,,0%
3622,25115,最新一期两球组合,20,最后1名,8,25116,16 2 29 6 22,否,,0%
3623,25115,倒数2期两球组合,20,第1名,34,25116,16 2 29 6 22,否,,0%
3624,25115,倒数2期两球组合,20,最后1名,6 24 16,25116,16 2 29 6 22,是,6 16,66.7%
3625,25115,倒数3期两球组合,20,第1名,3,25116,16 2 29 6 22,否,,0%
3626,25115,倒数3期两球组合,20,最后1名,29,25116,16 2 29 6 22,是,29,100.0%
3627,25115,倒数4期两球组合,20,第1名,35,25116,16 2 29 6 22,否,,0%
3628,25115,倒数4期两球组合,20,最后1名,22 8,25116,16 2 29 6 22,是,22,50.0%
3629,25115,倒数5期两球组合,20,第1名,14,25116,16 2 29 6 22,否,,0%
3630,25115,倒数5期两球组合,20,最后1名,2 5 1 33 34 32,25116,16 2 29 6 22,是,2,16.7%
3631,25115,最新一期两球组合,10,第1名,28,25116,16 2 29 6 22,否,,0%
3632,25115,最新一期两球组合,10,最后1名,25 32 10,25116,16 2 29 6 22,否,,0%
3633,25115,倒数2期两球组合,10,第1名,9,25116,16 2 29 6 22,否,,0%
3634,25115,倒数2期两球组合,10,最后1名,16,25116,16 2 29 6 22,是,16,100.0%
3635,25115,倒数3期两球组合,10,第1名,35,25116,16 2 29 6 22,否,,0%
3636,25115,倒数3期两球组合,10,最后1名,22 33 20 17,25116,16 2 29 6 22,是,22,25.0%
3637,25115,倒数4期两球组合,10,第1名,16,25116,16 2 29 6 22,是,16,100.0%
3638,25115,倒数4期两球组合,10,最后1名,34 1,25116,16 2 29 6 22,否,,0%
3639,25115,倒数5期两球组合,10,第1名,21,25116,16 2 29 6 22,否,,0%
3640,25115,倒数5期两球组合,10,最后1名,2 5 32 1 17,25116,16 2 29 6 22,是,2,20.0%
3641,25114,最新一期两球组合,50,第1名,33,25115,3 21 12 35 14,否,,0%
3642,25114,最新一期两球组合,50,最后1名,5 32 10 30 27,25115,3 21 12 35 14,否,,0%
3643,25114,倒数2期两球组合,50,第1名,9,25115,3 21 12 35 14,否,,0%
3644,25114,倒数2期两球组合,50,最后1名,17,25115,3 21 12 35 14,否,,0%
3645,25114,倒数3期两球组合,50,第1名,9,25115,3 21 12 35 14,否,,0%
3646,25114,倒数3期两球组合,50,最后1名,35,25115,3 21 12 35 14,是,35,100.0%
3647,25114,倒数4期两球组合,50,第1名,25,25115,3 21 12 35 14,否,,0%
3648,25114,倒数4期两球组合,50,最后1名,32,25115,3 21 12 35 14,否,,0%
3649,25114,倒数5期两球组合,50,第1名,32,25115,3 21 12 35 14,否,,0%
3650,25114,倒数5期两球组合,50,最后1名,7,25115,3 21 12 35 14,否,,0%
3651,25114,最新一期两球组合,30,第1名,20,25115,3 21 12 35 14,否,,0%
3652,25114,最新一期两球组合,30,最后1名,4,25115,3 21 12 35 14,否,,0%
3653,25114,倒数2期两球组合,30,第1名,9,25115,3 21 12 35 14,否,,0%
3654,25114,倒数2期两球组合,30,最后1名,22 33,25115,3 21 12 35 14,否,,0%
3655,25114,倒数3期两球组合,30,第1名,8,25115,3 21 12 35 14,否,,0%
3656,25114,倒数3期两球组合,30,最后1名,29 33,25115,3 21 12 35 14,否,,0%
3657,25114,倒数4期两球组合,30,第1名,3,25115,3 21 12 35 14,是,3,100.0%
3658,25114,倒数4期两球组合,30,最后1名,2,25115,3 21 12 35 14,否,,0%
3659,25114,倒数5期两球组合,30,第1名,12,25115,3 21 12 35 14,是,12,100.0%
3660,25114,倒数5期两球组合,30,最后1名,7 20,25115,3 21 12 35 14,否,,0%
3661,25114,最新一期两球组合,20,第1名,15,25115,3 21 12 35 14,否,,0%
3662,25114,最新一期两球组合,20,最后1名,5 11 2,25115,3 21 12 35 14,否,,0%
3663,25114,倒数2期两球组合,20,第1名,9,25115,3 21 12 35 14,否,,0%
3664,25114,倒数2期两球组合,20,最后1名,33 35 7,25115,3 21 12 35 14,是,35,33.3%
3665,25114,倒数3期两球组合,20,第1名,9,25115,3 21 12 35 14,否,,0%
3666,25114,倒数3期两球组合,20,最后1名,26 14 13,25115,3 21 12 35 14,是,14,33.3%
3667,25114,倒数4期两球组合,20,第1名,9,25115,3 21 12 35 14,否,,0%
3668,25114,倒数4期两球组合,20,最后1名,32 15 25,25115,3 21 12 35 14,否,,0%
3669,25114,倒数5期两球组合,20,第1名,12,25115,3 21 12 35 14,是,12,100.0%
3670,25114,倒数5期两球组合,20,最后1名,7 19 20 33 15 21 13 2,25115,3 21 12 35 14,是,21,12.5%
3671,25114,最新一期两球组合,10,第1名,21,25115,3 21 12 35 14,是,21,100.0%
3672,25114,最新一期两球组合,10,最后1名,2 17 19 24 16,25115,3 21 12 35 14,否,,0%
3673,25114,倒数2期两球组合,10,第1名,16,25115,3 21 12 35 14,否,,0%
3674,25114,倒数2期两球组合,10,最后1名,17,25115,3 21 12 35 14,否,,0%
3675,25114,倒数3期两球组合,10,第1名,8,25115,3 21 12 35 14,否,,0%
3676,25114,倒数3期两球组合,10,最后1名,29 7,25115,3 21 12 35 14,否,,0%
3677,25114,倒数4期两球组合,10,第1名,13,25115,3 21 12 35 14,否,,0%
3678,25114,倒数4期两球组合,10,最后1名,32,25115,3 21 12 35 14,否,,0%
3679,25114,倒数5期两球组合,10,第1名,9,25115,3 21 12 35 14,否,,0%
3680,25114,倒数5期两球组合,10,最后1名,7 20 19 21 2 11 14 31,25115,3 21 12 35 14,是,21 14,25.0%
3681,25113,最新一期两球组合,50,第1名,35,25114,16 12 8 3 9,否,,0%
3682,25113,最新一期两球组合,50,最后1名,14,25114,16 12 8 3 9,否,,0%
3683,25113,倒数2期两球组合,50,第1名,14,25114,16 12 8 3 9,否,,0%
3684,25113,倒数2期两球组合,50,最后1名,6,25114,16 12 8 3 9,否,,0%
3685,25113,倒数3期两球组合,50,第1名,18,25114,16 12 8 3 9,否,,0%
3686,25113,倒数3期两球组合,50,最后1名,29,25114,16 12 8 3 9,否,,0%
3687,25113,倒数4期两球组合,50,第1名,18,25114,16 12 8 3 9,否,,0%
3688,25113,倒数4期两球组合,50,最后1名,5 30 11,25114,16 12 8 3 9,否,,0%
3689,25113,倒数5期两球组合,50,第1名,9,25114,16 12 8 3 9,是,9,100.0%
3690,25113,倒数5期两球组合,50,最后1名,21,25114,16 12 8 3 9,否,,0%
3691,25113,最新一期两球组合,30,第1名,27,25114,16 12 8 3 9,否,,0%
3692,25113,最新一期两球组合,30,最后1名,5,25114,16 12 8 3 9,否,,0%
3693,25113,倒数2期两球组合,30,第1名,18,25114,16 12 8 3 9,否,,0%
3694,25113,倒数2期两球组合,30,最后1名,20 24,25114,16 12 8 3 9,否,,0%
3695,25113,倒数3期两球组合,30,第1名,14,25114,16 12 8 3 9,否,,0%
3696,25113,倒数3期两球组合,30,最后1名,4,25114,16 12 8 3 9,否,,0%
3697,25113,倒数4期两球组合,30,第1名,18,25114,16 12 8 3 9,否,,0%
3698,25113,倒数4期两球组合,30,最后1名,11,25114,16 12 8 3 9,否,,0%
3699,25113,倒数5期两球组合,30,第1名,28,25114,16 12 8 3 9,否,,0%
3700,25113,倒数5期两球组合,30,最后1名,27,25114,16 12 8 3 9,否,,0%
3701,25113,最新一期两球组合,20,第1名,27,25114,16 12 8 3 9,否,,0%
3702,25113,最新一期两球组合,20,最后1名,16,25114,16 12 8 3 9,是,16,100.0%
3703,25113,倒数2期两球组合,20,第1名,18,25114,16 12 8 3 9,否,,0%
3704,25113,倒数2期两球组合,20,最后1名,32 5 8 13 21 24,25114,16 12 8 3 9,是,8,16.7%
3705,25113,倒数3期两球组合,20,第1名,18,25114,16 12 8 3 9,否,,0%
3706,25113,倒数3期两球组合,20,最后1名,34,25114,16 12 8 3 9,否,,0%
3707,25113,倒数4期两球组合,20,第1名,14,25114,16 12 8 3 9,否,,0%
3708,25113,倒数4期两球组合,20,最后1名,30,25114,16 12 8 3 9,否,,0%
3709,25113,倒数5期两球组合,20,第1名,28,25114,16 12 8 3 9,否,,0%
3710,25113,倒数5期两球组合,20,最后1名,6 2 12 24 3,25114,16 12 8 3 9,是,12 3,40.0%
3711,25113,最新一期两球组合,10,第1名,26,25114,16 12 8 3 9,否,,0%
3712,25113,最新一期两球组合,10,最后1名,13,25114,16 12 8 3 9,否,,0%
3713,25113,倒数2期两球组合,10,第1名,18,25114,16 12 8 3 9,否,,0%
3714,25113,倒数2期两球组合,10,最后1名,24,25114,16 12 8 3 9,否,,0%
3715,25113,倒数3期两球组合,10,第1名,31,25114,16 12 8 3 9,否,,0%
3716,25113,倒数3期两球组合,10,最后1名,34 11 20 24 33,25114,16 12 8 3 9,否,,0%
3717,25113,倒数4期两球组合,10,第1名,14,25114,16 12 8 3 9,否,,0%
3718,25113,倒数4期两球组合,10,最后1名,20,25114,16 12 8 3 9,否,,0%
3719,25113,倒数5期两球组合,10,第1名,26,25114,16 12 8 3 9,否,,0%
3720,25113,倒数5期两球组合,10,最后1名,30 27 6 3 16,25114,16 12 8 3 9,是,3 16,40.0%
3721,25112,最新一期两球组合,50,第1名,7,25113,35 18 1 14 28,否,,0%
3722,25112,最新一期两球组合,50,最后1名,25,25113,35 18 1 14 28,否,,0%
3723,25112,倒数2期两球组合,50,第1名,4,25113,35 18 1 14 28,否,,0%
3724,25112,倒数2期两球组合,50,最后1名,27,25113,35 18 1 14 28,否,,0%
3725,25112,倒数3期两球组合,50,第1名,24,25113,35 18 1 14 28,否,,0%
3726,25112,倒数3期两球组合,50,最后1名,34,25113,35 18 1 14 28,否,,0%
3727,25112,倒数4期两球组合,50,第1名,16,25113,35 18 1 14 28,否,,0%
3728,25112,倒数4期两球组合,50,最后1名,29 20 11 3 4 27,25113,35 18 1 14 28,否,,0%
3729,25112,倒数5期两球组合,50,第1名,16,25113,35 18 1 14 28,否,,0%
3730,25112,倒数5期两球组合,50,最后1名,17,25113,35 18 1 14 28,否,,0%
3731,25112,最新一期两球组合,30,第1名,7,25113,35 18 1 14 28,否,,0%
3732,25112,最新一期两球组合,30,最后1名,35,25113,35 18 1 14 28,是,35,100.0%
3733,25112,倒数2期两球组合,30,第1名,21,25113,35 18 1 14 28,否,,0%
3734,25112,倒数2期两球组合,30,最后1名,33 27 22 26,25113,35 18 1 14 28,否,,0%
3735,25112,倒数3期两球组合,30,第1名,24,25113,35 18 1 14 28,否,,0%
3736,25112,倒数3期两球组合,30,最后1名,1 34 14 30,25113,35 18 1 14 28,是,1 14,50.0%
3737,25112,倒数4期两球组合,30,第1名,16,25113,35 18 1 14 28,否,,0%
3738,25112,倒数4期两球组合,30,最后1名,11 3,25113,35 18 1 14 28,否,,0%
3739,25112,倒数5期两球组合,30,第1名,24,25113,35 18 1 14 28,否,,0%
3740,25112,倒数5期两球组合,30,最后1名,5 17,25113,35 18 1 14 28,否,,0%
3741,25112,最新一期两球组合,20,第1名,1,25113,35 18 1 14 28,是,1,100.0%
3742,25112,最新一期两球组合,20,最后1名,17 6 25,25113,35 18 1 14 28,否,,0%
3743,25112,倒数2期两球组合,20,第1名,21,25113,35 18 1 14 28,否,,0%
3744,25112,倒数2期两球组合,20,最后1名,20 27 1,25113,35 18 1 14 28,是,1,33.3%
3745,25112,倒数3期两球组合,20,第1名,13,25113,35 18 1 14 28,否,,0%
3746,25112,倒数3期两球组合,20,最后1名,34,25113,35 18 1 14 28,否,,0%
3747,25112,倒数4期两球组合,20,第1名,1,25113,35 18 1 14 28,是,1,100.0%
3748,25112,倒数4期两球组合,20,最后1名,35,25113,35 18 1 14 28,是,35,100.0%
3749,25112,倒数5期两球组合,20,第1名,13,25113,35 18 1 14 28,否,,0%
3750,25112,倒数5期两球组合,20,最后1名,8 19 35,25113,35 18 1 14 28,是,35,33.3%
3751,25112,最新一期两球组合,10,第1名,2,25113,35 18 1 14 28,否,,0%
3752,25112,最新一期两球组合,10,最后1名,4 3,25113,35 18 1 14 28,否,,0%
3753,25112,倒数2期两球组合,10,第1名,21,25113,35 18 1 14 28,否,,0%
3754,25112,倒数2期两球组合,10,最后1名,33 27 15 29 17 32 11 28,25113,35 18 1 14 28,是,28,12.5%
3755,25112,倒数3期两球组合,10,第1名,3,25113,35 18 1 14 28,否,,0%
3756,25112,倒数3期两球组合,10,最后1名,1 26 7 14 9 32,25113,35 18 1 14 28,是,1 14,33.3%
3757,25112,倒数4期两球组合,10,第1名,21,25113,35 18 1 14 28,否,,0%
3758,25112,倒数4期两球组合,10,最后1名,35 22 34,25113,35 18 1 14 28,是,35,33.3%
3759,25112,倒数5期两球组合,10,第1名,21,25113,35 18 1 14 28,否,,0%
3760,25112,倒数5期两球组合,10,最后1名,29 27 11 14,25113,35 18 1 14 28,是,14,25.0%
3761,25111,最新一期两球组合,50,第1名,6,25112,23 3 21 4 24,否,,0%
3762,25111,最新一期两球组合,50,最后1名,29,25112,23 3 21 4 24,否,,0%
3763,25111,倒数2期两球组合,50,第1名,34,25112,23 3 21 4 24,否,,0%
3764,25111,倒数2期两球组合,50,最后1名,35 15,25112,23 3 21 4 24,否,,0%
3765,25111,倒数3期两球组合,50,第1名,21,25112,23 3 21 4 24,是,21,100.0%
3766,25111,倒数3期两球组合,50,最后1名,29 20,25112,23 3 21 4 24,否,,0%
3767,25111,倒数4期两球组合,50,第1名,21,25112,23 3 21 4 24,是,21,100.0%
3768,25111,倒数4期两球组合,50,最后1名,1,25112,23 3 21 4 24,否,,0%
3769,25111,倒数5期两球组合,50,第1名,14,25112,23 3 21 4 24,否,,0%
3770,25111,倒数5期两球组合,50,最后1名,20,25112,23 3 21 4 24,否,,0%
3771,25111,最新一期两球组合,30,第1名,9,25112,23 3 21 4 24,否,,0%
3772,25111,最新一期两球组合,30,最后1名,14,25112,23 3 21 4 24,否,,0%
3773,25111,倒数2期两球组合,30,第1名,33,25112,23 3 21 4 24,否,,0%
3774,25111,倒数2期两球组合,30,最后1名,29,25112,23 3 21 4 24,否,,0%
3775,25111,倒数3期两球组合,30,第1名,21,25112,23 3 21 4 24,是,21,100.0%
3776,25111,倒数3期两球组合,30,最后1名,33,25112,23 3 21 4 24,否,,0%
3777,25111,倒数4期两球组合,30,第1名,26,25112,23 3 21 4 24,否,,0%
3778,25111,倒数4期两球组合,30,最后1名,33 22,25112,23 3 21 4 24,否,,0%
3779,25111,倒数5期两球组合,30,第1名,25,25112,23 3 21 4 24,否,,0%
3780,25111,倒数5期两球组合,30,最后1名,17,25112,23 3 21 4 24,否,,0%
3781,25111,最新一期两球组合,20,第1名,24,25112,23 3 21 4 24,是,24,100.0%
3782,25111,最新一期两球组合,20,最后1名,32,25112,23 3 21 4 24,否,,0%
3783,25111,倒数2期两球组合,20,第1名,9,25112,23 3 21 4 24,否,,0%
3784,25111,倒数2期两球组合,20,最后1名,29 18 34 8 3 15,25112,23 3 21 4 24,是,3,16.7%
3785,25111,倒数3期两球组合,20,第1名,21,25112,23 3 21 4 24,是,21,100.0%
3786,25111,倒数3期两球组合,20,最后1名,15,25112,23 3 21 4 24,否,,0%
3787,25111,倒数4期两球组合,20,第1名,26,25112,23 3 21 4 24,否,,0%
3788,25111,倒数4期两球组合,20,最后1名,33,25112,23 3 21 4 24,否,,0%
3789,25111,倒数5期两球组合,20,第1名,26,25112,23 3 21 4 24,否,,0%
3790,25111,倒数5期两球组合,20,最后1名,20 18 29,25112,23 3 21 4 24,否,,0%
3791,25111,最新一期两球组合,10,第1名,5,25112,23 3 21 4 24,否,,0%
3792,25111,最新一期两球组合,10,最后1名,14 11,25112,23 3 21 4 24,否,,0%
3793,25111,倒数2期两球组合,10,第1名,2,25112,23 3 21 4 24,否,,0%
3794,25111,倒数2期两球组合,10,最后1名,15,25112,23 3 21 4 24,否,,0%
3795,25111,倒数3期两球组合,10,第1名,26,25112,23 3 21 4 24,否,,0%
3796,25111,倒数3期两球组合,10,最后1名,29 33 6 31 17 25 27 13,25112,23 3 21 4 24,否,,0%
3797,25111,倒数4期两球组合,10,第1名,2,25112,23 3 21 4 24,否,,0%
3798,25111,倒数4期两球组合,10,最后1名,23 33 1 4 19 16,25112,23 3 21 4 24,是,23 4,33.3%
3799,25111,倒数5期两球组合,10,第1名,26,25112,23 3 21 4 24,否,,0%
3800,25111,倒数5期两球组合,10,最后1名,20,25112,23 3 21 4 24,否,,0%
3801,25110,最新一期两球组合,50,第1名,3,25111,2 21 9 14 26,否,,0%
3802,25110,最新一期两球组合,50,最后1名,19,25111,2 21 9 14 26,否,,0%
3803,25110,倒数2期两球组合,50,第1名,15,25111,2 21 9 14 26,否,,0%
3804,25110,倒数2期两球组合,50,最后1名,16,25111,2 21 9 14 26,否,,0%
3805,25110,倒数3期两球组合,50,第1名,19,25111,2 21 9 14 26,否,,0%
3806,25110,倒数3期两球组合,50,最后1名,5 24,25111,2 21 9 14 26,否,,0%
3807,25110,倒数4期两球组合,50,第1名,5,25111,2 21 9 14 26,否,,0%
3808,25110,倒数4期两球组合,50,最后1名,6 3,25111,2 21 9 14 26,否,,0%
3809,25110,倒数5期两球组合,50,第1名,4,25111,2 21 9 14 26,否,,0%
3810,25110,倒数5期两球组合,50,最后1名,31,25111,2 21 9 14 26,否,,0%
3811,25110,最新一期两球组合,30,第1名,32,25111,2 21 9 14 26,否,,0%
3812,25110,最新一期两球组合,30,最后1名,21,25111,2 21 9 14 26,是,21,100.0%
3813,25110,倒数2期两球组合,30,第1名,1,25111,2 21 9 14 26,否,,0%
3814,25110,倒数2期两球组合,30,最后1名,2,25111,2 21 9 14 26,是,2,100.0%
3815,25110,倒数3期两球组合,30,第1名,19,25111,2 21 9 14 26,否,,0%
3816,25110,倒数3期两球组合,30,最后1名,23,25111,2 21 9 14 26,否,,0%
3817,25110,倒数4期两球组合,30,第1名,1,25111,2 21 9 14 26,否,,0%
3818,25110,倒数4期两球组合,30,最后1名,22 27 23 17,25111,2 21 9 14 26,否,,0%
3819,25110,倒数5期两球组合,30,第1名,30,25111,2 21 9 14 26,否,,0%
3820,25110,倒数5期两球组合,30,最后1名,31,25111,2 21 9 14 26,否,,0%
3821,25110,最新一期两球组合,20,第1名,5,25111,2 21 9 14 26,否,,0%
3822,25110,最新一期两球组合,20,最后1名,29 9 19,25111,2 21 9 14 26,是,9,33.3%
3823,25110,倒数2期两球组合,20,第1名,18,25111,2 21 9 14 26,否,,0%
3824,25110,倒数2期两球组合,20,最后1名,5 19 23 28 17 16,25111,2 21 9 14 26,否,,0%
3825,25110,倒数3期两球组合,20,第1名,1,25111,2 21 9 14 26,否,,0%
3826,25110,倒数3期两球组合,20,最后1名,13 23,25111,2 21 9 14 26,否,,0%
3827,25110,倒数4期两球组合,20,第1名,35,25111,2 21 9 14 26,否,,0%
3828,25110,倒数4期两球组合,20,最后1名,20 13,25111,2 21 9 14 26,否,,0%
3829,25110,倒数5期两球组合,20,第1名,24,25111,2 21 9 14 26,否,,0%
3830,25110,倒数5期两球组合,20,最后1名,31 18 11,25111,2 21 9 14 26,否,,0%
3831,25110,最新一期两球组合,10,第1名,5,25111,2 21 9 14 26,否,,0%
3832,25110,最新一期两球组合,10,最后1名,12 10 9,25111,2 21 9 14 26,是,9,33.3%
3833,25110,倒数2期两球组合,10,第1名,1,25111,2 21 9 14 26,否,,0%
3834,25110,倒数2期两球组合,10,最后1名,27,25111,2 21 9 14 26,否,,0%
3835,25110,倒数3期两球组合,10,第1名,15,25111,2 21 9 14 26,否,,0%
3836,25110,倒数3期两球组合,10,最后1名,13 18 27 11 23 6 21,25111,2 21 9 14 26,是,21,14.3%
3837,25110,倒数4期两球组合,10,第1名,1,25111,2 21 9 14 26,否,,0%
3838,25110,倒数4期两球组合,10,最后1名,33,25111,2 21 9 14 26,否,,0%
3839,25110,倒数5期两球组合,10,第1名,30,25111,2 21 9 14 26,否,,0%
3840,25110,倒数5期两球组合,10,最后1名,31 11,25111,2 21 9 14 26,否,,0%
3841,25109,最新一期两球组合,50,第1名,1,25110,22 30 1 31 15,是,1,100.0%
3842,25109,最新一期两球组合,50,最后1名,17,25110,22 30 1 31 15,否,,0%
3843,25109,倒数2期两球组合,50,第1名,4,25110,22 30 1 31 15,否,,0%
3844,25109,倒数2期两球组合,50,最后1名,20 12,25110,22 30 1 31 15,否,,0%
3845,25109,倒数3期两球组合,50,第1名,8,25110,22 30 1 31 15,否,,0%
3846,25109,倒数3期两球组合,50,最后1名,6,25110,22 30 1 31 15,否,,0%
3847,25109,倒数4期两球组合,50,第1名,3,25110,22 30 1 31 15,否,,0%
3848,25109,倒数4期两球组合,50,最后1名,29 27,25110,22 30 1 31 15,否,,0%
3849,25109,倒数5期两球组合,50,第1名,28,25110,22 30 1 31 15,否,,0%
3850,25109,倒数5期两球组合,50,最后1名,19,25110,22 30 1 31 15,否,,0%
3851,25109,最新一期两球组合,30,第1名,25,25110,22 30 1 31 15,否,,0%
3852,25109,最新一期两球组合,30,最后1名,2 20,25110,22 30 1 31 15,否,,0%
3853,25109,倒数2期两球组合,30,第1名,4,25110,22 30 1 31 15,否,,0%
3854,25109,倒数2期两球组合,30,最后1名,23,25110,22 30 1 31 15,否,,0%
3855,25109,倒数3期两球组合,30,第1名,10,25110,22 30 1 31 15,否,,0%
3856,25109,倒数3期两球组合,30,最后1名,2,25110,22 30 1 31 15,否,,0%
3857,25109,倒数4期两球组合,30,第1名,8,25110,22 30 1 31 15,否,,0%
3858,25109,倒数4期两球组合,30,最后1名,29 2,25110,22 30 1 31 15,否,,0%
3859,25109,倒数5期两球组合,30,第1名,10,25110,22 30 1 31 15,否,,0%
3860,25109,倒数5期两球组合,30,最后1名,19,25110,22 30 1 31 15,否,,0%
3861,25109,最新一期两球组合,20,第1名,23,25110,22 30 1 31 15,否,,0%
3862,25109,最新一期两球组合,20,最后1名,2,25110,22 30 1 31 15,否,,0%
3863,25109,倒数2期两球组合,20,第1名,7,25110,22 30 1 31 15,否,,0%
3864,25109,倒数2期两球组合,20,最后1名,30 20 34 17 12,25110,22 30 1 31 15,是,30,20.0%
3865,25109,倒数3期两球组合,20,第1名,8,25110,22 30 1 31 15,否,,0%
3866,25109,倒数3期两球组合,20,最后1名,27 2 3 11 18,25110,22 30 1 31 15,否,,0%
3867,25109,倒数4期两球组合,20,第1名,5,25110,22 30 1 31 15,否,,0%
3868,25109,倒数4期两球组合,20,最后1名,29 1 24,25110,22 30 1 31 15,是,1,33.3%
3869,25109,倒数5期两球组合,20,第1名,26,25110,22 30 1 31 15,否,,0%
3870,25109,倒数5期两球组合,20,最后1名,7 13,25110,22 30 1 31 15,否,,0%
3871,25109,最新一期两球组合,10,第1名,29,25110,22 30 1 31 15,否,,0%
3872,25109,最新一期两球组合,10,最后1名,9 26 35,25110,22 30 1 31 15,否,,0%
3873,25109,倒数2期两球组合,10,第1名,10,25110,22 30 1 31 15,否,,0%
3874,25109,倒数2期两球组合,10,最后1名,17 18 12,25110,22 30 1 31 15,否,,0%
3875,25109,倒数3期两球组合,10,第1名,10,25110,22 30 1 31 15,否,,0%
3876,25109,倒数3期两球组合,10,最后1名,25 29 23 6,25110,22 30 1 31 15,否,,0%
3877,25109,倒数4期两球组合,10,第1名,30,25110,22 30 1 31 15,是,30,100.0%
3878,25109,倒数4期两球组合,10,最后1名,7,25110,22 30 1 31 15,否,,0%
3879,25109,倒数5期两球组合,10,第1名,26,25110,22 30 1 31 15,否,,0%
3880,25109,倒数5期两球组合,10,最后1名,19 7 33 17,25110,22 30 1 31 15,否,,0%
3881,25108,最新一期两球组合,50,第1名,24,25109,26 8 4 13 10,否,,0%
3882,25108,最新一期两球组合,50,最后1名,25 35,25109,26 8 4 13 10,否,,0%
3883,25108,倒数2期两球组合,50,第1名,14,25109,26 8 4 13 10,否,,0%
3884,25108,倒数2期两球组合,50,最后1名,29 8,25109,26 8 4 13 10,是,8,50.0%
3885,25108,倒数3期两球组合,50,第1名,18,25109,26 8 4 13 10,否,,0%
3886,25108,倒数3期两球组合,50,最后1名,35,25109,26 8 4 13 10,否,,0%
3887,25108,倒数4期两球组合,50,第1名,27,25109,26 8 4 13 10,否,,0%
3888,25108,倒数4期两球组合,50,最后1名,29,25109,26 8 4 13 10,否,,0%
3889,25108,倒数5期两球组合,50,第1名,18,25109,26 8 4 13 10,否,,0%
3890,25108,倒数5期两球组合,50,最后1名,4,25109,26 8 4 13 10,是,4,100.0%
3891,25108,最新一期两球组合,30,第1名,10,25109,26 8 4 13 10,是,10,100.0%
3892,25108,最新一期两球组合,30,最后1名,30 25 23,25109,26 8 4 13 10,否,,0%
3893,25108,倒数2期两球组合,30,第1名,5,25109,26 8 4 13 10,否,,0%
3894,25108,倒数2期两球组合,30,最后1名,7 29 1 2 4,25109,26 8 4 13 10,是,4,20.0%
3895,25108,倒数3期两球组合,30,第1名,18,25109,26 8 4 13 10,否,,0%
3896,25108,倒数3期两球组合,30,最后1名,6,25109,26 8 4 13 10,否,,0%
3897,25108,倒数4期两球组合,30,第1名,27,25109,26 8 4 13 10,否,,0%
3898,25108,倒数4期两球组合,30,最后1名,29 30,25109,26 8 4 13 10,否,,0%
3899,25108,倒数5期两球组合,30,第1名,19,25109,26 8 4 13 10,否,,0%
3900,25108,倒数5期两球组合,30,最后1名,28,25109,26 8 4 13 10,否,,0%
3901,25108,最新一期两球组合,20,第1名,8,25109,26 8 4 13 10,是,8,100.0%
3902,25108,最新一期两球组合,20,最后1名,7,25109,26 8 4 13 10,否,,0%
3903,25108,倒数2期两球组合,20,第1名,21,25109,26 8 4 13 10,否,,0%
3904,25108,倒数2期两球组合,20,最后1名,7 29 19 10,25109,26 8 4 13 10,是,10,25.0%
3905,25108,倒数3期两球组合,20,第1名,29,25109,26 8 4 13 10,否,,0%
3906,25108,倒数3期两球组合,20,最后1名,30 15 2,25109,26 8 4 13 10,否,,0%
3907,25108,倒数4期两球组合,20,第1名,12,25109,26 8 4 13 10,否,,0%
3908,25108,倒数4期两球组合,20,最后1名,21,25109,26 8 4 13 10,否,,0%
3909,25108,倒数5期两球组合,20,第1名,29,25109,26 8 4 13 10,否,,0%
3910,25108,倒数5期两球组合,20,最后1名,12,25109,26 8 4 13 10,否,,0%
3911,25108,最新一期两球组合,10,第1名,24,25109,26 8 4 13 10,否,,0%
3912,25108,最新一期两球组合,10,最后1名,7,25109,26 8 4 13 10,否,,0%
3913,25108,倒数2期两球组合,10,第1名,18,25109,26 8 4 13 10,否,,0%
3914,25108,倒数2期两球组合,10,最后1名,33 12 23 28,25109,26 8 4 13 10,否,,0%
3915,25108,倒数3期两球组合,10,第1名,21,25109,26 8 4 13 10,否,,0%
3916,25108,倒数3期两球组合,10,最后1名,30 8 34,25109,26 8 4 13 10,是,8,33.3%
3917,25108,倒数4期两球组合,10,第1名,15,25109,26 8 4 13 10,否,,0%
3918,25108,倒数4期两球组合,10,最后1名,30,25109,26 8 4 13 10,否,,0%
3919,25108,倒数5期两球组合,10,第1名,29,25109,26 8 4 13 10,否,,0%
3920,25108,倒数5期两球组合,10,最后1名,35 33 12,25109,26 8 4 13 10,否,,0%
3921,25107,最新一期两球组合,50,第1名,13,25108,21 29 24 18 14,否,,0%
3922,25107,最新一期两球组合,50,最后1名,21 18,25108,21 29 24 18 14,是,21 18,100.0%
3923,25107,倒数2期两球组合,50,第1名,6,25108,21 29 24 18 14,否,,0%
3924,25107,倒数2期两球组合,50,最后1名,30 16,25108,21 29 24 18 14,否,,0%
3925,25107,倒数3期两球组合,50,第1名,8,25108,21 29 24 18 14,否,,0%
3926,25107,倒数3期两球组合,50,最后1名,30,25108,21 29 24 18 14,否,,0%
3927,25107,倒数4期两球组合,50,第1名,34,25108,21 29 24 18 14,否,,0%
3928,25107,倒数4期两球组合,50,最后1名,35,25108,21 29 24 18 14,否,,0%
3929,25107,倒数5期两球组合,50,第1名,33,25108,21 29 24 18 14,否,,0%
3930,25107,倒数5期两球组合,50,最后1名,12 28 2 17,25108,21 29 24 18 14,否,,0%
3931,25107,最新一期两球组合,30,第1名,28,25108,21 29 24 18 14,否,,0%
3932,25107,最新一期两球组合,30,最后1名,7,25108,21 29 24 18 14,否,,0%
3933,25107,倒数2期两球组合,30,第1名,7,25108,21 29 24 18 14,否,,0%
3934,25107,倒数2期两球组合,30,最后1名,30 19 16,25108,21 29 24 18 14,否,,0%
3935,25107,倒数3期两球组合,30,第1名,8,25108,21 29 24 18 14,否,,0%
3936,25107,倒数3期两球组合,30,最后1名,30,25108,21 29 24 18 14,否,,0%
3937,25107,倒数4期两球组合,30,第1名,21,25108,21 29 24 18 14,是,21,100.0%
3938,25107,倒数4期两球组合,30,最后1名,35 32,25108,21 29 24 18 14,否,,0%
3939,25107,倒数5期两球组合,30,第1名,8,25108,21 29 24 18 14,否,,0%
3940,25107,倒数5期两球组合,30,最后1名,12,25108,21 29 24 18 14,否,,0%
3941,25107,最新一期两球组合,20,第1名,28,25108,21 29 24 18 14,否,,0%
3942,25107,最新一期两球组合,20,最后1名,7 15,25108,21 29 24 18 14,否,,0%
3943,25107,倒数2期两球组合,20,第1名,33,25108,21 29 24 18 14,否,,0%
3944,25107,倒数2期两球组合,20,最后1名,30,25108,21 29 24 18 14,否,,0%
3945,25107,倒数3期两球组合,20,第1名,8,25108,21 29 24 18 14,否,,0%
3946,25107,倒数3期两球组合,20,最后1名,30 33 19,25108,21 29 24 18 14,否,,0%
3947,25107,倒数4期两球组合,20,第1名,21,25108,21 29 24 18 14,是,21,100.0%
3948,25107,倒数4期两球组合,20,最后1名,29 28,25108,21 29 24 18 14,是,29,50.0%
3949,25107,倒数5期两球组合,20,第1名,7,25108,21 29 24 18 14,否,,0%
3950,25107,倒数5期两球组合,20,最后1名,20 12 34 28 26,25108,21 29 24 18 14,否,,0%
3951,25107,最新一期两球组合,10,第1名,24,25108,21 29 24 18 14,是,24,100.0%
3952,25107,最新一期两球组合,10,最后1名,7 9 18 4,25108,21 29 24 18 14,是,18,25.0%
3953,25107,倒数2期两球组合,10,第1名,15,25108,21 29 24 18 14,否,,0%
3954,25107,倒数2期两球组合,10,最后1名,16,25108,21 29 24 18 14,否,,0%
3955,25107,倒数3期两球组合,10,第1名,15,25108,21 29 24 18 14,否,,0%
3956,25107,倒数3期两球组合,10,最后1名,30 34 19,25108,21 29 24 18 14,否,,0%
3957,25107,倒数4期两球组合,10,第1名,8,25108,21 29 24 18 14,否,,0%
3958,25107,倒数4期两球组合,10,最后1名,22 23 3,25108,21 29 24 18 14,否,,0%
3959,25107,倒数5期两球组合,10,第1名,33,25108,21 29 24 18 14,否,,0%
3960,25107,倒数5期两球组合,10,最后1名,30,25108,21 29 24 18 14,否,,0%
3961,25106,最新一期两球组合,50,第1名,34,25107,5 7 8 15 33,否,,0%
3962,25106,最新一期两球组合,50,最后1名,26,25107,5 7 8 15 33,否,,0%
3963,25106,倒数2期两球组合,50,第1名,3,25107,5 7 8 15 33,否,,0%
3964,25106,倒数2期两球组合,50,最后1名,6 28,25107,5 7 8 15 33,否,,0%
3965,25106,倒数3期两球组合,50,第1名,6,25107,5 7 8 15 33,否,,0%
3966,25106,倒数3期两球组合,50,最后1名,7,25107,5 7 8 15 33,是,7,100.0%
3967,25106,倒数4期两球组合,50,第1名,32,25107,5 7 8 15 33,否,,0%
3968,25106,倒数4期两球组合,50,最后1名,3,25107,5 7 8 15 33,否,,0%
3969,25106,倒数5期两球组合,50,第1名,29,25107,5 7 8 15 33,否,,0%
3970,25106,倒数5期两球组合,50,最后1名,30,25107,5 7 8 15 33,否,,0%
3971,25106,最新一期两球组合,30,第1名,34,25107,5 7 8 15 33,否,,0%
3972,25106,最新一期两球组合,30,最后1名,30,25107,5 7 8 15 33,否,,0%
3973,25106,倒数2期两球组合,30,第1名,30,25107,5 7 8 15 33,否,,0%
3974,25106,倒数2期两球组合,30,最后1名,29 28,25107,5 7 8 15 33,否,,0%
3975,25106,倒数3期两球组合,30,第1名,6,25107,5 7 8 15 33,否,,0%
3976,25106,倒数3期两球组合,30,最后1名,30 7,25107,5 7 8 15 33,是,7,50.0%
3977,25106,倒数4期两球组合,30,第1名,32,25107,5 7 8 15 33,否,,0%
3978,25106,倒数4期两球组合,30,最后1名,1 5 18,25107,5 7 8 15 33,是,5,33.3%
3979,25106,倒数5期两球组合,30,第1名,29,25107,5 7 8 15 33,否,,0%
3980,25106,倒数5期两球组合,30,最后1名,30,25107,5 7 8 15 33,否,,0%
3981,25106,最新一期两球组合,20,第1名,21,25107,5 7 8 15 33,否,,0%
3982,25106,最新一期两球组合,20,最后1名,30,25107,5 7 8 15 33,否,,0%
3983,25106,倒数2期两球组合,20,第1名,3,25107,5 7 8 15 33,否,,0%
3984,25106,倒数2期两球组合,20,最后1名,34 29 9 4 24,25107,5 7 8 15 33,否,,0%
3985,25106,倒数3期两球组合,20,第1名,6,25107,5 7 8 15 33,否,,0%
3986,25106,倒数3期两球组合,20,最后1名,1,25107,5 7 8 15 33,否,,0%
3987,25106,倒数4期两球组合,20,第1名,32,25107,5 7 8 15 33,否,,0%
3988,25106,倒数4期两球组合,20,最后1名,1 5 2 33 34 16 12,25107,5 7 8 15 33,是,5 33,28.6%
3989,25106,倒数5期两球组合,20,第1名,29,25107,5 7 8 15 33,否,,0%
3990,25106,倒数5期两球组合,20,最后1名,6 32,25107,5 7 8 15 33,否,,0%
3991,25106,最新一期两球组合,10,第1名,25,25107,5 7 8 15 33,否,,0%
3992,25106,最新一期两球组合,10,最后1名,22 29 20,25107,5 7 8 15 33,否,,0%
3993,25106,倒数2期两球组合,10,第1名,6,25107,5 7 8 15 33,否,,0%
3994,25106,倒数2期两球组合,10,最后1名,35,25107,5 7 8 15 33,否,,0%
3995,25106,倒数3期两球组合,10,第1名,26,25107,5 7 8 15 33,否,,0%
3996,25106,倒数3期两球组合,10,最后1名,30 19 28 22 34 25 18 16,25107,5 7 8 15 33,否,,0%
3997,25106,倒数4期两球组合,10,第1名,21,25107,5 7 8 15 33,否,,0%
3998,25106,倒数4期两球组合,10,最后1名,3 18 1,25107,5 7 8 15 33,否,,0%
3999,25106,倒数5期两球组合,10,第1名,29,25107,5 7 8 15 33,否,,0%
4000,25106,倒数5期两球组合,10,最后1名,30,25107,5 7 8 15 33,否,,0%
4001,25105,最新一期两球组合,50,第1名,31,25106,5 6 11 26 29,否,,0%
4002,25105,最新一期两球组合,50,最后1名,14,25106,5 6 11 26 29,否,,0%
4003,25105,倒数2期两球组合,50,第1名,15,25106,5 6 11 26 29,否,,0%
4004,25105,倒数2期两球组合,50,最后1名,20,25106,5 6 11 26 29,否,,0%
4005,25105,倒数3期两球组合,50,第1名,32,25106,5 6 11 26 29,否,,0%
4006,25105,倒数3期两球组合,50,最后1名,12,25106,5 6 11 26 29,否,,0%
4007,25105,倒数4期两球组合,50,第1名,11,25106,5 6 11 26 29,是,11,100.0%
4008,25105,倒数4期两球组合,50,最后1名,35,25106,5 6 11 26 29,否,,0%
4009,25105,倒数5期两球组合,50,第1名,16,25106,5 6 11 26 29,否,,0%
4010,25105,倒数5期两球组合,50,最后1名,33,25106,5 6 11 26 29,否,,0%
4011,25105,最新一期两球组合,30,第1名,28,25106,5 6 11 26 29,否,,0%
4012,25105,最新一期两球组合,30,最后1名,30 33,25106,5 6 11 26 29,否,,0%
4013,25105,倒数2期两球组合,30,第1名,35,25106,5 6 11 26 29,否,,0%
4014,25105,倒数2期两球组合,30,最后1名,32,25106,5 6 11 26 29,否,,0%
4015,25105,倒数3期两球组合,30,第1名,16,25106,5 6 11 26 29,否,,0%
4016,25105,倒数3期两球组合,30,最后1名,12,25106,5 6 11 26 29,否,,0%
4017,25105,倒数4期两球组合,30,第1名,4,25106,5 6 11 26 29,否,,0%
4018,25105,倒数4期两球组合,30,最后1名,35,25106,5 6 11 26 29,否,,0%
4019,25105,倒数5期两球组合,30,第1名,16,25106,5 6 11 26 29,否,,0%
4020,25105,倒数5期两球组合,30,最后1名,33,25106,5 6 11 26 29,否,,0%
4021,25105,最新一期两球组合,20,第1名,28,25106,5 6 11 26 29,否,,0%
4022,25105,最新一期两球组合,20,最后1名,33 23,25106,5 6 11 26 29,否,,0%
4023,25105,倒数2期两球组合,20,第1名,25,25106,5 6 11 26 29,否,,0%
4024,25105,倒数2期两球组合,20,最后1名,6 1,25106,5 6 11 26 29,是,6,50.0%
4025,25105,倒数3期两球组合,20,第1名,25,25106,5 6 11 26 29,否,,0%
4026,25105,倒数3期两球组合,20,最后1名,20,25106,5 6 11 26 29,否,,0%
4027,25105,倒数4期两球组合,20,第1名,34,25106,5 6 11 26 29,否,,0%
4028,25105,倒数4期两球组合,20,最后1名,13,25106,5 6 11 26 29,否,,0%
4029,25105,倒数5期两球组合,20,第1名,16,25106,5 6 11 26 29,否,,0%
4030,25105,倒数5期两球组合,20,最后1名,33,25106,5 6 11 26 29,否,,0%
4031,25105,最新一期两球组合,10,第1名,21,25106,5 6 11 26 29,否,,0%
4032,25105,最新一期两球组合,10,最后1名,12 35,25106,5 6 11 26 29,否,,0%
4033,25105,倒数2期两球组合,10,第1名,25,25106,5 6 11 26 29,否,,0%
4034,25105,倒数2期两球组合,10,最后1名,32,25106,5 6 11 26 29,否,,0%
4035,25105,倒数3期两球组合,10,第1名,25,25106,5 6 11 26 29,否,,0%
4036,25105,倒数3期两球组合,10,最后1名,12 27 6 4,25106,5 6 11 26 29,是,6,25.0%
4037,25105,倒数4期两球组合,10,第1名,25,25106,5 6 11 26 29,否,,0%
4038,25105,倒数4期两球组合,10,最后1名,35,25106,5 6 11 26 29,否,,0%
4039,25105,倒数5期两球组合,10,第1名,25,25106,5 6 11 26 29,否,,0%
4040,25105,倒数5期两球组合,10,最后1名,30,25106,5 6 11 26 29,否,,0%
4041,25104,最新一期两球组合,50,第1名,35,25105,15 16 25 28 34,否,,0%
4042,25104,最新一期两球组合,50,最后1名,7 28 5 27,25105,15 16 25 28 34,是,28,25.0%
4043,25104,倒数2期两球组合,50,第1名,17,25105,15 16 25 28 34,否,,0%
4044,25104,倒数2期两球组合,50,最后1名,23,25105,15 16 25 28 34,否,,0%
4045,25104,倒数3期两球组合,50,第1名,24,25105,15 16 25 28 34,否,,0%
4046,25104,倒数3期两球组合,50,最后1名,19,25105,15 16 25 28 34,否,,0%
4047,25104,倒数4期两球组合,50,第1名,15,25105,15 16 25 28 34,是,15,100.0%
4048,25104,倒数4期两球组合,50,最后1名,34,25105,15 16 25 28 34,是,34,100.0%
4049,25104,倒数5期两球组合,50,第1名,19,25105,15 16 25 28 34,否,,0%
4050,25104,倒数5期两球组合,50,最后1名,7,25105,15 16 25 28 34,否,,0%
4051,25104,最新一期两球组合,30,第1名,35,25105,15 16 25 28 34,否,,0%
4052,25104,最新一期两球组合,30,最后1名,7 29,25105,15 16 25 28 34,否,,0%
4053,25104,倒数2期两球组合,30,第1名,2,25105,15 16 25 28 34,否,,0%
4054,25104,倒数2期两球组合,30,最后1名,11 20 15,25105,15 16 25 28 34,是,15,33.3%
4055,25104,倒数3期两球组合,30,第1名,23,25105,15 16 25 28 34,否,,0%
4056,25104,倒数3期两球组合,30,最后1名,15 35,25105,15 16 25 28 34,是,15,50.0%
4057,25104,倒数4期两球组合,30,第1名,6,25105,15 16 25 28 34,否,,0%
4058,25104,倒数4期两球组合,30,最后1名,34,25105,15 16 25 28 34,是,34,100.0%
4059,25104,倒数5期两球组合,30,第1名,34,25105,15 16 25 28 34,是,34,100.0%
4060,25104,倒数5期两球组合,30,最后1名,7,25105,15 16 25 28 34,否,,0%
4061,25104,最新一期两球组合,20,第1名,16,25105,15 16 25 28 34,是,16,100.0%
4062,25104,最新一期两球组合,20,最后1名,29 34,25105,15 16 25 28 34,是,34,50.0%
4063,25104,倒数2期两球组合,20,第1名,22,25105,15 16 25 28 34,否,,0%
4064,25104,倒数2期两球组合,20,最后1名,21,25105,15 16 25 28 34,否,,0%
4065,25104,倒数3期两球组合,20,第1名,8,25105,15 16 25 28 34,否,,0%
4066,25104,倒数3期两球组合,20,最后1名,27 31 34 35 21 17,25105,15 16 25 28 34,是,34,16.7%
4067,25104,倒数4期两球组合,20,第1名,15,25105,15 16 25 28 34,是,15,100.0%
4068,25104,倒数4期两球组合,20,最后1名,17,25105,15 16 25 28 34,否,,0%
4069,25104,倒数5期两球组合,20,第1名,34,25105,15 16 25 28 34,是,34,100.0%
4070,25104,倒数5期两球组合,20,最后1名,33 5,25105,15 16 25 28 34,否,,0%
4071,25104,最新一期两球组合,10,第1名,17,25105,15 16 25 28 34,否,,0%
4072,25104,最新一期两球组合,10,最后1名,7 13,25105,15 16 25 28 34,否,,0%
4073,25104,倒数2期两球组合,10,第1名,34,25105,15 16 25 28 34,是,34,100.0%
4074,25104,倒数2期两球组合,10,最后1名,18 27 7,25105,15 16 25 28 34,否,,0%
4075,25104,倒数3期两球组合,10,第1名,9,25105,15 16 25 28 34,否,,0%
4076,25104,倒数3期两球组合,10,最后1名,30 4,25105,15 16 25 28 34,否,,0%
4077,25104,倒数4期两球组合,10,第1名,23,25105,15 16 25 28 34,否,,0%
4078,25104,倒数4期两球组合,10,最后1名,34,25105,15 16 25 28 34,是,34,100.0%
4079,25104,倒数5期两球组合,10,第1名,34,25105,15 16 25 28 34,是,34,100.0%
4080,25104,倒数5期两球组合,10,最后1名,3,25105,15 16 25 28 34,否,,0%
4081,25103,最新一期两球组合,50,第1名,4,25104,2 6 9 22 34,否,,0%
4082,25103,最新一期两球组合,50,最后1名,35 13 34 14 17,25104,2 6 9 22 34,是,34,20.0%
4083,25103,倒数2期两球组合,50,第1名,19,25104,2 6 9 22 34,否,,0%
4084,25103,倒数2期两球组合,50,最后1名,28 7,25104,2 6 9 22 34,否,,0%
4085,25103,倒数3期两球组合,50,第1名,33,25104,2 6 9 22 34,否,,0%
4086,25103,倒数3期两球组合,50,最后1名,32 28,25104,2 6 9 22 34,否,,0%
4087,25103,倒数4期两球组合,50,第1名,5,25104,2 6 9 22 34,否,,0%
4088,25103,倒数4期两球组合,50,最后1名,26,25104,2 6 9 22 34,否,,0%
4089,25103,倒数5期两球组合,50,第1名,1,25104,2 6 9 22 34,否,,0%
4090,25103,倒数5期两球组合,50,最后1名,29,25104,2 6 9 22 34,否,,0%
4091,25103,最新一期两球组合,30,第1名,8,25104,2 6 9 22 34,否,,0%
4092,25103,最新一期两球组合,30,最后1名,5 35 29,25104,2 6 9 22 34,否,,0%
4093,25103,倒数2期两球组合,30,第1名,2,25104,2 6 9 22 34,是,2,100.0%
4094,25103,倒数2期两球组合,30,最后1名,29,25104,2 6 9 22 34,否,,0%
4095,25103,倒数3期两球组合,30,第1名,5,25104,2 6 9 22 34,否,,0%
4096,25103,倒数3期两球组合,30,最后1名,34 29 22,25104,2 6 9 22 34,是,34 22,66.7%
4097,25103,倒数4期两球组合,30,第1名,5,25104,2 6 9 22 34,否,,0%
4098,25103,倒数4期两球组合,30,最后1名,26,25104,2 6 9 22 34,否,,0%
4099,25103,倒数5期两球组合,30,第1名,34,25104,2 6 9 22 34,是,34,100.0%
4100,25103,倒数5期两球组合,30,最后1名,29 6,25104,2 6 9 22 34,是,6,50.0%
4101,25103,最新一期两球组合,20,第1名,2,25104,2 6 9 22 34,是,2,100.0%
4102,25103,最新一期两球组合,20,最后1名,29 12,25104,2 6 9 22 34,否,,0%
4103,25103,倒数2期两球组合,20,第1名,6,25104,2 6 9 22 34,是,6,100.0%
4104,25103,倒数2期两球组合,20,最后1名,7 22 20 4 3 25 23,25104,2 6 9 22 34,是,22,14.3%
4105,25103,倒数3期两球组合,20,第1名,8,25104,2 6 9 22 34,否,,0%
4106,25103,倒数3期两球组合,20,最后1名,29,25104,2 6 9 22 34,否,,0%
4107,25103,倒数4期两球组合,20,第1名,8,25104,2 6 9 22 34,否,,0%
4108,25103,倒数4期两球组合,20,最后1名,26 33,25104,2 6 9 22 34,否,,0%
4109,25103,倒数5期两球组合,20,第1名,32,25104,2 6 9 22 34,否,,0%
4110,25103,倒数5期两球组合,20,最后1名,29 5 14 10,25104,2 6 9 22 34,否,,0%
4111,25103,最新一期两球组合,10,第1名,23,25104,2 6 9 22 34,否,,0%
4112,25103,最新一期两球组合,10,最后1名,19 21 3 2 15,25104,2 6 9 22 34,是,2,20.0%
4113,25103,倒数2期两球组合,10,第1名,5,25104,2 6 9 22 34,否,,0%
4114,25103,倒数2期两球组合,10,最后1名,17,25104,2 6 9 22 34,否,,0%
4115,25103,倒数3期两球组合,10,第1名,5,25104,2 6 9 22 34,否,,0%
4116,25103,倒数3期两球组合,10,最后1名,29 12 14 20 10 13,25104,2 6 9 22 34,否,,0%
4117,25103,倒数4期两球组合,10,第1名,5,25104,2 6 9 22 34,否,,0%
4118,25103,倒数4期两球组合,10,最后1名,26,25104,2 6 9 22 34,否,,0%
4119,25103,倒数5期两球组合,10,第1名,32,25104,2 6 9 22 34,否,,0%
4120,25103,倒数5期两球组合,10,最后1名,29 12 15,25104,2 6 9 22 34,否,,0%
4121,25102,最新一期两球组合,50,第1名,28,25103,5 8 19 32 34,否,,0%
4122,25102,最新一期两球组合,50,最后1名,29 34 33 10 35 4,25103,5 8 19 32 34,是,34,16.7%
4123,25102,倒数2期两球组合,50,第1名,30,25103,5 8 19 32 34,否,,0%
4124,25102,倒数2期两球组合,50,最后1名,22 6,25103,5 8 19 32 34,否,,0%
4125,25102,倒数3期两球组合,50,第1名,14,25103,5 8 19 32 34,否,,0%
4126,25102,倒数3期两球组合,50,最后1名,22,25103,5 8 19 32 34,否,,0%
4127,25102,倒数4期两球组合,50,第1名,9,25103,5 8 19 32 34,否,,0%
4128,25102,倒数4期两球组合,50,最后1名,32,25103,5 8 19 32 34,是,32,100.0%
4129,25102,倒数5期两球组合,50,第1名,20,25103,5 8 19 32 34,否,,0%
4130,25102,倒数5期两球组合,50,最后1名,35,25103,5 8 19 32 34,否,,0%
4131,25102,最新一期两球组合,30,第1名,28,25103,5 8 19 32 34,否,,0%
4132,25102,最新一期两球组合,30,最后1名,1 2,25103,5 8 19 32 34,否,,0%
4133,25102,倒数2期两球组合,30,第1名,23,25103,5 8 19 32 34,否,,0%
4134,25102,倒数2期两球组合,30,最后1名,34 6 30,25103,5 8 19 32 34,是,34,33.3%
4135,25102,倒数3期两球组合,30,第1名,7,25103,5 8 19 32 34,否,,0%
4136,25102,倒数3期两球组合,30,最后1名,22 4 30 14,25103,5 8 19 32 34,否,,0%
4137,25102,倒数4期两球组合,30,第1名,35,25103,5 8 19 32 34,否,,0%
4138,25102,倒数4期两球组合,30,最后1名,3,25103,5 8 19 32 34,否,,0%
4139,25102,倒数5期两球组合,30,第1名,20,25103,5 8 19 32 34,否,,0%
4140,25102,倒数5期两球组合,30,最后1名,7 33 25 30 13 16 12,25103,5 8 19 32 34,否,,0%
4141,25102,最新一期两球组合,20,第1名,27,25103,5 8 19 32 34,否,,0%
4142,25102,最新一期两球组合,20,最后1名,2 24,25103,5 8 19 32 34,否,,0%
4143,25102,倒数2期两球组合,20,第1名,28,25103,5 8 19 32 34,否,,0%
4144,25102,倒数2期两球组合,20,最后1名,6 22,25103,5 8 19 32 34,否,,0%
4145,25102,倒数3期两球组合,20,第1名,28,25103,5 8 19 32 34,否,,0%
4146,25102,倒数3期两球组合,20,最后1名,32 3 34 1 25 31 20 12 2 17,25103,5 8 19 32 34,是,32 34,20.0%
4147,25102,倒数4期两球组合,20,第1名,9,25103,5 8 19 32 34,否,,0%
4148,25102,倒数4期两球组合,20,最后1名,3,25103,5 8 19 32 34,否,,0%
4149,25102,倒数5期两球组合,20,第1名,15,25103,5 8 19 32 34,否,,0%
4150,25102,倒数5期两球组合,20,最后1名,25,25103,5 8 19 32 34,否,,0%
4151,25102,最新一期两球组合,10,第1名,28,25103,5 8 19 32 34,否,,0%
4152,25102,最新一期两球组合,10,最后1名,29 21 11,25103,5 8 19 32 34,否,,0%
4153,25102,倒数2期两球组合,10,第1名,28,25103,5 8 19 32 34,否,,0%
4154,25102,倒数2期两球组合,10,最后1名,6,25103,5 8 19 32 34,否,,0%
4155,25102,倒数3期两球组合,10,第1名,28,25103,5 8 19 32 34,否,,0%
4156,25102,倒数3期两球组合,10,最后1名,21,25103,5 8 19 32 34,否,,0%
4157,25102,倒数4期两球组合,10,第1名,26,25103,5 8 19 32 34,否,,0%
4158,25102,倒数4期两球组合,10,最后1名,3,25103,5 8 19 32 34,否,,0%
4159,25102,倒数5期两球组合,10,第1名,13,25103,5 8 19 32 34,否,,0%
4160,25102,倒数5期两球组合,10,最后1名,35 33 3 12 1 24 14,25103,5 8 19 32 34,否,,0%
4161,25101,最新一期两球组合,50,第1名,26,25102,9 10 13 26 28,是,26,100.0%
4162,25101,最新一期两球组合,50,最后1名,31 35 29 27 5,25102,9 10 13 26 28,否,,0%
4163,25101,倒数2期两球组合,50,第1名,19,25102,9 10 13 26 28,否,,0%
4164,25101,倒数2期两球组合,50,最后1名,28,25102,9 10 13 26 28,是,28,100.0%
4165,25101,倒数3期两球组合,50,第1名,8,25102,9 10 13 26 28,否,,0%
4166,25101,倒数3期两球组合,50,最后1名,12 10 20,25102,9 10 13 26 28,是,10,33.3%
4167,25101,倒数4期两球组合,50,第1名,5,25102,9 10 13 26 28,否,,0%
4168,25101,倒数4期两球组合,50,最后1名,35 31,25102,9 10 13 26 28,否,,0%
4169,25101,倒数5期两球组合,50,第1名,26,25102,9 10 13 26 28,是,26,100.0%
4170,25101,倒数5期两球组合,50,最后1名,8,25102,9 10 13 26 28,否,,0%
4171,25101,最新一期两球组合,30,第1名,20,25102,9 10 13 26 28,否,,0%
4172,25101,最新一期两球组合,30,最后1名,23,25102,9 10 13 26 28,否,,0%
4173,25101,倒数2期两球组合,30,第1名,26,25102,9 10 13 26 28,是,26,100.0%
4174,25101,倒数2期两球组合,30,最后1名,17,25102,9 10 13 26 28,否,,0%
4175,25101,倒数3期两球组合,30,第1名,8,25102,9 10 13 26 28,否,,0%
4176,25101,倒数3期两球组合,30,最后1名,12 10 5,25102,9 10 13 26 28,是,10,33.3%
4177,25101,倒数4期两球组合,30,第1名,7,25102,9 10 13 26 28,否,,0%
4178,25101,倒数4期两球组合,30,最后1名,35,25102,9 10 13 26 28,否,,0%
4179,25101,倒数5期两球组合,30,第1名,16,25102,9 10 13 26 28,否,,0%
4180,25101,倒数5期两球组合,30,最后1名,21 6,25102,9 10 13 26 28,否,,0%
4181,25101,最新一期两球组合,20,第1名,7,25102,9 10 13 26 28,否,,0%
4182,25101,最新一期两球组合,20,最后1名,14,25102,9 10 13 26 28,否,,0%
4183,25101,倒数2期两球组合,20,第1名,19,25102,9 10 13 26 28,否,,0%
4184,25101,倒数2期两球组合,20,最后1名,28 3 33,25102,9 10 13 26 28,是,28,33.3%
4185,25101,倒数3期两球组合,20,第1名,26,25102,9 10 13 26 28,是,26,100.0%
4186,25101,倒数3期两球组合,20,最后1名,33 25 18 4 28 34 9,25102,9 10 13 26 28,是,28 9,28.6%
4187,25101,倒数4期两球组合,20,第1名,32,25102,9 10 13 26 28,否,,0%
4188,25101,倒数4期两球组合,20,最后1名,35,25102,9 10 13 26 28,否,,0%
4189,25101,倒数5期两球组合,20,第1名,16,25102,9 10 13 26 28,否,,0%
4190,25101,倒数5期两球组合,20,最后1名,29,25102,9 10 13 26 28,否,,0%
4191,25101,最新一期两球组合,10,第1名,6,25102,9 10 13 26 28,否,,0%
4192,25101,最新一期两球组合,10,最后1名,5,25102,9 10 13 26 28,否,,0%
4193,25101,倒数2期两球组合,10,第1名,32,25102,9 10 13 26 28,否,,0%
4194,25101,倒数2期两球组合,10,最后1名,28 3 30 11 34 20 23 13 10,25102,9 10 13 26 28,是,28 13 10,33.3%
4195,25101,倒数3期两球组合,10,第1名,8,25102,9 10 13 26 28,否,,0%
4196,25101,倒数3期两球组合,10,最后1名,31,25102,9 10 13 26 28,否,,0%
4197,25101,倒数4期两球组合,10,第1名,32,25102,9 10 13 26 28,否,,0%
4198,25101,倒数4期两球组合,10,最后1名,35,25102,9 10 13 26 28,否,,0%
4199,25101,倒数5期两球组合,10,第1名,19,25102,9 10 13 26 28,否,,0%
4200,25101,倒数5期两球组合,10,最后1名,34 35 14 27 17,25102,9 10 13 26 28,否,,0%
4201,25100,最新一期两球组合,50,第1名,26,25101,5 7 19 26 32,是,26,100.0%
4202,25100,最新一期两球组合,50,最后1名,34 7 25 29 15,25101,5 7 19 26 32,是,7,20.0%
4203,25100,倒数2期两球组合,50,第1名,19,25101,5 7 19 26 32,是,19,100.0%
4204,25100,倒数2期两球组合,50,最后1名,30 22,25101,5 7 19 26 32,否,,0%
4205,25100,倒数3期两球组合,50,第1名,31,25101,5 7 19 26 32,否,,0%
4206,25100,倒数3期两球组合,50,最后1名,27 6 21,25101,5 7 19 26 32,否,,0%
4207,25100,倒数4期两球组合,50,第1名,24,25101,5 7 19 26 32,否,,0%
4208,25100,倒数4期两球组合,50,最后1名,29,25101,5 7 19 26 32,否,,0%
4209,25100,倒数5期两球组合,50,第1名,35,25101,5 7 19 26 32,否,,0%
4210,25100,倒数5期两球组合,50,最后1名,18,25101,5 7 19 26 32,否,,0%
4211,25100,最新一期两球组合,30,第1名,8,25101,5 7 19 26 32,否,,0%
4212,25100,最新一期两球组合,30,最后1名,35 18,25101,5 7 19 26 32,否,,0%
4213,25100,倒数2期两球组合,30,第1名,29,25101,5 7 19 26 32,否,,0%
4214,25100,倒数2期两球组合,30,最后1名,32,25101,5 7 19 26 32,是,32,100.0%
4215,25100,倒数3期两球组合,30,第1名,26,25101,5 7 19 26 32,是,26,100.0%
4216,25100,倒数3期两球组合,30,最后1名,4 27,25101,5 7 19 26 32,否,,0%
4217,25100,倒数4期两球组合,30,第1名,18,25101,5 7 19 26 32,否,,0%
4218,25100,倒数4期两球组合,30,最后1名,19 22 23 15 26,25101,5 7 19 26 32,是,19 26,40.0%
4219,25100,倒数5期两球组合,30,第1名,32,25101,5 7 19 26 32,是,32,100.0%
4220,25100,倒数5期两球组合,30,最后1名,7,25101,5 7 19 26 32,是,7,100.0%
4221,25100,最新一期两球组合,20,第1名,12,25101,5 7 19 26 32,否,,0%
4222,25100,最新一期两球组合,20,最后1名,35 18 34 1 30 25 3 4,25101,5 7 19 26 32,否,,0%
4223,25100,倒数2期两球组合,20,第1名,34,25101,5 7 19 26 32,否,,0%
4224,25100,倒数2期两球组合,20,最后1名,22,25101,5 7 19 26 32,否,,0%
4225,25100,倒数3期两球组合,20,第1名,34,25101,5 7 19 26 32,否,,0%
4226,25100,倒数3期两球组合,20,最后1名,21 12,25101,5 7 19 26 32,否,,0%
4227,25100,倒数4期两球组合,20,第1名,35,25101,5 7 19 26 32,否,,0%
4228,25100,倒数4期两球组合,20,最后1名,7,25101,5 7 19 26 32,是,7,100.0%
4229,25100,倒数5期两球组合,20,第1名,26,25101,5 7 19 26 32,是,26,100.0%
4230,25100,倒数5期两球组合,20,最后1名,7,25101,5 7 19 26 32,是,7,100.0%
4231,25100,最新一期两球组合,10,第1名,12,25101,5 7 19 26 32,否,,0%
4232,25100,最新一期两球组合,10,最后1名,18 22 1 5 25 28 23 4 26,25101,5 7 19 26 32,是,5 26,22.2%
4233,25100,倒数2期两球组合,10,第1名,24,25101,5 7 19 26 32,否,,0%
4234,25100,倒数2期两球组合,10,最后1名,13 17 16 14 8,25101,5 7 19 26 32,否,,0%
4235,25100,倒数3期两球组合,10,第1名,32,25101,5 7 19 26 32,是,32,100.0%
4236,25100,倒数3期两球组合,10,最后1名,25 19 21 18 5 13,25101,5 7 19 26 32,是,19 5,33.3%
4237,25100,倒数4期两球组合,10,第1名,28,25101,5 7 19 26 32,否,,0%
4238,25100,倒数4期两球组合,10,最后1名,7,25101,5 7 19 26 32,是,7,100.0%
4239,25100,倒数5期两球组合,10,第1名,26,25101,5 7 19 26 32,是,26,100.0%
4240,25100,倒数5期两球组合,10,最后1名,15 7 6 11 27 21 25,25101,5 7 19 26 32,是,7,14.3%
4241,25099,最新一期两球组合,50,第1名,13,25100,26 28 32 34 35,否,,0%
4242,25099,最新一期两球组合,50,最后1名,26,25100,26 28 32 34 35,是,26,100.0%
4243,25099,倒数2期两球组合,50,第1名,12,25100,26 28 32 34 35,否,,0%
4244,25099,倒数2期两球组合,50,最后1名,30,25100,26 28 32 34 35,否,,0%
4245,25099,倒数3期两球组合,50,第1名,34,25100,26 28 32 34 35,是,34,100.0%
4246,25099,倒数3期两球组合,50,最后1名,18 10,25100,26 28 32 34 35,否,,0%
4247,25099,倒数4期两球组合,50,第1名,31,25100,26 28 32 34 35,否,,0%
4248,25099,倒数4期两球组合,50,最后1名,35 1 4 3,25100,26 28 32 34 35,是,35,25.0%
4249,25099,倒数5期两球组合,50,第1名,20,25100,26 28 32 34 35,否,,0%
4250,25099,倒数5期两球组合,50,最后1名,15 19 7 34,25100,26 28 32 34 35,是,34,25.0%
4251,25099,最新一期两球组合,30,第1名,19,25100,26 28 32 34 35,否,,0%
4252,25099,最新一期两球组合,30,最后1名,31 28,25100,26 28 32 34 35,是,28,50.0%
4253,25099,倒数2期两球组合,30,第1名,26,25100,26 28 32 34 35,是,26,100.0%
4254,25099,倒数2期两球组合,30,最后1名,21,25100,26 28 32 34 35,否,,0%
4255,25099,倒数3期两球组合,30,第1名,16,25100,26 28 32 34 35,否,,0%
4256,25099,倒数3期两球组合,30,最后1名,10,25100,26 28 32 34 35,否,,0%
4257,25099,倒数4期两球组合,30,第1名,2,25100,26 28 32 34 35,否,,0%
4258,25099,倒数4期两球组合,30,最后1名,11 24 3,25100,26 28 32 34 35,否,,0%
4259,25099,倒数5期两球组合,30,第1名,6,25100,26 28 32 34 35,否,,0%
4260,25099,倒数5期两球组合,30,最后1名,30,25100,26 28 32 34 35,否,,0%
4261,25099,最新一期两球组合,20,第1名,23,25100,26 28 32 34 35,否,,0%
4262,25099,最新一期两球组合,20,最后1名,30,25100,26 28 32 34 35,否,,0%
4263,25099,倒数2期两球组合,20,第1名,12,25100,26 28 32 34 35,否,,0%
4264,25099,倒数2期两球组合,20,最后1名,30,25100,26 28 32 34 35,否,,0%
4265,25099,倒数3期两球组合,20,第1名,2,25100,26 28 32 34 35,否,,0%
4266,25099,倒数3期两球组合,20,最后1名,20 31 27 8 13 26 24,25100,26 28 32 34 35,是,26,14.3%
4267,25099,倒数4期两球组合,20,第1名,26,25100,26 28 32 34 35,是,26,100.0%
4268,25099,倒数4期两球组合,20,最后1名,5 30,25100,26 28 32 34 35,否,,0%
4269,25099,倒数5期两球组合,20,第1名,32,25100,26 28 32 34 35,是,32,100.0%
4270,25099,倒数5期两球组合,20,最后1名,30,25100,26 28 32 34 35,否,,0%
4271,25099,最新一期两球组合,10,第1名,19,25100,26 28 32 34 35,否,,0%
4272,25099,最新一期两球组合,10,最后1名,34 17,25100,26 28 32 34 35,是,34,50.0%
4273,25099,倒数2期两球组合,10,第1名,16,25100,26 28 32 34 35,否,,0%
4274,25099,倒数2期两球组合,10,最后1名,30,25100,26 28 32 34 35,否,,0%
4275,25099,倒数3期两球组合,10,第1名,6,25100,26 28 32 34 35,否,,0%
4276,25099,倒数3期两球组合,10,最后1名,5 27 24,25100,26 28 32 34 35,否,,0%
4277,25099,倒数4期两球组合,10,第1名,16,25100,26 28 32 34 35,否,,0%
4278,25099,倒数4期两球组合,10,最后1名,35,25100,26 28 32 34 35,是,35,100.0%
4279,25099,倒数5期两球组合,10,第1名,26,25100,26 28 32 34 35,是,26,100.0%
4280,25099,倒数5期两球组合,10,最后1名,30 33 29 24 28 23 16 21,25100,26 28 32 34 35,是,28,12.5%
